index,clusters
0,3
1,2
2,0
3,1
4,1
5,3
6,1
7,0
8,0
9,1
10,0
11,2
12,1
13,1
14,1
15,0
16,0
17,0
18,1
19,1
20,0
21,3
22,2
23,1
24,3
25,1
26,0
27,1
28,1
29,2
30,4
31,4
32,4
33,0
34,1
35,3
36,3
37,1
38,0
39,1
40,3
41,0
42,2
43,4
44,4
45,4
46,4
47,1
48,1
49,3
50,0
51,0
52,0
53,2
54,2
55,2
56,0
57,4
58,0
59,0
60,4
61,2
62,3
63,2
64,3
65,1
66,3
67,0
68,4
69,3
70,2
71,0
72,0
73,2
74,2
75,4
76,2
77,0
78,2
79,2
80,0
81,1
82,4
83,1
84,2
85,2
86,1
87,2
88,0
89,4
90,0
91,0
92,4
93,0
94,0
95,1
96,0
97,0
98,2
99,1
100,4
101,0
102,2
103,0
104,2
105,4
106,4
107,2
108,2
109,0
110,2
111,2
112,0
113,0
114,1
115,1
116,1
117,2
118,0
119,2
120,2
121,3
122,3
123,0
124,1
125,3
126,1
127,4
128,3
129,1
130,0
131,3
132,4
133,0
134,0
135,0
136,0
137,0
138,3
139,4
140,3
141,3
142,4
143,3
144,2
145,4
146,1
147,2
148,2
149,1
150,3
151,2
152,0
153,1
154,2
155,1
156,0
157,2
158,3
159,2
160,4
161,2
162,0
163,1
164,3
165,0
166,4
167,2
168,4
169,4
170,1
171,1
172,1
173,1
174,1
175,1
176,3
177,3
178,0
179,3
180,2
181,2
182,0
183,4
184,0
185,0
186,1
187,1
188,2
189,0
190,0
191,2
192,3
193,2
194,1
195,0
196,0
197,1
198,1
199,2
200,0
201,1
202,2
203,4
204,0
205,1
206,3
207,4
208,0
209,0
210,1
211,2
212,0
213,0
214,0
215,3
216,0
217,1
218,1
219,4
220,0
221,3
222,2
223,0
224,3
225,0
226,3
227,3
228,4
229,3
230,1
231,3
232,0
233,0
234,3
235,3
236,3
237,1
238,0
239,0
240,3
241,0
242,3
243,1
244,0
245,3
246,4
247,4
248,3
249,2
250,0
251,3
252,4
253,3
254,1
255,4
256,0
257,3
258,0
259,1
260,0
261,0
262,3
263,0
264,3
265,2
266,0
267,1
268,0
269,3
270,1
271,0
272,3
273,2
274,2
275,3
276,2
277,1
278,1
279,1
280,3
281,2
282,1
283,2
284,1
285,3
286,3
287,3
288,4
289,1
290,0
291,0
292,2
293,3
294,2
295,2
296,0
297,0
298,0
299,2
300,0
301,0
302,3
303,3
304,0
305,1
306,0
307,1
308,2
309,3
310,0
311,0
312,2
313,3
314,2
315,3
316,1
317,1
318,4
319,0
320,0
321,2
322,2
323,3
324,2
325,4
326,3
327,4
328,0
329,0
330,0
331,4
332,0
333,0
334,3
335,3
336,1
337,4
338,2
339,1
340,0
341,2
342,1
343,1
344,1
345,1
346,3
347,2
348,2
349,0
350,0
351,3
352,4
353,4
354,3
355,0
356,4
357,3
358,1
359,2
360,0
361,1
362,3
363,0
364,3
365,0
366,3
367,1
368,3
369,3
370,1
371,0
372,4
373,3
374,0
375,3
376,0
377,1
378,2
379,0
380,4
381,2
382,1
383,0
384,0
385,1
386,4
387,0
388,0
389,3
390,3
391,3
392,4
393,0
394,0
395,0
396,0
397,2
398,3
399,4
400,2
401,4
402,3
403,3
404,3
405,3
406,4
407,3
408,2
409,3
410,1
411,0
412,3
413,0
414,4
415,3
416,4
417,3
418,2
419,0
420,0
421,2
422,2
423,3
424,1
425,3
426,1
427,2
428,3
429,2
430,0
431,2
432,0
433,3
434,2
435,1
436,3
437,4
438,4
439,4
440,3
441,0
442,4
443,0
444,0
445,0
446,3
447,4
448,0
449,2
450,3
451,3
452,1
453,0
454,4
455,1
456,0
457,3
458,3
459,0
460,3
461,2
462,0
463,2
464,4
465,1
466,0
467,0
468,4
469,0
470,4
471,4
472,4
473,4
474,1
475,3
476,4
477,0
478,0
479,0
480,2
481,0
482,0
483,3
484,4
485,3
486,0
487,1
488,1
489,0
490,1
491,2
492,0
493,0
494,4
495,3
496,0
497,3
498,3
499,0
500,0
501,3
502,3
503,0
504,2
505,3
506,0
507,0
508,2
509,0
510,2
511,4
512,3
513,2
514,1
515,4
516,0
517,0
518,2
519,4
520,2
521,0
522,0
523,0
524,0
525,4
526,3
527,0
528,0
529,2
530,4
531,2
532,0
533,0
534,4
535,2
536,1
537,1
538,2
539,1
540,4
541,3
542,4
543,3
544,0
545,0
546,2
547,2
548,0
549,2
550,3
551,0
552,3
553,3
554,0
555,4
556,0
557,2
558,0
559,0
560,0
561,2
562,3
563,4
564,0
565,1
566,3
567,4
568,4
569,2
570,3
571,4
572,0
573,1
574,3
575,0
576,0
577,3
578,4
579,1
580,4
581,2
582,3
583,0
584,3
585,2
586,1
587,2
588,3
589,0
590,0
591,0
592,4
593,0
594,3
595,0
596,0
597,0
598,2
599,3
600,4
601,0
602,0
603,0
604,0
605,0
606,0
607,4
608,2
609,0
610,0
611,4
612,1
613,0
614,4
615,1
616,0
617,3
618,0
619,0
620,3
621,3
622,0
623,4
624,2
625,3
626,3
627,3
628,2
629,3
630,3
631,1
632,1
633,0
634,0
635,0
636,0
637,4
638,0
639,2
640,0
641,2
642,0
643,0
644,2
645,1
646,0
647,2
648,2
649,4
650,3
651,4
652,1
653,3
654,4
655,0
656,2
657,0
658,1
659,2
660,0
661,0
662,2
663,3
664,1
665,1
666,4
667,0
668,1
669,0
670,1
671,1
672,0
673,4
674,1
675,1
676,3
677,0
678,0
679,0
680,0
681,3
682,0
683,2
684,0
685,3
686,4
687,0
688,3
689,4
690,0
691,1
692,0
693,2
694,3
695,3
696,2
697,0
698,0
699,3
700,3
701,3
702,0
703,0
704,4
705,2
706,4
707,1
708,0
709,4
710,0
711,1
712,3
713,2
714,4
715,0
716,4
717,3
718,1
719,0
720,1
721,3
722,2
723,1
724,0
725,1
726,1
727,4
728,0
729,2
730,4
731,3
732,0
733,0
734,4
735,1
736,1
737,2
738,0
739,3
740,0
741,0
742,2
743,3
744,4
745,3
746,0
747,0
748,2
749,0
750,1
751,2
752,2
753,2
754,3
755,4
756,3
757,3
758,4
759,2
760,2
761,3
762,2
763,2
764,2
765,1
766,0
767,1
768,0
769,2
770,3
771,2
772,1
773,1
774,0
775,0
776,1
777,0
778,3
779,3
780,0
781,0
782,1
783,3
784,1
785,1
786,3
787,2
788,0
789,0
790,0
791,0
792,2
793,0
794,3
795,2
796,4
797,4
798,1
799,0
800,2
801,2
802,0
803,3
804,2
805,1
806,0
807,4
808,0
809,0
810,1
811,0
812,0
813,4
814,3
815,4
816,2
817,4
818,0
819,1
820,0
821,2
822,4
823,3
824,1
825,1
826,4
827,0
828,3
829,3
830,3
831,2
832,4
833,3
834,0
835,1
836,0
837,3
838,1
839,4
840,3
841,0
842,1
843,0
844,0
845,0
846,1
847,0
848,2
849,0
850,0
851,4
852,0
853,4
854,4
855,2
856,4
857,0
858,0
859,2
860,0
861,3
862,0
863,0
864,4
865,1
866,0
867,3
868,0
869,0
870,1
871,3
872,0
873,4
874,0
875,2
876,3
877,0
878,3
879,0
880,2
881,3
882,0
883,4
884,2
885,2
886,0
887,2
888,3
889,1
890,4
891,0
892,0
893,4
894,4
895,3
896,3
897,3
898,4
899,0
900,2
901,1
902,4
903,2
904,3
905,2
906,3
907,0
908,2
909,0
910,2
911,4
912,4
913,1
914,3
915,4
916,2
917,0
918,0
919,3
920,0
921,0
922,2
923,1
924,4
925,0
926,1
927,0
928,4
929,2
930,0
931,4
932,0
933,0
934,0
935,4
936,3
937,0
938,4
939,3
940,0
941,0
942,3
943,0
944,3
945,1
946,1
947,4
948,4
949,1
950,0
951,2
952,4
953,0
954,0
955,3
956,3
957,2
958,0
959,0
960,1
961,4
962,1
963,4
964,3
965,0
966,2
967,1
968,1
969,2
970,0
971,2
972,0
973,4
974,0
975,1
976,0
977,0
978,0
979,0
980,2
981,0
982,4
983,0
984,4
985,0
986,3
987,3
988,2
989,2
990,4
991,4
992,0
993,3
994,0
995,0
996,0
997,2
998,3
999,2
1000,4
1001,3
1002,3
1003,2
1004,1
1005,2
1006,0
1007,4
1008,0
1009,3
1010,1
1011,4
1012,4
1013,3
1014,3
1015,0
1016,0
1017,0
1018,2
1019,1
1020,0
1021,1
1022,2
1023,0
1024,4
1025,2
1026,2
1027,4
1028,3
1029,3
1030,1
1031,1
1032,1
1033,0
1034,2
1035,4
1036,3
1037,3
1038,2
1039,0
1040,0
1041,2
1042,0
1043,2
1044,4
1045,2
1046,1
1047,4
1048,0
1049,3
1050,4
1051,4
1052,2
1053,2
1054,0
1055,2
1056,3
1057,3
1058,3
1059,4
1060,0
1061,4
1062,4
1063,0
1064,3
1065,3
1066,0
1067,3
1068,3
1069,0
1070,1
1071,3
1072,3
1073,2
1074,1
1075,2
1076,2
1077,3
1078,3
1079,1
1080,3
1081,0
1082,1
1083,3
1084,0
1085,0
1086,1
1087,1
1088,3
1089,1
1090,3
1091,0
1092,1
1093,4
1094,0
1095,2
1096,0
1097,2
1098,0
1099,1
1100,3
1101,0
1102,1
1103,1
1104,2
1105,1
1106,4
1107,3
1108,2
1109,0
1110,1
1111,3
1112,2
1113,4
1114,1
1115,0
1116,0
1117,4
1118,0
1119,0
1120,3
1121,0
1122,2
1123,0
1124,2
1125,2
1126,2
1127,4
1128,4
1129,3
1130,1
1131,2
1132,0
1133,0
1134,2
1135,1
1136,4
1137,4
1138,2
1139,0
1140,2
1141,1
1142,0
1143,0
1144,2
1145,0
1146,1
1147,0
1148,1
1149,0
1150,0
1151,0
1152,0
1153,0
1154,0
1155,3
1156,1
1157,1
1158,3
1159,4
1160,3
1161,3
1162,2
1163,0
1164,3
1165,0
1166,3
1167,0
1168,0
1169,3
1170,3
1171,4
1172,2
1173,2
1174,4
1175,0
1176,2
1177,0
1178,0
1179,3
1180,1
1181,0
1182,0
1183,4
1184,0
1185,2
1186,1
1187,4
1188,1
1189,0
1190,4
1191,3
1192,3
1193,1
1194,3
1195,4
1196,2
1197,3
1198,1
1199,0
1200,0
1201,3
1202,4
1203,0
1204,1
1205,2
1206,0
1207,2
1208,0
1209,0
1210,0
1211,1
1212,3
1213,0
1214,0
1215,2
1216,0
1217,0
1218,0
1219,2
1220,0
1221,2
1222,3
1223,2
1224,4
1225,2
1226,0
1227,2
1228,1
1229,0
1230,2
1231,2
1232,1
1233,1
1234,2
1235,1
1236,1
1237,2
1238,2
1239,0
1240,4
1241,0
1242,0
1243,0
1244,0
1245,2
1246,1
1247,3
1248,1
1249,0
1250,4
1251,3
1252,2
1253,1
1254,0
1255,0
1256,3
1257,4
1258,2
1259,2
1260,0
1261,0
1262,0
1263,0
1264,4
1265,0
1266,0
1267,0
1268,2
1269,0
1270,0
1271,4
1272,0
1273,2
1274,2
1275,0
1276,0
1277,3
1278,4
1279,0
1280,0
1281,0
1282,2
1283,4
1284,2
1285,3
1286,4
1287,1
1288,4
1289,4
1290,0
1291,3
1292,0
1293,0
1294,0
1295,3
1296,3
1297,0
1298,0
1299,0
1300,2
1301,1
1302,0
1303,0
1304,4
1305,2
1306,4
1307,3
1308,0
1309,0
1310,0
1311,0
1312,2
1313,2
1314,0
1315,0
1316,0
1317,2
1318,0
1319,0
1320,0
1321,4
1322,3
1323,3
1324,0
1325,1
1326,0
1327,3
1328,4
1329,2
1330,3
1331,0
1332,2
1333,3
1334,0
1335,0
1336,0
1337,0
1338,4
1339,0
1340,0
1341,0
1342,3
1343,1
1344,2
1345,4
1346,4
1347,0
1348,0
1349,0
1350,3
1351,0
1352,0
1353,0
1354,0
1355,4
1356,0
1357,3
1358,1
1359,3
1360,4
1361,3
1362,0
1363,1
1364,3
1365,0
1366,3
1367,1
1368,3
1369,1
1370,0
1371,0
1372,2
1373,1
1374,2
1375,0
1376,0
1377,1
1378,3
1379,4
1380,4
1381,0
1382,0
1383,3
1384,0
1385,3
1386,0
1387,0
1388,0
1389,4
1390,0
1391,1
1392,4
1393,0
1394,0
1395,3
1396,3
1397,0
1398,4
1399,4
1400,3
1401,0
1402,3
1403,3
1404,1
1405,0
1406,3
1407,0
1408,1
1409,0
1410,0
1411,1
1412,0
1413,0
1414,0
1415,0
1416,3
1417,0
1418,1
1419,4
1420,0
1421,2
1422,3
1423,1
1424,4
1425,2
1426,0
1427,0
1428,2
1429,4
1430,0
1431,3
1432,0
1433,3
1434,0
1435,0
1436,0
1437,0
1438,0
1439,4
1440,0
1441,0
1442,0
1443,0
1444,2
1445,0
1446,2
1447,4
1448,1
1449,3
1450,2
1451,2
1452,4
1453,0
1454,0
1455,0
1456,2
1457,3
1458,0
1459,0
1460,3
1461,0
1462,0
1463,0
1464,2
1465,4
1466,0
1467,0
1468,4
1469,0
1470,0
1471,0
1472,4
1473,1
1474,0
1475,4
1476,4
1477,0
1478,2
1479,1
1480,3
1481,3
1482,3
1483,3
1484,2
1485,0
1486,0
1487,2
1488,4
1489,1
1490,3
1491,4
1492,4
1493,4
1494,0
1495,4
1496,4
1497,0
1498,1
1499,3
1500,4
1501,3
1502,0
1503,1
1504,0
1505,1
1506,3
1507,4
1508,4
1509,4
1510,0
1511,3
1512,3
1513,0
1514,0
1515,0
1516,0
1517,2
1518,1
1519,0
1520,3
1521,0
1522,4
1523,0
1524,0
1525,2
1526,2
1527,0
1528,3
1529,3
1530,0
1531,2
1532,2
1533,4
1534,2
1535,4
1536,0
1537,4
1538,1
1539,4
1540,2
1541,0
1542,3
1543,2
1544,0
1545,2
1546,2
1547,0
1548,3
1549,0
1550,3
1551,1
1552,0
1553,0
1554,0
1555,4
1556,1
1557,4
1558,4
1559,2
1560,3
1561,0
1562,2
1563,0
1564,0
1565,0
1566,2
1567,2
1568,3
1569,3
1570,1
1571,2
1572,4
1573,2
1574,1
1575,2
1576,0
1577,0
1578,1
1579,0
1580,4
1581,0
1582,4
1583,0
1584,0
1585,0
1586,1
1587,0
1588,0
1589,2
1590,4
1591,4
1592,0
1593,4
1594,3
1595,1
1596,2
1597,4
1598,4
1599,4
1600,2
1601,1
1602,0
1603,1
1604,0
1605,4
1606,0
1607,4
1608,2
1609,0
1610,3
1611,0
1612,1
1613,1
1614,0
1615,4
1616,3
1617,2
1618,0
1619,2
1620,0
1621,1
1622,3
1623,2
1624,0
1625,3
1626,4
1627,2
1628,0
1629,1
1630,3
1631,0
1632,0
1633,2
1634,3
1635,0
1636,1
1637,3
1638,4
1639,4
1640,2
1641,0
1642,2
1643,4
1644,0
1645,0
1646,3
1647,2
1648,1
1649,0
1650,4
1651,4
1652,0
1653,0
1654,4
1655,4
1656,3
1657,0
1658,0
1659,3
1660,0
1661,4
1662,0
1663,0
1664,3
1665,2
1666,4
1667,1
1668,0
1669,2
1670,1
1671,4
1672,3
1673,0
1674,1
1675,3
1676,0
1677,3
1678,0
1679,1
1680,0
1681,0
1682,1
1683,3
1684,0
1685,1
1686,4
1687,0
1688,0
1689,0
1690,0
1691,2
1692,4
1693,0
1694,3
1695,0
1696,4
1697,4
1698,0
1699,2
1700,2
1701,3
1702,4
1703,4
1704,0
1705,3
1706,0
1707,0
1708,3
1709,1
1710,3
1711,0
1712,0
1713,0
1714,0
1715,3
1716,1
1717,1
1718,4
1719,0
1720,1
1721,2
1722,2
1723,0
1724,2
1725,1
1726,4
1727,1
1728,1
1729,0
1730,2
1731,3
1732,1
1733,2
1734,1
1735,0
1736,0
1737,1
1738,2
1739,0
1740,2
1741,2
1742,0
1743,1
1744,0
1745,4
1746,4
1747,0
1748,2
1749,3
1750,0
1751,0
1752,0
1753,3
1754,0
1755,2
1756,1
1757,4
1758,4
1759,2
1760,3
1761,4
1762,2
1763,1
1764,4
1765,0
1766,4
1767,0
1768,3
1769,0
1770,4
1771,2
1772,2
1773,0
1774,2
1775,2
1776,1
1777,0
1778,0
1779,3
1780,3
1781,4
1782,0
1783,0
1784,0
1785,3
1786,4
1787,0
1788,4
1789,2
1790,1
1791,3
1792,0
1793,0
1794,3
1795,2
1796,0
1797,3
1798,0
1799,3
1800,2
1801,4
1802,1
1803,2
1804,1
1805,2
1806,4
1807,0
1808,4
1809,1
1810,3
1811,1
1812,2
1813,0
1814,2
1815,3
1816,0
1817,0
1818,2
1819,3
1820,0
1821,0
1822,3
1823,4
1824,3
1825,0
1826,0
1827,0
1828,1
1829,0
1830,0
1831,2
1832,2
1833,3
1834,1
1835,0
1836,2
1837,1
1838,3
1839,0
1840,3
1841,4
1842,2
1843,1
1844,3
1845,0
1846,0
1847,4
1848,1
1849,1
1850,4
1851,0
1852,3
1853,3
1854,0
1855,1
1856,1
1857,3
1858,1
1859,4
1860,2
1861,0
1862,1
1863,0
1864,0
1865,2
1866,4
1867,0
1868,2
1869,0
1870,4
1871,0
1872,1
1873,1
1874,3
1875,4
1876,4
1877,0
1878,0
1879,3
1880,1
1881,1
1882,2
1883,0
1884,3
1885,0
1886,1
1887,3
1888,4
1889,3
1890,3
1891,0
1892,4
1893,2
1894,0
1895,2
1896,4
1897,4
1898,3
1899,4
1900,2
1901,0
1902,4
1903,0
1904,4
1905,4
1906,3
1907,4
1908,3
1909,0
1910,4
1911,0
1912,0
1913,4
1914,2
1915,3
1916,1
1917,4
1918,4
1919,4
1920,1
1921,0
1922,4
1923,4
1924,4
1925,0
1926,1
1927,4
1928,0
1929,4
1930,0
1931,3
1932,0
1933,3
1934,0
1935,0
1936,0
1937,0
1938,3
1939,1
1940,4
1941,0
1942,3
1943,4
1944,4
1945,0
1946,4
1947,2
1948,0
1949,0
1950,0
1951,2
1952,3
1953,2
1954,3
1955,1
1956,4
1957,0
1958,0
1959,0
1960,2
1961,3
1962,4
1963,0
1964,0
1965,0
1966,2
1967,4
1968,0
1969,3
1970,3
1971,3
1972,0
1973,0
1974,4
1975,2
1976,0
1977,0
1978,0
1979,3
1980,4
1981,1
1982,0
1983,3
1984,0
1985,0
1986,3
1987,4
1988,2
1989,2
1990,2
1991,2
1992,0
1993,3
1994,3
1995,0
1996,3
1997,0
1998,0
1999,4
2000,3
2001,3
2002,0
2003,4
2004,3
2005,2
2006,0
2007,2
2008,3
2009,3
2010,0
2011,0
2012,0
2013,3
2014,4
2015,4
2016,1
2017,1
2018,2
2019,3
2020,1
2021,2
2022,0
2023,3
2024,4
2025,2
2026,0
2027,1
2028,2
2029,0
2030,1
2031,0
2032,4
2033,1
2034,2
2035,3
2036,0
2037,1
2038,4
2039,0
2040,3
2041,2
2042,2
2043,0
2044,0
2045,3
2046,4
2047,3
2048,3
2049,4
2050,0
2051,0
2052,3
2053,3
2054,1
2055,0
2056,0
2057,4
2058,4
2059,0
2060,1
2061,2
2062,0
2063,2
2064,3
2065,3
2066,4
2067,0
2068,0
2069,0
2070,0
2071,2
2072,4
2073,1
2074,4
2075,0
2076,4
2077,2
2078,4
2079,4
2080,4
2081,4
2082,0
2083,0
2084,0
2085,2
2086,3
2087,1
2088,1
2089,3
2090,4
2091,3
2092,0
2093,4
2094,2
2095,4
2096,0
2097,1
2098,3
2099,1
2100,4
2101,0
2102,0
2103,0
2104,2
2105,1
2106,2
2107,1
2108,2
2109,3
2110,2
2111,2
2112,3
2113,4
2114,1
2115,0
2116,2
2117,2
2118,3
2119,2
2120,0
2121,4
2122,4
2123,3
2124,2
2125,4
2126,0
2127,0
2128,2
2129,0
2130,3
2131,0
2132,0
2133,0
2134,4
2135,1
2136,0
2137,0
2138,0
2139,4
2140,3
2141,0
2142,0
2143,3
2144,3
2145,0
2146,1
2147,3
2148,3
2149,4
2150,3
2151,4
2152,4
2153,0
2154,0
2155,1
2156,0
2157,2
2158,0
2159,1
2160,4
2161,4
2162,3
2163,4
2164,0
2165,0
2166,1
2167,2
2168,0
2169,2
2170,1
2171,4
2172,2
2173,4
2174,0
2175,0
2176,4
2177,2
2178,0
2179,2
2180,4
2181,0
2182,4
2183,2
2184,4
2185,0
2186,0
2187,4
2188,0
2189,1
2190,0
2191,2
2192,2
2193,4
2194,1
2195,4
2196,1
2197,2
2198,3
2199,4
2200,0
2201,2
2202,3
2203,0
2204,2
2205,0
2206,3
2207,1
2208,2
2209,4
2210,1
2211,4
2212,0
2213,2
2214,1
2215,4
2216,1
2217,0
2218,2
2219,1
2220,3
2221,3
2222,0
2223,1
2224,0
2225,0
2226,3
2227,3
2228,0
2229,2
2230,3
2231,3
2232,1
2233,2
2234,0
2235,0
2236,1
2237,1
2238,0
2239,2
2240,0
2241,2
2242,2
2243,0
2244,3
2245,0
2246,2
2247,2
2248,0
2249,0
2250,1
2251,0
2252,0
2253,0
2254,1
2255,1
2256,0
2257,3
2258,3
2259,3
2260,0
2261,0
2262,0
2263,2
2264,1
2265,0
2266,0
2267,3
2268,1
2269,0
2270,0
2271,0
2272,0
2273,0
2274,0
2275,2
2276,0
2277,0
2278,3
2279,1
2280,3
2281,0
2282,3
2283,0
2284,0
2285,3
2286,0
2287,3
2288,4
2289,2
2290,4
2291,1
2292,0
2293,2
2294,4
2295,1
2296,1
2297,2
2298,4
2299,3
2300,1
2301,1
2302,1
2303,1
2304,4
2305,2
2306,0
2307,4
2308,0
2309,0
2310,1
2311,0
2312,2
2313,0
2314,4
2315,2
2316,0
2317,0
2318,0
2319,0
2320,0
2321,2
2322,1
2323,1
2324,0
2325,0
2326,0
2327,0
2328,0
2329,0
2330,0
2331,3
2332,0
2333,0
2334,0
2335,4
2336,1
2337,4
2338,3
2339,1
2340,0
2341,3
2342,0
2343,4
2344,1
2345,2
2346,0
2347,0
2348,0
2349,1
2350,2
2351,3
2352,0
2353,0
2354,4
2355,0
2356,0
2357,0
2358,1
2359,2
2360,2
2361,0
2362,3
2363,0
2364,2
2365,4
2366,2
2367,0
2368,4
2369,4
2370,0
2371,3
2372,1
2373,0
2374,4
2375,3
2376,4
2377,0
2378,0
2379,4
2380,0
2381,0
2382,1
2383,3
2384,1
2385,1
2386,0
2387,3
2388,2
2389,1
2390,4
2391,0
2392,0
2393,3
2394,0
2395,3
2396,4
2397,0
2398,0
2399,0
2400,0
2401,2
2402,0
2403,0
2404,0
2405,0
2406,4
2407,4
2408,0
2409,1
2410,2
2411,1
2412,1
2413,1
2414,0
2415,0
2416,0
2417,0
2418,1
2419,0
2420,0
2421,3
2422,0
2423,0
2424,4
2425,2
2426,0
2427,2
2428,0
2429,2
2430,3
2431,0
2432,3
2433,0
2434,1
2435,4
2436,1
2437,2
2438,2
2439,3
2440,0
2441,2
2442,2
2443,4
2444,2
2445,2
2446,0
2447,0
2448,3
2449,1
2450,0
2451,3
2452,4
2453,0
2454,1
2455,1
2456,2
2457,2
2458,3
2459,2
2460,0
2461,4
2462,0
2463,0
2464,3
2465,4
2466,0
2467,2
2468,1
2469,3
2470,4
2471,0
2472,3
2473,0
2474,2
2475,3
2476,0
2477,0
2478,2
2479,3
2480,2
2481,0
2482,0
2483,4
2484,4
2485,3
2486,0
2487,2
2488,0
2489,2
2490,2
2491,4
2492,0
2493,0
2494,0
2495,4
2496,0
2497,0
2498,0
2499,2
2500,0
2501,4
2502,3
2503,0
2504,4
2505,1
2506,2
2507,3
2508,0
2509,3
2510,2
2511,0
2512,2
2513,2
2514,0
2515,2
2516,3
2517,0
2518,3
2519,0
2520,3
2521,4
2522,4
2523,4
2524,4
2525,0
2526,2
2527,3
2528,3
2529,3
2530,2
2531,4
2532,3
2533,2
2534,1
2535,3
2536,0
2537,0
2538,4
2539,3
2540,2
2541,0
2542,3
2543,1
2544,0
2545,3
2546,0
2547,0
2548,0
2549,0
2550,2
2551,2
2552,3
2553,4
2554,3
2555,2
2556,4
2557,0
2558,2
2559,0
2560,4
2561,2
2562,0
2563,2
2564,0
2565,4
2566,3
2567,0
2568,3
2569,0
2570,0
2571,4
2572,1
2573,2
2574,4
2575,2
2576,4
2577,4
2578,1
2579,4
2580,4
2581,2
2582,0
2583,1
2584,4
2585,2
2586,2
2587,1
2588,2
2589,4
2590,2
2591,0
2592,0
2593,4
2594,0
2595,0
2596,0
2597,4
2598,0
2599,1
2600,2
2601,3
2602,0
2603,0
2604,2
2605,0
2606,3
2607,0
2608,0
2609,3
2610,0
2611,3
2612,2
2613,1
2614,4
2615,3
2616,4
2617,4
2618,2
2619,0
2620,1
2621,1
2622,1
2623,2
2624,1
2625,4
2626,0
2627,1
2628,2
2629,3
2630,4
2631,3
2632,2
2633,0
2634,1
2635,1
2636,0
2637,2
2638,3
2639,3
2640,0
2641,0
2642,4
2643,4
2644,2
2645,0
2646,3
2647,0
2648,3
2649,0
2650,2
2651,4
2652,1
2653,3
2654,4
2655,4
2656,4
2657,0
2658,0
2659,2
2660,3
2661,0
2662,0
2663,3
2664,3
2665,0
2666,0
2667,2
2668,0
2669,4
2670,0
2671,1
2672,0
2673,4
2674,2
2675,1
2676,0
2677,0
2678,0
2679,0
2680,0
2681,3
2682,0
2683,2
2684,0
2685,0
2686,0
2687,0
2688,1
2689,1
2690,0
2691,1
2692,0
2693,4
2694,1
2695,0
2696,0
2697,0
2698,4
2699,3
2700,3
2701,2
2702,2
2703,0
2704,1
2705,2
2706,0
2707,4
2708,0
2709,2
2710,0
2711,1
2712,3
2713,0
2714,4
2715,0
2716,1
2717,0
2718,3
2719,0
2720,3
2721,0
2722,0
2723,4
2724,0
2725,2
2726,1
2727,1
2728,2
2729,0
2730,0
2731,0
2732,2
2733,1
2734,2
2735,1
2736,0
2737,2
2738,0
2739,1
2740,1
2741,0
2742,0
2743,3
2744,0
2745,0
2746,2
2747,2
2748,0
2749,2
2750,0
2751,1
2752,1
2753,2
2754,0
2755,0
2756,0
2757,4
2758,4
2759,0
2760,0
2761,1
2762,0
2763,0
2764,3
2765,2
2766,0
2767,0
2768,2
2769,4
2770,3
2771,1
2772,3
2773,1
2774,0
2775,2
2776,0
2777,3
2778,4
2779,1
2780,1
2781,1
2782,2
2783,0
2784,3
2785,1
2786,0
2787,0
2788,1
2789,3
2790,2
2791,1
2792,2
2793,0
2794,4
2795,1
2796,1
2797,3
2798,0
2799,0
2800,0
2801,2
2802,1
2803,2
2804,1
2805,2
2806,3
2807,2
2808,1
2809,1
2810,4
2811,4
2812,1
2813,0
2814,3
2815,0
2816,1
2817,0
2818,1
2819,4
2820,4
2821,0
2822,4
2823,1
2824,2
2825,1
2826,0
2827,2
2828,3
2829,3
2830,3
2831,0
2832,0
2833,0
2834,0
2835,3
2836,3
2837,4
2838,3
2839,1
2840,1
2841,0
2842,0
2843,0
2844,3
2845,3
2846,0
2847,0
2848,3
2849,3
2850,3
2851,0
2852,3
2853,3
2854,0
2855,0
2856,0
2857,0
2858,2
2859,3
2860,0
2861,0
2862,3
2863,4
2864,2
2865,0
2866,4
2867,2
2868,0
2869,1
2870,0
2871,2
2872,2
2873,4
2874,4
2875,2
2876,4
2877,0
2878,0
2879,3
2880,2
2881,0
2882,0
2883,0
2884,1
2885,0
2886,0
2887,2
2888,0
2889,4
2890,2
2891,0
2892,1
2893,0
2894,4
2895,0
2896,2
2897,2
2898,0
2899,3
2900,0
2901,0
2902,4
2903,1
2904,0
2905,2
2906,2
2907,1
2908,2
2909,4
2910,0
2911,1
2912,4
2913,3
2914,1
2915,1
2916,0
2917,2
2918,2
2919,0
2920,0
2921,0
2922,1
2923,0
2924,0
2925,3
2926,2
2927,4
2928,0
2929,1
2930,1
2931,0
2932,1
2933,0
2934,0
2935,0
2936,2
2937,0
2938,0
2939,2
2940,0
2941,0
2942,3
2943,2
2944,0
2945,2
2946,2
2947,1
2948,2
2949,2
2950,0
2951,4
2952,2
2953,0
2954,1
2955,2
2956,0
2957,4
2958,2
2959,0
2960,4
2961,1
2962,4
2963,4
2964,0
2965,1
2966,0
2967,0
2968,0
2969,4
2970,2
2971,2
2972,3
2973,2
2974,0
2975,1
2976,0
2977,0
2978,4
2979,0
2980,4
2981,0
2982,0
2983,3
2984,1
2985,0
2986,0
2987,4
2988,2
2989,0
2990,4
2991,4
2992,0
2993,2
2994,0
2995,2
2996,1
2997,2
2998,0
2999,0
3000,2
3001,0
3002,1
3003,2
3004,2
3005,3
3006,0
3007,4
3008,1
3009,0
3010,2
3011,4
3012,4
3013,3
3014,3
3015,2
3016,0
3017,0
3018,2
3019,3
3020,2
3021,3
3022,0
3023,0
3024,0
3025,0
3026,0
3027,3
3028,0
3029,3
3030,0
3031,3
3032,1
3033,0
3034,0
3035,0
3036,0
3037,2
3038,4
3039,0
3040,4
3041,2
3042,2
3043,0
3044,3
3045,0
3046,0
3047,3
3048,1
3049,2
3050,1
3051,0
3052,0
3053,0
3054,0
3055,2
3056,4
3057,4
3058,3
3059,0
3060,0
3061,1
3062,0
3063,2
3064,1
3065,0
3066,0
3067,0
3068,0
3069,0
3070,0
3071,0
3072,0
3073,0
3074,3
3075,3
3076,3
3077,4
3078,2
3079,4
3080,1
3081,2
3082,0
3083,4
3084,0
3085,0
3086,0
3087,3
3088,2
3089,3
3090,0
3091,1
3092,0
3093,0
3094,0
3095,0
3096,0
3097,0
3098,3
3099,4
3100,3
3101,2
3102,4
3103,0
3104,0
3105,0
3106,0
3107,4
3108,0
3109,0
3110,0
3111,2
3112,4
3113,0
3114,2
3115,1
3116,1
3117,1
3118,0
3119,1
3120,2
3121,0
3122,1
3123,1
3124,1
3125,3
3126,3
3127,4
3128,0
3129,2
3130,4
3131,0
3132,0
3133,2
3134,0
3135,0
3136,2
3137,4
3138,0
3139,0
3140,3
3141,3
3142,3
3143,3
3144,0
3145,1
3146,0
3147,0
3148,3
3149,4
3150,4
3151,3
3152,1
3153,1
3154,3
3155,4
3156,4
3157,1
3158,2
3159,3
3160,0
3161,0
3162,3
3163,2
3164,3
3165,4
3166,0
3167,1
3168,0
3169,3
3170,0
3171,0
3172,0
3173,0
3174,0
3175,3
3176,1
3177,0
3178,4
3179,0
3180,3
3181,2
3182,4
3183,3
3184,3
3185,0
3186,3
3187,3
3188,4
3189,2
3190,2
3191,3
3192,0
3193,0
3194,2
3195,0
3196,1
3197,1
3198,0
3199,0
3200,4
3201,2
3202,1
3203,2
3204,4
3205,4
3206,3
3207,1
3208,1
3209,4
3210,2
3211,4
3212,4
3213,2
3214,3
3215,0
3216,0
3217,3
3218,3
3219,0
3220,0
3221,0
3222,1
3223,0
3224,0
3225,3
3226,3
3227,3
3228,2
3229,2
3230,1
3231,3
3232,2
3233,0
3234,0
3235,3
3236,0
3237,2
3238,1
3239,1
3240,4
3241,2
3242,3
3243,0
3244,0
3245,3
3246,1
3247,1
3248,3
3249,0
3250,1
3251,4
3252,4
3253,4
3254,2
3255,0
3256,2
3257,2
3258,2
3259,0
3260,0
3261,1
3262,0
3263,0
3264,0
3265,4
3266,2
3267,3
3268,4
3269,4
3270,4
3271,2
3272,2
3273,0
3274,4
3275,1
3276,0
3277,1
3278,4
3279,0
3280,0
3281,1
3282,1
3283,0
3284,0
3285,2
3286,4
3287,4
3288,1
3289,0
3290,0
3291,1
3292,1
3293,4
3294,4
3295,4
3296,0
3297,4
3298,1
3299,0
3300,4
3301,2
3302,3
3303,4
3304,3
3305,2
3306,1
3307,3
3308,0
3309,2
3310,3
3311,3
3312,0
3313,2
3314,0
3315,0
3316,2
3317,2
3318,0
3319,0
3320,3
3321,2
3322,3
3323,0
3324,2
3325,4
3326,4
3327,0
3328,3
3329,4
3330,1
3331,0
3332,1
3333,4
3334,0
3335,0
3336,0
3337,0
3338,3
3339,0
3340,1
3341,0
3342,1
3343,0
3344,3
3345,2
3346,3
3347,0
3348,3
3349,4
3350,2
3351,0
3352,0
3353,3
3354,3
3355,2
3356,0
3357,1
3358,2
3359,0
3360,2
3361,2
3362,0
3363,4
3364,1
3365,0
3366,0
3367,2
3368,0
3369,2
3370,2
3371,0
3372,0
3373,0
3374,3
3375,1
3376,0
3377,1
3378,4
3379,1
3380,3
3381,1
3382,0
3383,2
3384,2
3385,1
3386,0
3387,1
3388,3
3389,1
3390,3
3391,0
3392,4
3393,3
3394,1
3395,0
3396,0
3397,2
3398,4
3399,4
3400,1
3401,2
3402,0
3403,3
3404,0
3405,3
3406,2
3407,0
3408,3
3409,0
3410,0
3411,2
3412,0
3413,2
3414,2
3415,2
3416,3
3417,0
3418,2
3419,3
3420,1
3421,4
3422,2
3423,0
3424,3
3425,4
3426,1
3427,3
3428,0
3429,0
3430,2
3431,0
3432,4
3433,0
3434,3
3435,1
3436,4
3437,3
3438,3
3439,2
3440,2
3441,3
3442,4
3443,0
3444,3
3445,0
3446,0
3447,4
3448,2
3449,0
3450,4
3451,0
3452,0
3453,4
3454,3
3455,2
3456,0
3457,4
3458,3
3459,4
3460,1
3461,0
3462,0
3463,0
3464,4
3465,1
3466,3
3467,0
3468,3
3469,0
3470,4
3471,0
3472,1
3473,4
3474,0
3475,1
3476,0
3477,3
3478,4
3479,0
3480,0
3481,3
3482,4
3483,0
3484,0
3485,0
3486,0
3487,1
3488,1
3489,0
3490,1
3491,2
3492,0
3493,0
3494,0
3495,0
3496,1
3497,0
3498,0
3499,1
3500,4
3501,2
3502,0
3503,1
3504,3
3505,1
3506,4
3507,4
3508,2
3509,2
3510,0
3511,0
3512,0
3513,2
3514,1
3515,0
3516,0
3517,1
3518,4
3519,3
3520,1
3521,3
3522,1
3523,2
3524,4
3525,3
3526,4
3527,0
3528,0
3529,0
3530,0
3531,0
3532,2
3533,2
3534,2
3535,0
3536,0
3537,3
3538,3
3539,0
3540,0
3541,2
3542,1
3543,2
3544,0
3545,4
3546,3
3547,4
3548,3
3549,0
3550,1
3551,1
3552,0
3553,1
3554,0
3555,0
3556,3
3557,3
3558,0
3559,0
3560,0
3561,1
3562,0
3563,3
3564,4
3565,4
3566,2
3567,1
3568,2
3569,4
3570,1
3571,3
3572,3
3573,0
3574,0
3575,0
3576,0
3577,0
3578,1
3579,0
3580,0
3581,0
3582,0
3583,0
3584,2
3585,2
3586,4
3587,0
3588,0
3589,0
3590,1
3591,3
3592,1
3593,0
3594,4
3595,4
3596,1
3597,3
3598,0
3599,0
3600,4
3601,3
3602,2
3603,3
3604,0
3605,0
3606,0
3607,0
3608,0
3609,0
3610,0
3611,3
3612,4
3613,0
3614,1
3615,0
3616,0
3617,4
3618,0
3619,0
3620,1
3621,2
3622,2
3623,0
3624,4
3625,2
3626,0
3627,1
3628,4
3629,0
3630,3
3631,0
3632,0
3633,1
3634,1
3635,2
3636,0
3637,0
3638,0
3639,0
3640,0
3641,4
3642,4
3643,4
3644,0
3645,1
3646,4
3647,0
3648,1
3649,1
3650,4
3651,1
3652,2
3653,0
3654,4
3655,0
3656,0
3657,0
3658,0
3659,4
3660,4
3661,3
3662,1
3663,4
3664,3
3665,0
3666,2
3667,2
3668,3
3669,4
3670,1
3671,4
3672,0
3673,4
3674,2
3675,2
3676,4
3677,2
3678,0
3679,0
3680,0
3681,4
3682,1
3683,2
3684,0
3685,2
3686,2
3687,3
3688,3
3689,2
3690,3
3691,1
3692,2
3693,4
3694,0
3695,0
3696,1
3697,4
3698,4
3699,2
3700,4
3701,1
3702,2
3703,1
3704,4
3705,0
3706,2
3707,4
3708,0
3709,4
3710,3
3711,0
3712,2
3713,4
3714,0
3715,2
3716,2
3717,0
3718,2
3719,2
3720,1
3721,4
3722,3
3723,3
3724,4
3725,3
3726,4
3727,1
3728,4
3729,2
3730,4
3731,1
3732,4
3733,0
3734,3
3735,0
3736,0
3737,2
3738,2
3739,3
3740,4
3741,0
3742,1
3743,2
3744,4
3745,0
3746,0
3747,1
3748,4
3749,2
3750,3
3751,1
3752,3
3753,3
3754,0
3755,0
3756,2
3757,3
3758,2
3759,0
3760,4
3761,0
3762,0
3763,3
3764,4
3765,0
3766,4
3767,4
3768,0
3769,0
3770,1
3771,1
3772,0
3773,0
3774,3
3775,1
3776,3
3777,2
3778,2
3779,0
3780,3
3781,2
3782,0
3783,4
3784,0
3785,2
3786,0
3787,1
3788,0
3789,4
3790,3
3791,0
3792,4
3793,3
3794,1
3795,1
3796,3
3797,1
3798,2
3799,1
3800,3
3801,0
3802,3
3803,4
3804,2
3805,1
3806,3
3807,4
3808,3
3809,2
3810,0
3811,4
3812,4
3813,0
3814,1
3815,3
3816,1
3817,1
3818,0
3819,0
3820,0
3821,2
3822,3
3823,1
3824,1
3825,4
3826,3
3827,4
3828,3
3829,4
3830,3
3831,3
3832,2
3833,0
3834,0
3835,0
3836,0
3837,3
3838,0
3839,0
3840,3
3841,0
3842,4
3843,4
3844,0
3845,4
3846,1
3847,4
3848,0
3849,0
3850,3
3851,3
3852,4
3853,1
3854,1
3855,0
3856,0
3857,4
3858,3
3859,0
3860,1
3861,1
3862,4
3863,4
3864,0
3865,0
3866,0
3867,0
3868,0
3869,3
3870,4
3871,0
3872,2
3873,2
3874,0
3875,4
3876,3
3877,0
3878,0
3879,0
3880,4
3881,0
3882,1
3883,1
3884,2
3885,1
3886,2
3887,4
3888,0
3889,0
3890,0
3891,4
3892,3
3893,0
3894,4
3895,4
3896,0
3897,0
3898,2
3899,1
3900,4
3901,0
3902,2
3903,3
3904,4
3905,3
3906,2
3907,0
3908,3
3909,3
3910,3
3911,0
3912,2
3913,2
3914,1
3915,1
3916,2
3917,4
3918,4
3919,0
3920,2
3921,2
3922,0
3923,1
3924,2
3925,3
3926,4
3927,4
3928,0
3929,3
3930,2
3931,2
3932,4
3933,2
3934,4
3935,0
3936,2
3937,4
3938,0
3939,1
3940,2
3941,1
3942,4
3943,1
3944,0
3945,3
3946,0
3947,3
3948,0
3949,3
3950,4
3951,3
3952,2
3953,4
3954,2
3955,0
3956,1
3957,3
3958,1
3959,0
3960,3
3961,3
3962,1
3963,2
3964,1
3965,2
3966,2
3967,3
3968,2
3969,4
3970,2
3971,2
3972,3
3973,1
3974,3
3975,0
3976,3
3977,4
3978,2
3979,0
3980,1
3981,4
3982,0
3983,2
3984,2
3985,4
3986,4
3987,3
3988,3
3989,0
3990,4
3991,4
3992,3
3993,3
3994,1
3995,0
3996,0
3997,0
3998,3
3999,3
4000,3
4001,0
4002,3
4003,0
4004,4
4005,4
4006,1
4007,1
4008,3
4009,0
4010,0
4011,0
4012,2
4013,0
4014,3
4015,3
4016,2
4017,0
4018,3
4019,3
4020,3
4021,2
4022,2
4023,0
4024,2
4025,0
4026,2
4027,3
4028,3
4029,4
4030,2
4031,4
4032,3
4033,3
4034,2
4035,2
4036,0
4037,3
4038,4
4039,1
4040,0
4041,0
4042,0
4043,2
4044,4
4045,0
4046,0
4047,2
4048,4
4049,4
4050,0
4051,2
4052,4
4053,2
4054,3
4055,0
4056,3
4057,3
4058,0
4059,3
4060,4
4061,1
4062,2
4063,3
4064,3
4065,3
4066,4
4067,2
4068,4
4069,0
4070,0
4071,4
4072,0
4073,0
4074,4
4075,2
4076,0
4077,3
4078,1
4079,0
4080,0
4081,4
4082,2
4083,0
4084,0
4085,0
4086,3
4087,0
4088,0
4089,0
4090,0
4091,2
4092,4
4093,4
4094,3
4095,4
4096,0
4097,2
4098,4
4099,0
4100,2
4101,0
4102,3
4103,0
4104,3
4105,0
4106,0
4107,1
4108,3
4109,2
4110,0
4111,0
4112,0
4113,2
4114,4
4115,0
4116,3
4117,0
4118,3
4119,4
4120,0
4121,0
4122,4
4123,2
4124,4
4125,0
4126,3
4127,0
4128,0
4129,4
4130,2
4131,2
4132,1
4133,3
4134,0
4135,4
4136,0
4137,0
4138,0
4139,4
4140,4
4141,2
4142,3
4143,3
4144,4
4145,0
4146,0
4147,1
4148,0
4149,2
4150,3
4151,4
4152,3
4153,0
4154,4
4155,4
4156,0
4157,2
4158,2
4159,2
4160,0
4161,0
4162,1
4163,0
4164,3
4165,1
4166,0
4167,0
4168,2
4169,0
4170,3
4171,4
4172,4
4173,3
4174,0
4175,3
4176,3
4177,2
4178,2
4179,2
4180,3
4181,0
4182,2
4183,3
4184,1
4185,1
4186,3
4187,1
4188,3
4189,2
4190,3
4191,4
4192,1
4193,3
4194,0
4195,0
4196,0
4197,0
4198,4
4199,4
4200,3
4201,0
4202,0
4203,3
4204,3
4205,0
4206,2
4207,4
4208,3
4209,0
4210,2
4211,0
4212,0
4213,4
4214,3
4215,0
4216,3
4217,3
4218,2
4219,1
4220,1
4221,0
4222,0
4223,0
4224,0
4225,1
4226,3
4227,1
4228,0
4229,3
4230,2
4231,3
4232,1
4233,2
4234,4
4235,4
4236,2
4237,2
4238,3
4239,1
4240,0
4241,4
4242,1
4243,2
4244,2
4245,4
4246,2
4247,4
4248,1
4249,0
4250,0
4251,0
4252,4
4253,0
4254,3
4255,0
4256,0
4257,2
4258,3
4259,1
4260,4
4261,1
4262,3
4263,2
4264,4
4265,0
4266,1
4267,3
4268,3
4269,0
4270,3
4271,4
4272,4
4273,3
4274,2
4275,1
4276,2
4277,2
4278,0
4279,4
4280,2
4281,1
4282,0
4283,0
4284,2
4285,0
4286,0
4287,3
4288,4
4289,0
4290,0
4291,2
4292,0
4293,0
4294,0
4295,2
4296,0
4297,0
4298,1
4299,3
4300,2
4301,3
4302,3
4303,0
4304,0
4305,1
4306,3
4307,1
4308,3
4309,1
4310,0
4311,1
4312,3
4313,2
4314,0
4315,0
4316,0
4317,0
4318,0
4319,2
4320,0
4321,4
4322,1
4323,0
4324,3
4325,0
4326,2
4327,3
4328,3
4329,0
4330,3
4331,0
4332,0
4333,0
4334,3
4335,0
4336,4
4337,3
4338,3
4339,0
4340,2
4341,2
4342,0
4343,1
4344,2
4345,3
4346,0
4347,0
4348,0
4349,1
4350,0
4351,3
4352,1
4353,4
4354,3
4355,0
4356,4
4357,2
4358,2
4359,0
4360,0
4361,4
4362,3
4363,2
4364,4
4365,0
4366,0
4367,4
4368,3
4369,3
4370,0
4371,3
4372,3
4373,0
4374,0
4375,0
4376,2
4377,3
4378,1
4379,2
4380,3
4381,1
4382,3
4383,2
4384,4
4385,2
4386,3
4387,0
4388,3
4389,0
4390,0
4391,3
4392,0
4393,3
4394,0
4395,0
4396,2
4397,1
4398,0
4399,4
4400,0
4401,4
4402,3
4403,0
4404,1
4405,4
4406,2
4407,4
4408,1
4409,2
4410,3
4411,3
4412,3
4413,4
4414,4
4415,3
4416,4
4417,0
4418,4
4419,0
4420,4
4421,2
4422,0
4423,0
4424,0
4425,0
4426,1
4427,1
4428,2
4429,2
4430,3
4431,2
4432,2
4433,0
4434,4
4435,0
4436,2
4437,0
4438,4
4439,2
4440,1
4441,4
4442,4
4443,3
4444,0
4445,0
4446,0
4447,2
4448,2
4449,0
4450,4
4451,0
4452,4
4453,0
4454,0
4455,0
4456,4
4457,0
4458,4
4459,4
4460,4
4461,3
4462,4
4463,4
4464,3
4465,2
4466,2
4467,0
4468,4
4469,3
4470,2
4471,0
4472,3
4473,4
4474,1
4475,3
4476,1
4477,0
4478,4
4479,0
4480,0
4481,0
4482,4
4483,0
4484,4
4485,4
4486,3
4487,3
4488,0
4489,2
4490,2
4491,4
4492,0
4493,2
4494,0
4495,0
4496,2
4497,3
4498,4
4499,0
4500,4
4501,4
4502,1
4503,0
4504,2
4505,1
4506,1
4507,2
4508,0
4509,0
4510,1
4511,4
4512,0
4513,3
4514,4
4515,3
4516,4
4517,2
4518,0
4519,1
4520,0
4521,3
4522,2
4523,4
4524,1
4525,1
4526,2
4527,4
4528,0
4529,1
4530,0
4531,4
4532,0
4533,0
4534,0
4535,0
4536,0
4537,1
4538,1
4539,0
4540,2
4541,0
4542,0
4543,3
4544,0
4545,0
4546,2
4547,4
4548,3
4549,4
4550,3
4551,1
4552,4
4553,0
4554,1
4555,4
4556,4
4557,3
4558,2
4559,3
4560,0
4561,3
4562,3
4563,1
4564,1
4565,2
4566,4
4567,0
4568,3
4569,0
4570,3
4571,4
4572,0
4573,0
4574,3
4575,2
4576,4
4577,1
4578,1
4579,0
4580,3
4581,4
4582,0
4583,4
4584,2
4585,1
4586,4
4587,2
4588,0
4589,0
4590,2
4591,3
4592,4
4593,4
4594,1
4595,1
4596,3
4597,0
4598,0
4599,2
4600,2
4601,2
4602,3
4603,4
4604,4
4605,3
4606,3
4607,3
4608,4
4609,3
4610,4
4611,4
4612,4
4613,0
4614,0
4615,2
4616,4
4617,0
4618,3
4619,4
4620,3
4621,0
4622,1
4623,0
4624,4
4625,0
4626,4
4627,3
4628,1
4629,4
4630,1
4631,2
4632,4
4633,3
4634,4
4635,4
4636,4
4637,4
4638,2
4639,2
4640,3
4641,0
4642,0
4643,0
4644,0
4645,0
4646,0
4647,0
4648,0
4649,2
4650,0
4651,1
4652,2
4653,4
4654,0
4655,3
4656,0
4657,1
4658,3
4659,3
4660,2
4661,0
4662,1
4663,0
4664,0
4665,4
4666,4
4667,3
4668,2
4669,0
4670,3
4671,0
4672,3
4673,1
4674,4
4675,2
4676,0
4677,0
4678,4
4679,1
4680,0
4681,3
4682,0
4683,1
4684,4
4685,1
4686,4
4687,0
4688,4
4689,4
4690,0
4691,1
4692,0
4693,3
4694,0
4695,4
4696,3
4697,4
4698,3
4699,0
4700,0
4701,3
4702,0
4703,4
4704,0
4705,0
4706,0
4707,0
4708,2
4709,0
4710,1
4711,3
4712,3
4713,3
4714,4
4715,1
4716,2
4717,0
4718,1
4719,3
4720,0
4721,0
4722,4
4723,0
4724,3
4725,0
4726,4
4727,0
4728,2
4729,3
4730,0
4731,1
4732,4
4733,3
4734,3
4735,0
4736,0
4737,2
4738,0
4739,4
4740,4
4741,3
4742,1
4743,3
4744,0
4745,4
4746,0
4747,4
4748,4
4749,1
4750,0
4751,0
4752,0
4753,4
4754,3
4755,3
4756,2
4757,2
4758,0
4759,2
4760,1
4761,4
4762,0
4763,3
4764,3
4765,3
4766,1
4767,4
4768,0
4769,4
4770,0
4771,4
4772,1
4773,4
4774,0
4775,2
4776,0
4777,1
4778,1
4779,1
4780,0
4781,4
4782,0
4783,0
4784,4
4785,1
4786,2
4787,4
4788,3
4789,3
4790,2
4791,3
4792,4
4793,2
4794,2
4795,0
4796,0
4797,4
4798,3
4799,0
4800,1
4801,1
4802,4
4803,2
4804,2
4805,3
4806,0
4807,4
4808,1
4809,4
4810,3
4811,4
4812,0
4813,4
4814,4
4815,4
4816,2
4817,2
4818,2
4819,2
4820,1
4821,2
4822,0
4823,2
4824,4
4825,2
4826,3
4827,0
4828,0
4829,0
4830,0
4831,4
4832,4
4833,2
4834,3
4835,1
4836,3
4837,0
4838,4
4839,2
4840,3
4841,3
4842,4
4843,1
4844,3
4845,4
4846,3
4847,4
4848,3
4849,0
4850,0
4851,4
4852,0
4853,0
4854,0
4855,0
4856,3
4857,3
4858,4
4859,0
4860,0
4861,3
4862,1
4863,2
4864,3
4865,4
4866,3
4867,0
4868,0
4869,0
4870,3
4871,3
4872,0
4873,0
4874,1
4875,0
4876,1
4877,2
4878,0
4879,2
4880,0
4881,4
4882,0
4883,0
4884,0
4885,3
4886,4
4887,0
4888,1
4889,4
4890,3
4891,3
4892,4
4893,0
4894,4
4895,3
4896,0
4897,3
4898,0
4899,0
4900,3
4901,2
4902,0
4903,0
4904,0
4905,3
4906,1
4907,3
4908,3
4909,1
4910,0
4911,3
4912,0
4913,2
4914,1
4915,0
4916,2
4917,1
4918,0
4919,4
4920,1
4921,0
4922,4
4923,3
4924,2
4925,0
4926,0
4927,4
4928,2
4929,3
4930,4
4931,1
4932,0
4933,2
4934,0
4935,0
4936,0
4937,2
4938,3
4939,0
4940,3
4941,1
4942,4
4943,0
4944,3
4945,0
4946,3
4947,0
4948,2
4949,1
4950,1
4951,1
4952,0
4953,3
4954,3
4955,2
4956,4
4957,2
4958,0
4959,4
4960,3
4961,1
4962,1
4963,0
4964,4
4965,2
4966,4
4967,4
4968,3
4969,3
4970,4
4971,2
4972,4
4973,4
4974,0
4975,4
4976,1
4977,0
4978,1
4979,0
4980,4
4981,3
4982,0
4983,1
4984,0
4985,0
4986,0
4987,4
4988,4
4989,1
4990,0
4991,4
4992,3
4993,3
4994,4
4995,3
4996,3
4997,2
4998,2
4999,4
5000,2
5001,2
5002,0
5003,3
5004,1
5005,0
5006,2
5007,0
5008,0
5009,2
5010,1
5011,3
5012,3
5013,2
5014,0
5015,0
5016,4
5017,0
5018,0
5019,3
5020,3
5021,4
5022,2
5023,0
5024,4
5025,0
5026,3
5027,0
5028,4
5029,4
5030,3
5031,1
5032,0
5033,4
5034,2
5035,0
5036,3
5037,4
5038,2
5039,3
5040,4
5041,3
5042,3
5043,0
5044,3
5045,0
5046,0
5047,3
5048,0
5049,2
5050,0
5051,0
5052,3
5053,3
5054,0
5055,1
5056,1
5057,4
5058,0
5059,1
5060,4
5061,0
5062,3
5063,4
5064,0
5065,4
5066,4
5067,0
5068,0
5069,0
5070,4
5071,0
5072,3
5073,3
5074,2
5075,0
5076,1
5077,1
5078,1
5079,2
5080,4
5081,2
5082,0
5083,0
5084,0
5085,0
5086,1
5087,0
5088,4
5089,2
5090,2
5091,4
5092,0
5093,4
5094,3
5095,2
5096,1
5097,2
5098,2
5099,0
5100,4
5101,2
5102,0
5103,0
5104,3
5105,4
5106,2
5107,1
5108,1
5109,2
5110,1
5111,2
5112,2
5113,0
5114,0
5115,4
5116,0
5117,4
5118,4
5119,0
5120,2
5121,0
5122,1
5123,2
5124,0
5125,0
5126,2
5127,1
5128,0
5129,1
5130,0
5131,0
5132,1
5133,1
5134,2
5135,4
5136,2
5137,2
5138,4
5139,3
5140,4
5141,4
5142,1
5143,4
5144,1
5145,4
5146,3
5147,1
5148,0
5149,2
5150,1
5151,4
5152,2
5153,0
5154,2
5155,0
5156,3
5157,2
5158,2
5159,4
5160,3
5161,1
5162,2
5163,0
5164,2
5165,3
5166,0
5167,1
5168,1
5169,1
5170,0
5171,0
5172,1
5173,1
5174,0
5175,2
5176,4
5177,2
5178,0
5179,3
5180,4
5181,2
5182,1
5183,2
5184,1
5185,4
5186,0
5187,3
5188,4
5189,0
5190,1
5191,3
5192,2
5193,1
5194,2
5195,3
5196,4
5197,4
5198,2
5199,0
5200,0
5201,2
5202,4
5203,0
5204,2
5205,4
5206,0
5207,3
5208,0
5209,4
5210,2
5211,2
5212,0
5213,1
5214,0
5215,3
5216,1
5217,0
5218,3
5219,3
5220,2
5221,0
5222,4
5223,0
5224,0
5225,4
5226,2
5227,3
5228,0
5229,1
5230,1
5231,2
5232,3
5233,0
5234,0
5235,3
5236,0
5237,3
5238,1
5239,4
5240,1
5241,1
5242,0
5243,4
5244,0
5245,0
5246,1
5247,1
5248,4
5249,4
5250,0
5251,3
5252,1
5253,4
5254,0
5255,0
5256,0
5257,4
5258,3
5259,3
5260,2
5261,4
5262,4
5263,0
5264,0
5265,1
5266,3
5267,0
5268,3
5269,0
5270,0
5271,0
5272,3
5273,4
5274,4
5275,4
5276,4
5277,4
5278,0
5279,0
5280,0
5281,1
5282,3
5283,2
5284,1
5285,3
5286,3
5287,0
5288,0
5289,3
5290,3
5291,0
5292,0
5293,2
5294,2
5295,3
5296,0
5297,2
5298,3
5299,3
5300,0
5301,0
5302,3
5303,0
5304,0
5305,1
5306,0
5307,3
5308,1
5309,0
5310,4
5311,2
5312,2
5313,0
5314,4
5315,0
5316,0
5317,2
5318,4
5319,2
5320,4
5321,2
5322,0
5323,0
5324,4
5325,2
5326,1
5327,0
5328,2
5329,2
5330,3
5331,1
5332,0
5333,0
5334,3
5335,0
5336,2
5337,4
5338,3
5339,4
5340,2
5341,2
5342,0
5343,0
5344,3
5345,0
5346,2
5347,0
5348,3
5349,3
5350,2
5351,0
5352,1
5353,0
5354,0
5355,0
5356,3
5357,0
5358,1
5359,4
5360,3
5361,3
5362,0
5363,1
5364,2
5365,2
5366,2
5367,3
5368,0
5369,3
5370,1
5371,0
5372,0
5373,2
5374,2
5375,3
5376,0
5377,3
5378,1
5379,4
5380,0
5381,0
5382,2
5383,0
5384,0
5385,0
5386,2
5387,2
5388,0
5389,3
5390,4
5391,4
5392,0
5393,1
5394,0
5395,3
5396,3
5397,4
5398,2
5399,4
5400,4
5401,2
5402,1
5403,3
5404,4
5405,3
5406,2
5407,0
5408,0
5409,0
5410,3
5411,0
5412,3
5413,2
5414,0
5415,0
5416,3
5417,4
5418,1
5419,2
5420,0
5421,0
5422,1
5423,0
5424,2
5425,0
5426,3
5427,0
5428,0
5429,2
5430,2
5431,4
5432,0
5433,4
5434,2
5435,0
5436,0
5437,4
5438,0
5439,3
5440,0
5441,3
5442,0
5443,0
5444,0
5445,4
5446,4
5447,3
5448,4
5449,4
5450,3
5451,2
5452,2
5453,4
5454,3
5455,4
5456,4
5457,2
5458,3
5459,2
5460,1
5461,3
5462,4
5463,2
5464,4
5465,3
5466,4
5467,3
5468,0
5469,2
5470,0
5471,2
5472,0
5473,0
5474,3
5475,4
5476,3
5477,3
5478,0
5479,3
5480,4
5481,2
5482,0
5483,3
5484,0
5485,2
5486,4
5487,3
5488,0
5489,2
5490,0
5491,2
5492,4
5493,1
5494,4
5495,3
5496,3
5497,2
5498,2
5499,2
5500,2
5501,2
5502,0
5503,2
5504,3
5505,0
5506,3
5507,4
5508,2
5509,0
5510,3
5511,1
5512,0
5513,0
5514,3
5515,3
5516,3
5517,3
5518,2
5519,3
5520,3
5521,3
5522,4
5523,3
5524,4
5525,3
5526,0
5527,0
5528,0
5529,4
5530,1
5531,4
5532,0
5533,3
5534,0
5535,3
5536,4
5537,0
5538,0
5539,2
5540,2
5541,4
5542,3
5543,0
5544,0
5545,0
5546,2
5547,4
5548,4
5549,2
5550,2
5551,4
5552,1
5553,3
5554,0
5555,3
5556,0
5557,0
5558,1
5559,1
5560,3
5561,4
5562,0
5563,3
5564,0
5565,0
5566,2
5567,2
5568,0
5569,0
5570,0
5571,2
5572,0
5573,1
5574,3
5575,3
5576,0
5577,2
5578,1
5579,4
5580,4
5581,2
5582,2
5583,2
5584,4
5585,0
5586,3
5587,0
5588,3
5589,2
5590,4
5591,4
5592,0
5593,2
5594,0
5595,4
5596,1
5597,0
5598,0
5599,2
5600,3
5601,0
5602,1
5603,0
5604,0
5605,4
5606,4
5607,0
5608,3
5609,1
5610,2
5611,1
5612,4
5613,2
5614,4
5615,4
5616,0
5617,2
5618,4
5619,3
5620,4
5621,0
5622,3
5623,3
5624,2
5625,1
5626,0
5627,2
5628,0
5629,0
5630,0
5631,4
5632,2
5633,2
5634,3
5635,4
5636,1
5637,0
5638,4
5639,2
5640,3
5641,0
5642,3
5643,0
5644,2
5645,0
5646,2
5647,0
5648,4
5649,0
5650,2
5651,4
5652,2
5653,4
5654,3
5655,1
5656,4
5657,0
5658,1
5659,4
5660,2
5661,0
5662,2
5663,0
5664,3
5665,0
5666,0
5667,2
5668,0
5669,3
5670,0
5671,1
5672,4
5673,2
5674,2
5675,1
5676,4
5677,4
5678,2
5679,3
5680,4
5681,3
5682,4
5683,1
5684,0
5685,2
5686,3
5687,2
5688,1
5689,3
5690,1
5691,0
5692,3
5693,1
5694,3
5695,3
5696,0
5697,3
5698,0
5699,0
5700,0
5701,0
5702,0
5703,0
5704,0
5705,0
5706,2
5707,0
5708,0
5709,3
5710,3
5711,4
5712,0
5713,3
5714,4
5715,4
5716,1
5717,3
5718,4
5719,4
5720,2
5721,4
5722,3
5723,0
5724,2
5725,1
5726,1
5727,0
5728,2
5729,0
5730,3
5731,0
5732,0
5733,0
5734,4
5735,3
5736,2
5737,0
5738,1
5739,0
5740,3
5741,2
5742,2
5743,4
5744,0
5745,1
5746,0
5747,3
5748,2
5749,0
5750,1
5751,1
5752,0
5753,1
5754,2
5755,1
5756,0
5757,2
5758,0
5759,3
5760,0
5761,2
5762,0
5763,2
5764,2
5765,3
5766,4
5767,0
5768,1
5769,0
5770,1
5771,3
5772,1
5773,1
5774,3
5775,0
5776,0
5777,0
5778,2
5779,0
5780,0
5781,3
5782,3
5783,3
5784,2
5785,1
5786,0
5787,4
5788,1
5789,2
5790,2
5791,2
5792,3
5793,4
5794,2
5795,2
5796,0
5797,0
5798,0
5799,0
5800,2
5801,2
5802,0
5803,2
5804,2
5805,2
5806,3
5807,4
5808,2
5809,0
5810,0
5811,4
5812,0
5813,0
5814,3
5815,0
5816,4
5817,2
5818,0
5819,0
5820,0
5821,0
5822,2
5823,4
5824,0
5825,4
5826,1
5827,4
5828,0
5829,3
5830,3
5831,2
5832,1
5833,1
5834,2
5835,3
5836,1
5837,2
5838,1
5839,0
5840,0
5841,2
5842,4
5843,1
5844,3
5845,0
5846,3
5847,0
5848,3
5849,0
5850,1
5851,4
5852,4
5853,3
5854,1
5855,0
5856,3
5857,0
5858,0
5859,3
5860,2
5861,0
5862,0
5863,0
5864,2
5865,0
5866,0
5867,1
5868,0
5869,0
5870,0
5871,0
5872,1
5873,0
5874,1
5875,3
5876,1
5877,4
5878,1
5879,2
5880,3
5881,1
5882,1
5883,2
5884,0
5885,4
5886,0
5887,3
5888,4
5889,4
5890,0
5891,3
5892,3
5893,3
5894,3
5895,4
5896,3
5897,4
5898,0
5899,1
5900,0
5901,1
5902,1
5903,0
5904,1
5905,3
5906,2
5907,3
5908,1
5909,2
5910,1
5911,3
5912,2
5913,4
5914,3
5915,2
5916,3
5917,3
5918,0
5919,0
5920,0
5921,0
5922,1
5923,2
5924,3
5925,4
5926,1
5927,0
5928,3
5929,2
5930,0
5931,2
5932,2
5933,2
5934,0
5935,0
5936,0
5937,1
5938,1
5939,3
5940,3
5941,0
5942,4
5943,0
5944,1
5945,2
5946,1
5947,4
5948,0
5949,1
5950,2
5951,2
5952,3
5953,1
5954,2
5955,4
5956,3
5957,0
5958,4
5959,3
5960,4
5961,3
5962,1
5963,2
5964,4
5965,3
5966,4
5967,3
5968,0
5969,3
5970,0
5971,0
5972,4
5973,1
5974,3
5975,1
5976,4
5977,2
5978,4
5979,2
5980,0
5981,4
5982,0
5983,0
5984,1
5985,0
5986,2
5987,0
5988,0
5989,1
5990,0
5991,4
5992,4
5993,4
5994,3
5995,1
5996,2
5997,1
5998,3
5999,3
6000,4
6001,0
6002,2
6003,3
6004,2
6005,0
6006,3
6007,4
6008,0
6009,0
6010,0
6011,0
6012,1
6013,0
6014,2
6015,0
6016,2
6017,0
6018,4
6019,3
6020,3
6021,2
6022,3
6023,1
6024,0
6025,3
6026,4
6027,0
6028,1
6029,4
6030,0
