index,cluster
3,1
5,0
6,1
8,0
9,0
10,0
11,0
12,0
13,1
14,0
15,1
16,0
18,2
19,0
20,0
22,1
23,0
24,0
25,0
26,0
27,0
28,1
29,2
30,0
31,2
32,0
33,0
36,0
37,0
38,2
39,0
41,1
43,0
45,0
46,2
47,0
48,0
49,0
50,1
51,2
52,2
53,2
55,2
56,1
57,0
59,1
60,1
61,0
63,0
64,1
65,0
66,0
67,1
68,2
69,2
70,2
71,0
72,0
73,0
74,1
75,1
76,2
77,0
78,2
80,1
81,2
82,0
83,0
85,0
86,0
87,2
88,0
89,0
90,0
91,2
92,1
93,2
94,1
95,2
96,2
97,1
98,2
99,0
100,0
101,2
102,2
103,0
104,2
107,0
108,0
109,1
110,0
111,2
112,1
113,1
114,2
115,0
116,0
117,0
118,2
119,0
120,0
122,2
123,0
124,2
125,1
126,0
128,0
129,2
130,1
131,2
132,0
133,0
134,0
136,0
137,2
138,0
139,2
140,0
141,2
143,2
144,0
145,0
146,0
148,2
149,0
150,2
151,0
152,1
153,0
154,0
156,1
157,1
159,0
161,2
162,1
163,1
165,0
166,2
167,1
168,1
170,1
171,1
172,1
173,2
174,1
175,0
177,2
179,2
180,0
181,1
182,2
183,0
184,0
185,2
186,0
187,1
188,2
189,1
190,2
191,0
195,2
196,1
197,0
199,0
200,1
201,1
202,0
203,1
204,0
205,0
207,2
209,0
210,2
212,0
213,2
214,0
216,0
217,0
219,0
221,2
222,2
223,1
224,0
225,2
227,1
228,0
230,0
233,2
234,1
235,1
236,2
237,1
238,2
239,2
240,0
241,1
242,0
243,0
244,2
245,1
246,2
247,2
249,1
250,1
252,0
253,0
255,0
256,1
257,1
258,0
259,2
260,0
261,0
262,1
263,0
265,1
266,0
269,0
270,0
271,1
272,1
273,2
274,0
275,1
276,0
278,1
279,0
280,1
281,0
282,0
283,1
284,0
286,0
287,1
288,0
289,1
290,2
291,0
292,0
293,1
295,0
296,0
297,0
298,1
299,1
300,0
302,1
303,1
304,2
305,1
306,1
307,2
308,2
309,2
310,1
311,1
312,0
313,1
314,0
315,1
316,0
317,0
318,0
319,1
320,2
321,0
322,1
323,0
324,0
325,0
326,1
327,1
328,2
329,2
330,2
332,0
333,0
334,0
335,2
336,1
337,2
339,2
340,2
341,0
343,0
344,0
345,2
346,1
348,0
350,0
351,1
352,2
353,1
354,2
355,2
357,0
358,0
359,0
361,2
362,1
363,1
364,1
365,1
366,1
367,2
368,0
369,0
370,2
371,1
373,0
374,1
375,2
376,0
378,2
379,0
380,0
381,2
382,1
383,0
384,0
386,0
387,2
388,0
390,2
391,1
392,0
393,2
394,0
395,0
397,0
398,0
399,2
400,0
401,1
402,0
403,0
404,0
405,2
406,0
407,0
408,2
409,0
411,0
412,0
413,0
415,1
416,2
418,0
419,1
420,0
421,1
422,0
424,1
425,1
426,1
427,1
428,1
429,0
430,2
432,1
433,0
434,0
435,0
437,1
438,0
439,1
440,0
441,0
442,0
443,2
444,0
445,1
446,0
447,1
448,1
449,1
450,2
451,2
452,0
453,0
455,0
456,0
457,2
458,0
459,0
462,2
463,1
464,0
465,0
466,1
467,0
468,0
469,1
470,0
471,0
472,0
473,0
474,1
476,0
478,2
479,1
480,1
481,1
482,1
484,1
486,1
487,1
488,2
489,1
491,0
493,0
495,2
496,0
497,0
499,1
502,0
503,1
504,2
505,0
506,1
507,2
508,2
509,0
510,0
511,2
512,2
513,2
514,1
516,2
519,0
522,2
523,0
525,2
530,2
531,0
532,1
534,1
537,0
538,1
540,1
541,0
542,0
545,1
548,0
549,1
550,0
551,0
553,0
554,2
555,0
556,1
558,0
559,0
560,0
561,2
562,2
563,1
565,0
566,0
567,1
568,2
569,1
571,2
572,1
573,0
575,2
576,0
577,0
579,1
581,0
582,0
583,1
584,0
585,2
586,1
587,0
588,1
589,0
590,1
591,0
592,0
593,0
594,0
595,1
596,1
597,1
598,0
599,0
600,1
604,2
605,2
606,0
607,1
608,0
609,1
610,0
611,1
612,1
614,1
616,0
618,0
619,0
621,0
622,1
623,1
624,0
625,1
627,2
628,0
629,0
630,0
631,1
632,0
634,2
637,2
638,1
639,1
641,2
642,1
643,0
644,0
645,1
646,0
647,0
648,0
649,1
650,0
651,0
652,0
653,1
654,2
655,1
656,0
657,2
658,0
659,0
660,0
661,2
662,0
663,1
664,1
665,1
666,0
668,0
669,0
670,2
672,2
673,1
674,2
675,0
676,0
677,1
678,0
679,1
680,1
681,1
682,2
683,0
685,0
686,1
687,2
689,1
690,1
693,0
694,0
695,1
697,0
699,1
700,0
701,1
703,1
704,0
705,0
706,1
707,0
709,1
710,1
712,1
713,0
714,0
715,2
716,0
717,2
718,1
719,2
720,0
724,2
725,0
726,1
727,0
728,0
729,1
730,0
731,2
732,0
733,0
735,0
736,2
737,0
738,0
740,0
741,1
743,0
744,1
745,1
746,1
748,1
749,2
750,0
752,1
753,0
755,0
756,1
757,1
758,2
759,1
761,2
762,0
763,0
764,1
765,1
766,0
768,1
771,2
772,0
776,0
777,1
779,2
780,2
782,0
783,0
784,0
785,1
788,1
789,0
790,0
791,0
792,1
793,2
795,1
797,2
798,0
799,0
800,0
801,2
802,1
803,2
804,0
805,1
806,0
807,1
808,2
809,1
810,1
811,0
812,2
813,0
814,0
816,2
817,0
818,0
819,0
820,0
822,0
823,0
824,1
825,1
826,2
827,1
828,0
829,0
830,0
831,1
832,0
833,0
834,0
836,0
838,1
839,1
840,1
841,0
842,0
843,2
844,0
845,1
847,0
848,0
849,1
850,0
851,1
852,0
853,1
854,2
855,1
856,0
857,0
858,1
859,1
860,1
861,0
862,0
863,1
865,1
866,1
867,2
868,0
869,2
870,0
871,0
872,0
873,2
874,1
875,2
877,1
878,0
879,1
880,0
881,2
884,1
885,0
886,1
888,2
889,0
890,0
891,0
893,0
894,0
895,1
897,0
898,1
899,0
900,1
902,1
903,0
904,0
905,2
907,2
909,1
910,0
911,0
913,1
914,2
915,1
916,1
917,0
918,1
920,1
922,2
923,1
924,0
925,2
926,2
927,0
930,0
932,1
935,1
936,1
938,0
941,2
942,0
943,0
944,0
945,2
947,2
948,0
949,1
950,0
951,2
952,2
953,1
955,2
956,0
957,0
959,0
961,1
962,0
964,1
965,0
966,0
968,1
969,0
970,2
972,0
973,0
974,2
975,1
976,2
977,0
978,1
979,1
980,1
981,2
982,0
983,1
984,0
985,0
986,0
987,1
988,0
989,2
990,2
992,1
993,0
994,2
995,1
996,0
997,2
998,1
999,1
1000,0
1001,1
1002,1
1003,1
1004,0
1005,1
1006,2
1007,0
1008,1
1009,0
1010,0
1011,0
1012,1
1013,0
1014,0
1016,0
1017,1
1018,0
1019,1
1020,1
1022,1
1023,2
1024,1
1025,0
1026,0
1028,0
1029,0
1030,1
1031,0
1033,1
1034,1
1035,1
1036,0
1037,0
1038,0
1039,0
1040,0
1041,1
1042,2
1043,1
1044,1
1045,0
1046,2
1047,0
1049,0
1050,2
1051,0
1052,1
1053,0
1054,2
1055,1
1056,0
1057,1
1058,1
1059,1
1060,0
1061,0
1062,0
1063,1
1064,1
1065,0
1066,0
1068,0
1069,0
1071,0
1072,0
1073,0
1074,0
1075,1
1076,1
1077,2
1078,0
1079,1
1080,1
1081,2
1082,2
1084,0
1085,0
1086,1
1087,0
1088,1
1090,1
1092,1
1093,2
1094,2
1096,1
1098,1
1100,0
1101,0
1103,0
1104,0
1106,0
1109,0
1111,2
1112,1
1113,2
1114,0
1115,0
1116,2
1118,1
1120,2
1121,2
1122,0
1123,0
1124,1
1126,0
1128,2
1130,1
1131,0
1132,0
1134,0
1136,1
1137,2
1138,2
1139,1
1140,0
1143,0
1145,0
1146,0
1147,2
1148,0
1149,0
1150,1
1151,1
1152,1
1153,0
1154,1
1155,1
1156,0
1157,1
1158,1
1161,0
1162,1
1163,1
1164,0
1165,2
1166,2
1167,0
1168,1
1169,0
1170,0
1172,0
1173,1
1174,1
1176,0
1177,1
1178,1
1179,2
1180,1
1182,0
1183,0
1184,0
1185,2
1186,1
1187,1
1189,0
1190,0
1191,2
1192,2
1193,2
1194,0
1196,2
1197,0
1198,0
1199,1
1200,0
1201,1
1202,0
1203,0
1205,1
1206,2
1208,0
1209,0
1210,0
1211,0
1212,0
1214,1
1215,1
1216,0
1219,2
1220,1
1221,0
1222,1
1223,2
1224,1
1225,1
1226,1
1227,2
1228,0
1230,2
1231,1
1232,1
1233,1
1235,0
1236,2
1237,2
1238,0
1239,0
1240,1
1241,1
1245,2
1246,1
1248,1
1249,1
1250,1
1251,1
1253,0
1254,0
1255,2
1256,0
1258,0
1259,0
1260,2
1262,0
1263,0
1264,2
1265,2
1266,0
1267,1
1268,0
1269,0
1270,0
1271,0
1272,0
1273,2
1274,0
1275,1
1276,1
1278,2
1279,0
1280,1
1281,2
1282,0
1284,2
1285,0
1286,2
1287,2
1288,0
1289,1
1291,1
1292,1
1293,1
1296,0
1297,2
1298,1
1299,2
1300,1
1301,0
1304,1
1305,1
1306,0
1307,0
1308,2
1309,1
1310,1
1311,1
1312,0
1313,0
1315,1
1316,1
1317,0
1318,0
1319,0
1320,2
1321,0
1323,2
1324,0
1325,1
1326,1
1327,0
1328,1
1329,1
1330,0
1331,1
1332,0
1333,0
1337,0
1338,2
1339,0
1340,2
1341,1
1343,1
1345,0
1346,0
1347,0
1348,2
1349,1
1350,0
1352,1
1354,2
1355,1
1356,0
1357,2
1358,0
1359,2
1361,0
1362,0
1363,0
1364,2
1365,0
1366,0
1367,0
1368,2
1369,0
1372,2
1374,0
1375,0
1376,0
1377,0
1378,0
1379,1
1380,1
1382,0
1384,1
1385,2
1386,2
1389,2
1390,1
1392,0
1393,1
1394,0
1395,2
1396,0
1397,1
1398,2
1402,0
1403,2
1404,1
1405,2
1406,0
1407,2
1409,0
1410,1
1411,0
1413,2
1415,1
1417,2
1418,1
1419,0
1421,1
1422,0
1423,1
1424,0
1425,0
1426,1
1428,2
1429,0
1430,0
1431,1
1433,0
1434,0
1436,1
1437,0
1438,0
1439,1
1440,1
1442,2
1443,0
1444,0
1445,1
1446,1
1447,1
1448,2
1449,2
1453,1
1454,0
1455,2
1456,0
1457,1
1458,0
1459,0
1461,1
1462,1
1464,1
1467,0
1468,0
1469,2
1470,0
1471,2
1472,0
1473,1
1474,0
1475,0
1478,2
1479,1
1481,1
1484,2
1485,1
1487,2
1488,1
1489,1
1490,0
1491,0
1493,0
1494,0
1495,2
1496,0
1497,2
1498,0
1499,1
1501,0
1503,0
1504,1
1505,1
1506,0
1509,2
1512,0
1513,0
1515,1
1516,2
1517,1
1518,0
1519,1
1520,0
1521,1
1523,2
1524,1
1525,2
1526,2
1528,0
1529,2
1530,2
1531,0
1533,2
1536,0
1537,0
1538,2
1539,2
1540,2
1541,1
1542,1
1543,0
1544,0
1545,0
1547,1
1548,2
1550,0
1552,1
1554,0
1557,1
1558,0
1560,0
1562,2
1563,0
1564,0
1565,0
1566,1
1568,1
1569,0
1570,2
1571,1
1572,1
1573,1
1577,0
1578,0
1579,1
1580,1
1581,0
1582,2
1583,0
1584,0
1585,0
1586,1
1589,2
1590,2
1592,0
1595,0
1598,2
1600,0
1601,0
1602,0
1603,0
1605,2
1606,0
1609,2
1610,0
1611,0
1612,0
1615,1
1616,0
1617,1
1618,1
1619,1
1620,1
1621,1
1622,0
1623,1
1624,1
1625,1
1626,1
1627,2
1629,0
1630,1
1632,0
1633,1
1634,0
1636,0
1638,0
1639,0
1641,2
1642,0
1644,1
1645,2
1647,2
1649,1
1650,0
1651,1
1653,2
1654,1
1657,1
1659,1
1661,0
1662,1
1663,0
1665,1
1667,0
1668,1
1670,1
1671,1
1674,0
1675,1
1676,1
1677,2
1678,1
1680,0
1682,1
1686,1
1687,1
1688,0
1689,1
1690,0
1694,0
1695,1
1696,2
1697,2
1699,0
1700,0
1701,1
1702,0
1703,0
1705,0
1708,1
1710,0
1711,1
1714,0
1715,0
1716,1
1718,1
1720,1
1721,0
1722,0
1723,0
1724,1
1725,0
1729,2
1733,1
1734,1
1735,2
1737,1
1738,0
1739,0
1740,1
1742,2
1743,0
1744,2
1746,1
1751,0
1753,0
1755,0
1756,0
1762,0
1766,1
1767,1
1768,1
1769,0
1771,1
1774,1
1775,1
1776,0
1777,1
1778,0
1780,0
1782,1
1783,1
1784,0
1786,1
1787,0
1788,0
1790,1
1791,1
1792,1
1793,0
1794,0
1795,2
1796,0
1797,1
1799,1
1800,1
1801,0
1803,0
1804,0
1805,0
1808,0
1810,0
1811,0
1812,1
1813,1
1814,1
1815,0
1816,1
1817,1
1818,2
1819,1
1820,0
1821,0
1824,2
1825,1
1826,0
1827,0
1828,1
1829,0
1830,1
1831,0
1832,0
1833,0
1834,1
1836,1
1837,1
1838,1
1839,1
1841,0
1843,0
1844,0
1845,2
1847,2
1848,0
1850,0
1851,0
1852,2
1853,1
1854,2
1855,2
1856,1
1857,1
1858,2
1859,0
1860,2
1861,0
1863,0
1864,1
1865,1
1866,1
1868,1
1869,1
1871,2
1872,1
1874,0
1875,1
1876,1
1877,0
1881,1
1882,1
1884,1
1885,0
1888,1
1891,0
1892,1
1893,0
1894,2
1895,0
1896,1
1897,1
1899,1
1901,1
1903,2
1904,0
1905,0
1906,2
1909,1
1911,0
1912,0
1914,1
1915,1
1917,0
1918,0
1919,1
1920,1
1921,0
1922,0
1923,1
1924,1
1925,1
1926,0
1928,0
1929,1
1931,0
1933,1
1934,0
1935,0
1936,1
1938,0
1939,0
1940,0
1941,1
1942,1
1943,1
1944,1
1945,2
1947,0
1950,0
1951,1
1952,1
1954,0
1955,1
1958,0
1959,2
1960,2
1962,0
1963,1
1964,0
1966,1
1969,0
1971,2
1972,0
1973,2
1975,1
1976,1
1977,0
1978,0
1979,1
1980,2
1982,1
1985,1
1987,0
1988,1
1989,2
1990,2
1992,0
1993,1
1994,1
1995,1
1996,2
1997,0
1998,0
1999,0
2000,0
2001,0
2003,0
2005,0
2007,0
2008,1
2009,0
2010,2
2011,0
2012,1
2014,1
2015,2
2017,2
2018,1
2019,0
2020,1
2021,2
2022,1
2023,2
2024,0
2025,2
2026,0
2027,0
2029,0
2031,1
2032,1
2033,1
2034,1
2035,1
2036,1
2037,0
2038,1
2039,0
2041,1
2042,2
2043,1
2044,1
2045,1
2046,0
2047,0
2048,2
2049,2
2051,1
2052,1
2054,1
2055,2
2056,0
2057,1
2059,0
2061,0
2062,1
2063,0
2064,1
2065,2
2067,0
2068,1
2069,0
2070,0
2071,0
2074,0
2075,1
2076,2
2077,2
2078,1
2079,2
2082,1
2083,2
2084,1
2086,0
2087,0
2089,1
2090,0
2091,2
2094,0
2095,2
2096,1
2098,1
2099,1
2100,0
2101,0
2102,1
2103,0
2105,1
2106,1
2107,0
2108,2
2109,1
2110,2
2111,0
2112,1
2114,0
2115,1
2116,2
2117,0
2118,1
2119,1
2121,1
2123,1
2124,2
2125,0
2126,1
2127,0
2128,0
2129,1
2130,1
2131,1
2132,0
2133,1
2134,1
2135,0
2136,2
2137,0
2138,0
2139,1
2140,2
2141,0
2143,1
2146,1
2147,0
2148,0
2149,0
2150,0
2151,1
2152,1
2153,2
2154,1
2155,1
2157,0
2158,1
2159,0
2160,2
2161,0
2162,1
2163,1
2164,1
2165,0
2168,2
2169,0
2170,0
2171,1
2172,1
2173,0
2174,1
2175,0
2177,2
2179,0
2180,0
2182,1
2183,1
2184,1
2185,1
2186,1
2187,1
2188,1
2190,0
2191,1
2192,1
2193,0
2194,1
2195,1
2196,1
2197,0
2198,0
2199,0
2200,0
2202,0
2203,2
2204,2
2206,1
2208,2
2209,0
2210,1
2211,0
2212,0
2213,1
2214,2
2215,1
2216,0
2217,2
2218,0
2219,1
2220,0
2222,2
2223,2
2226,1
2227,2
2229,2
2230,0
2232,0
2234,0
2237,0
2238,1
2240,1
2241,2
2242,0
2245,0
2246,0
2248,0
2249,0
2251,0
2252,2
2255,2
2256,0
2258,1
2259,2
2260,1
2262,1
2263,2
2265,0
2266,0
2268,0
2270,0
2271,0
2273,1
2275,1
2276,1
2277,2
2278,2
2279,0
2280,0
2281,2
2282,0
2284,0
2286,1
2287,1
2291,0
2292,0
2293,1
2295,1
2296,1
2297,0
2298,0
2300,0
2301,2
2302,0
2303,0
2304,0
2305,1
2306,0
2307,1
2311,0
2312,1
2314,1
2315,0
2316,2
2317,2
2318,0
2319,0
2320,2
2321,1
2322,2
2323,1
2324,1
2325,1
2326,0
2327,0
2328,2
2329,2
2330,1
2334,0
2335,1
2336,1
2337,0
2338,0
2339,1
2340,0
2341,1
2342,1
2343,1
2344,0
2348,0
2349,0
2350,1
2351,0
2352,0
2353,1
2354,2
2356,0
2357,1
2358,0
2359,0
2360,2
2361,2
2363,1
2365,0
2366,2
2369,1
2370,2
2371,0
2373,0
2374,1
2375,0
2376,1
2377,0
2379,2
2380,0
2382,1
2383,1
2386,1
2387,1
2388,0
2389,2
2390,0
2391,0
2392,1
2393,2
2394,0
2395,2
2398,1
2399,1
2400,2
2401,0
2402,0
2403,2
2404,1
2405,0
2406,1
2407,0
2408,2
2410,0
2413,1
2415,1
2416,1
2417,0
2418,0
2422,2
2423,0
2424,2
2425,0
2428,1
2429,1
2430,1
2431,0
2432,0
2433,1
2435,1
2437,0
2438,2
2439,2
2440,1
2441,0
2442,1
2444,1
2446,1
2448,0
2449,0
2450,0
2451,1
2452,1
2453,1
2454,0
2455,1
2456,1
2457,0
2458,0
2459,0
2460,1
2462,1
2463,0
2465,2
2466,0
2468,2
2471,1
2472,1
2476,0
2482,0
2485,0
2490,1
2493,0
2497,1
2501,0
2502,0
2506,0
2509,0
2513,1
2517,1
2521,0
2525,0
2526,0
2536,0
2538,0
2539,0
2540,0
2545,1
2547,0
2551,1
2553,1
2554,1
2555,0
2557,1
2558,0
2560,1
2562,2
2563,0
2564,0
2565,1
2566,2
2568,0
2571,0
2574,1
2577,0
2580,0
2581,1
2582,0
2587,0
2588,0
2589,1
2593,0
2594,1
2595,0
2597,1
2598,0
2599,0
2600,1
2601,0
2602,0
2603,1
2604,2
2605,0
2606,0
2607,2
2608,1
2609,1
2610,1
2611,1
2612,1
2613,0
2614,0
2615,1
2616,1
2618,0
2619,1
2622,0
2625,2
2626,0
2627,0
2628,2
2630,0
2631,0
2632,0
2633,0
2637,0
2638,1
2644,0
2645,1
2647,0
2673,0
2684,1
2693,0
2694,1
2707,2
2718,0
2723,2
2727,1
2732,0
2749,1
2753,1
2754,0
2765,1
2775,1
2776,1
2779,0
2780,0
2787,2
2788,0
2795,2
2806,0
2810,0
2813,1
2821,1
2825,2
2827,1
2829,2
2834,2
2839,0
2841,0
2844,0
2847,0
2878,0
2879,2
2881,0
2883,1
2892,2
2895,2
2902,1
2919,0
2920,2
2925,2
2931,0
2934,0
2935,0
2937,0
2940,0
2943,0
2944,1
2945,0
2946,0
2949,1
2953,1
2954,0
2956,1
2957,0
2958,0
2959,0
2962,0
2963,2
2967,2
2969,0
2977,2
2978,1
2979,0
2982,0
2995,1
3001,0
3007,1
3027,0
3029,2
3031,0
3033,0
3036,0
3037,0
3040,1
3046,2
3048,1
3050,1
3053,1
3054,1
3055,1
3056,1
3058,1
3059,2
3062,0
3063,0
3064,2
3068,2
3069,0
3079,1
3080,0
3084,0
3093,0
3096,1
3099,1
3100,2
3113,1
3114,0
3124,1
3132,1
3133,1
3134,1
3136,2
3138,0
3139,2
3144,2
3145,2
3146,1
3148,2
3149,0
3150,0
3159,1
3161,0
3164,1
3169,2
3170,2
3171,1
3174,2
3175,0
3176,0
3177,1
3178,1
3182,2
3183,1
3184,1
3185,1
3188,0
3189,1
3191,1
3193,1
3194,1
3201,0
3207,0
3210,0
3215,1
3217,0
3221,0
3225,0
3236,1
3237,0
3241,1
3253,1
3255,1
3256,0
3257,0
3263,0
3267,1
3269,0
3270,1
3272,1
3278,1
3281,0
3291,0
3292,2
3294,1
3295,2
3296,0
3299,0
3303,1
3306,0
3308,0
3311,0
3314,0
3315,1
3319,0
3336,2
3352,1
3361,2
3363,2
3367,0
3369,2
3372,1
3381,1
3383,1
3388,1
3389,2
3393,1
3399,2
3403,0
3408,1
3414,1
3415,2
3416,1
3417,0
3419,0
3428,1
3437,1
3438,0
3442,0
3443,0
3450,2
3455,2
3456,0
3457,0
3459,0
3470,2
3475,0
3490,1
3493,1
3494,0
3501,0
3503,0
3506,2
3507,1
3510,0
3513,0
3514,2
3515,1
3517,0
3520,0
3521,1
3523,2
3524,0
3525,1
3526,2
3528,1
3531,0
3532,2
3533,0
3535,2
3539,0
3540,0
3541,1
3542,1
3543,0
3546,2
3547,1
3553,2
3558,1
3559,0
3560,0
3564,0
3566,0
3567,1
3569,0
3571,0
3573,0
3574,2
3575,1
3577,2
3578,2
3579,1
3580,1
3582,1
3583,2
3586,2
3587,0
3588,0
3589,0
3590,1
3592,1
3593,0
3596,0
3597,0
3598,0
3599,0
3600,0
3601,1
3602,1
3606,0
3607,1
3608,2
3611,0
3613,2
3614,0
3616,1
3617,0
3618,1
3619,1
3620,0
3621,0
3622,1
3623,0
3625,0
3627,1
3628,1
3630,1
3632,0
3640,1
3648,2
3649,0
3650,0
3651,1
3652,0
3653,1
3657,1
3658,0
3665,0
3671,1
3672,2
3681,1
3682,2
3684,0
3689,2
3693,0
3695,2
3701,1
3702,1
3703,1
3704,2
3705,0
3706,0
3708,0
3710,2
3712,1
3713,0
3714,0
3715,0
3718,0
3719,0
3720,2
3721,1
3722,1
3723,2
3725,0
3726,0
3728,0
3734,1
3737,0
3740,2
3746,0
3747,0
3752,1
3757,0
3758,0
3759,0
3760,2
3761,1
3764,0
3765,1
3766,1
3770,0
3771,1
3773,1
3776,0
3779,1
3783,1
3786,0
3787,1
3790,1
3792,0
3793,1
3797,0
3798,0
3800,1
3801,0
3803,0
3804,0
3805,2
3806,0
3807,1
3808,0
3809,1
3811,0
3812,0
3813,1
3814,2
3816,0
3817,2
3818,0
3826,1
3828,1
3836,2
3837,0
3840,2
3841,0
3842,0
3843,1
3846,1
3848,0
3849,0
3850,1
3851,1
3852,1
3853,1
3854,1
3858,1
3860,0
3862,2
3863,0
3865,2
3869,0
3872,0
3875,0
3876,0
3877,1
3880,2
3881,0
3886,0
3892,0
3896,0
3900,0
3901,0
3902,1
3903,0
3904,0
3905,0
3906,1
3907,0
3908,0
3909,1
3911,1
3914,1
3915,1
3918,1
3920,1
3921,0
3925,0
3928,2
3930,0
3936,0
3937,1
3939,1
3940,0
3945,0
3947,1
3948,2
3951,1
3955,1
3959,0
3960,0
3962,1
3977,1
3978,0
3979,1
3980,2
3981,1
3986,2
3988,0
3990,0
3991,1
3992,1
3994,0
3999,0
4000,1
4001,2
4002,2
4003,1
4004,0
4007,0
4010,2
4011,1
4019,2
4020,2
4022,0
4027,0
4033,1
4034,2
4036,0
4039,1
4040,1
4041,1
4043,0
4048,0
4049,2
4050,2
4052,0
4056,2
4059,1
4060,1
4061,1
4063,0
4065,1
4066,1
4067,1
4070,2
4072,2
4073,1
4079,0
4080,0
4081,1
4084,1
4086,2
4087,1
4089,2
4090,0
4092,2
4128,1
4131,0
4141,0
4147,1
4158,1
4179,1
4188,0
4206,1
4217,0
4222,0
4234,0
4245,0
4249,1
4254,1
4262,1
4269,1
4274,1
4284,1
4285,1
4298,1
4302,0
4312,0
4318,1
4320,1
4322,1
4329,0
4331,2
4333,2
4334,1
4337,1
4344,0
4345,2
4347,1
4348,0
4352,2
4359,1
4360,2
4363,0
4366,0
4367,1
4369,0
4372,1
4374,0
4375,1
4379,1
4389,1
4390,0
4392,0
4393,1
4394,0
4396,0
4401,2
4408,0
4409,2
4411,2
4413,0
4415,1
4417,1
4419,0
4422,1
4424,0
4425,2
4426,1
4430,1
4435,0
4437,2
4438,0
4439,0
4440,1
4447,0
4450,1
4454,2
4458,2
4459,1
4460,0
4462,1
4464,0
4471,0
4473,1
4475,2
4476,1
4479,2
4484,2
4491,1
4502,0
4506,1
4508,1
4511,1
4513,0
4515,1
4516,1
4517,0
4519,1
4520,0
4523,2
4524,1
4525,0
4527,0
4529,0
4530,2
4531,0
4533,1
4534,2
4535,1
4536,0
4539,0
4541,2
4543,2
4545,0
4547,0
4549,1
4550,2
4551,1
4552,0
4553,1
4555,0
4556,1
4558,1
4559,0
4560,1
4562,1
4568,2
4569,1
4575,1
4576,1
4579,2
4581,1
4582,1
4586,1
4588,1
4590,0
4591,0
4594,1
4596,0
4597,2
4598,1
4600,1
4603,1
4606,0
4608,0
4610,1
4612,2
4613,0
4615,0
4619,2
4623,1
4624,0
4627,1
4629,0
4636,2
4638,0
4640,1
4644,1
4647,2
4648,0
4650,2
4652,0
4653,0
4656,0
4660,0
4661,1
4664,1
4665,1
4668,1
4671,1
4679,0
4688,0
4689,1
4691,0
4692,1
4693,1
4694,0
4695,1
4696,0
4697,1
4698,1
4700,1
4701,1
4703,0
4706,1
4708,2
4709,0
4710,1
4712,0
4713,1
4715,1
4716,0
4717,0
4720,2
4724,1
4725,0
4726,1
4728,0
4730,0
4731,1
4732,2
4734,2
4735,1
4737,1
4738,1
4739,1
4740,1
4741,1
4743,2
4745,2
4749,1
4750,1
4753,1
4755,0
4756,2
4759,0
4762,0
4763,0
4764,0
4765,1
4766,2
4767,1
4772,1
4774,0
4775,0
4778,1
4779,0
4780,2
4784,2
4785,0
4786,2
4788,0
4789,0
4791,1
4796,1
4797,2
4800,0
4802,0
4807,2
4808,1
4809,1
4811,1
4813,0
4816,1
4817,1
4818,1
4819,0
4820,0
4821,1
4822,0
4824,0
4829,2
4830,0
4831,0
4832,2
4833,1
4835,0
4836,0
4837,2
4838,0
4839,2
4840,0
4841,1
4842,2
4844,1
4845,0
4846,2
4847,0
4848,0
4849,1
4850,1
4851,1
4853,2
4854,2
4855,1
4856,2
4857,0
4858,0
4859,0
4860,2
4862,2
4864,1
4867,0
4868,1
4870,0
4874,1
4876,1
4878,0
4879,1
4880,1
4883,1
4884,2
4887,0
4888,0
4891,2
4892,2
4895,1
4898,2
4899,1
4900,2
4901,1
4903,2
4904,1
4905,1
4909,0
4910,0
4912,0
4913,0
4915,2
4916,0
4917,0
4918,2
4920,1
4921,1
4922,0
4923,1
4925,2
4926,1
4927,2
4929,0
4930,1
4931,2
4932,0
4934,1
4937,1
4940,1
4944,0
4945,2
4946,0
4948,2
4949,0
4951,2
4952,1
4953,2
4954,2
4955,0
4956,0
4958,1
4960,0
4961,0
4962,0
4963,0
4964,0
4965,1
4966,0
4967,1
4968,0
4969,1
4970,0
4971,2
4972,2
4978,0
4979,1
4981,2
4984,0
4985,1
4986,1
4988,1
4992,0
4993,0
4994,1
4995,1
4999,0
5002,0
5003,1
5004,0
5005,0
5007,1
5008,2
5010,1
5011,1
5013,1
5014,0
5019,1
5020,0
5022,0
5023,1
5025,1
5026,0
5027,2
5030,1
5031,1
5032,0
5033,0
5035,2
5036,1
5038,1
5042,1
5043,0
5044,0
5045,0
5047,1
5051,2
5052,2
5055,0
5056,2
5057,1
5059,0
5060,0
5061,2
5063,1
5065,2
5066,1
5067,1
5068,1
5069,2
5070,2
5072,0
5075,0
5077,1
5078,0
5081,1
5082,1
5083,2
5084,0
5087,1
5088,2
5089,0
5090,0
5091,1
5092,0
5093,1
5094,2
5096,2
5097,0
5099,1
5100,1
5102,1
5104,1
5106,2
5108,1
5109,2
5114,2
5115,0
5116,2
5117,0
5121,1
5123,2
5125,1
5127,0
5129,0
5131,0
5132,1
5133,2
5136,2
5137,0
5138,1
5140,0
5141,2
5143,0
5144,0
5146,0
5147,0
5150,1
5151,0
5152,0
5154,2
5155,1
5158,0
5160,1
5162,1
5167,1
5168,2
5169,0
5170,0
5171,2
5172,1
5173,0
5174,0
5175,2
5178,1
5179,2
5180,2
5181,0
5182,2
5184,2
5187,0
5189,0
5191,2
5192,1
5193,0
5194,2
5195,1
5196,0
5197,2
5200,0
5201,1
5205,0
5206,1
5207,1
5208,0
5210,0
5211,1
5212,0
5213,1
5214,0
5216,2
5217,2
5220,1
5221,2
5223,0
5224,2
5227,0
5228,1
5229,0
5230,0
5232,1
5234,0
5235,1
5236,1
5237,2
5239,0
5241,1
5242,0
5243,2
5244,0
5245,0
5247,1
5249,1
5252,2
5254,0
5256,2
5257,0
5258,2
5259,0
5260,0
5262,2
5264,0
5265,0
5266,2
5267,2
5268,0
5269,1
5270,0
5271,2
5275,0
5276,2
5277,1
5278,0
5279,1
5280,1
5281,2
5282,1
5283,0
5284,2
5285,1
5286,2
5287,0
5288,0
5289,0
5293,0
5294,0
5295,0
5296,1
5300,0
5301,0
5302,1
5304,1
5306,0
5307,1
5308,0
5309,1
5310,1
5311,2
5312,0
5314,0
5315,1
5317,2
5319,2
5323,0
5327,0
5328,1
5329,0
5330,2
5331,0
5333,2
5334,0
5336,1
5337,0
5338,1
5339,1
5340,2
5341,0
5343,0
5344,0
5345,0
5346,1
5348,0
5350,0
5352,2
5354,0
5357,1
5358,1
5359,1
5360,1
5361,1
5363,0
5364,1
5365,0
5367,0
5369,0
5372,1
5374,1
5376,1
5377,2
5378,1
5381,2
5383,2
5386,0
5388,0
5389,1
5390,0
5392,1
5393,0
5395,2
5396,1
5398,1
5399,0
5400,1
5401,1
5402,1
5403,1
5405,0
5406,0
5407,1
5408,1
5410,1
5412,2
5413,1
5415,1
5417,2
5419,0
5420,0
5425,0
5426,1
5427,0
5428,1
5429,2
5431,0
5432,0
5433,2
5435,0
5436,2
5438,0
5439,0
5440,0
5442,0
5443,1
5444,0
5447,2
5448,0
5449,2
5450,0
5452,1
5455,1
5459,2
5465,1
5473,0
5477,1
5478,0
5482,1
5483,1
5484,2
5485,1
5486,1
5487,0
5490,1
5491,1
5492,1
5495,1
5497,0
5498,2
5500,1
5501,0
5504,0
5506,1
5507,1
5508,1
5509,0
5511,0
5513,0
5514,1
5516,0
5517,2
5519,0
5520,0
5522,1
5524,1
5525,1
5527,2
5528,1
5529,1
5530,0
5531,0
5532,0
5533,1
5534,0
5536,0
5538,1
5539,1
5540,0
5542,1
5543,2
5544,1
5547,1
5548,0
5549,1
5550,2
5551,0
5553,0
5556,1
5557,1
5558,1
5559,1
5560,1
5561,2
5562,2
5563,1
5565,1
5567,1
5568,0
5569,0
5571,0
5572,2
5573,1
5576,0
5577,1
5578,0
5579,0
5581,2
5582,1
5583,1
5584,1
5585,0
5589,0
5590,1
5591,2
5594,1
5598,1
5600,0
5602,1
5603,1
5604,0
5606,1
5607,1
5608,1
5609,0
5610,0
5611,0
5613,1
5614,1
5615,1
5616,1
5617,0
5619,2
5622,2
5624,0
5625,1
5626,2
5627,1
5629,0
5631,0
5633,0
5634,2
5636,0
5637,0
5638,1
5639,2
5640,1
5641,1
5642,0
5645,0
5647,0
5648,0
5649,0
5650,1
5651,0
5652,0
5653,0
5655,1
5656,2
5658,1
5659,2
5660,2
5661,2
5662,0
5663,1
5664,0
5666,1
5667,1
5670,1
5673,1
5674,2
5675,1
5676,0
5680,1
5683,0
5686,2
5687,0
5690,0
5691,1
5692,0
5693,0
5696,2
5697,1
5699,1
5701,1
5704,0
5706,0
5708,1
5709,0
5713,2
5715,2
5716,1
5718,2
5719,1
5720,1
5721,0
5728,2
5731,0
5734,1
5735,0
5737,0
5741,0
5757,1
5761,0
5762,0
5765,0
5772,1
5773,1
5775,2
5776,2
5777,0
5778,1
5780,1
5781,2
5785,1
5786,0
5787,0
5789,2
5794,1
5797,1
5799,0
5802,0
5804,0
5805,0
5807,1
5808,2
5810,1
5811,1
5813,2
5814,0
5816,0
5817,0
5819,0
5821,1
5823,2
5824,1
5825,2
5828,0
5829,1
5830,0
5832,0
5833,0
5834,0
5835,0
5836,0
5837,1
5838,0
5839,1
5841,0
5842,2
5844,1
5845,0
5846,1
5847,1
5848,2
5849,0
5851,1
5852,1
5853,1
5854,2
5855,1
5856,0
5857,2
5858,0
5859,2
5860,2
5861,0
5862,1
5863,2
5864,1
5865,1
5866,2
5867,1
5870,2
5872,0
5874,0
5876,0
5877,1
5878,1
5879,2
5880,1
5881,0
5882,1
5886,0
5887,0
5889,2
5890,0
5891,0
5892,2
5893,0
5894,1
5896,0
5898,1
5900,2
5902,1
5903,1
5904,0
5905,0
5906,2
5910,0
5912,0
5914,2
5915,1
5921,0
5925,0
5928,2
5929,1
5930,0
5931,0
5933,0
5934,2
5935,1
5937,0
5938,0
5939,0
5941,2
5942,0
5947,2
5950,2
5952,2
5955,0
5958,1
5959,2
5962,1
5967,0
5978,1
5979,2
5980,1
5982,1
5983,1
5984,0
5985,1
5986,0
5987,1
5993,2
5994,0
5995,0
5996,1
5997,1
5998,0
6001,0
6002,0
6005,1
6006,2
6009,2
6017,0
6018,1
6020,0
6023,1
6024,0
6025,0
6026,1
6027,2
6029,1
6031,0
6034,0
6035,0
6037,1
6040,1
6041,0
6042,0
6045,0
6047,0
6052,1
6055,0
6056,0
6060,0
6066,0
6068,0
6069,0
6070,1
6072,1
6083,0
6087,1
6107,0
6114,0
6115,2
6116,1
6118,1
6120,2
6134,1
6140,1
6141,1
6143,0
6150,1
6151,0
6154,1
6155,1
6156,1
6160,1
6161,1
6166,0
6167,2
6168,1
6169,0
6170,2
6171,1
6172,0
6173,1
6178,1
6179,0
6184,1
6185,0
6187,0
6188,0
6190,2
6193,1
6197,2
6200,1
6204,0
6205,1
6207,1
6210,2
6211,2
6216,1
6218,0
6222,1
6229,2
6232,0
6233,0
6234,1
6235,0
6238,1
6243,0
6246,2
6248,0
6267,2
6280,2
6298,0
6309,2
6313,1
6316,1
6322,1
6324,1
6331,0
6337,1
6355,2
6361,2
6366,0
6367,0
6374,2
6377,1
6379,1
6381,0
6382,1
6389,2
6395,0
6400,2
6401,1
6402,1
6405,1
6407,1
6412,0
6414,0
6416,0
6419,0
6425,0
6427,0
6431,1
6437,0
6439,0
6445,1
6450,1
6452,0
6457,0
6460,2
6462,1
6464,0
6473,1
6486,1
6497,2
6521,0
6527,2
6532,0
6533,2
6534,0
6555,2
6557,1
6564,1
6566,2
6568,0
6588,0
6592,1
6609,1
6610,0
6612,0
6618,1
6619,0
6621,2
6630,2
6649,0
6655,1
6667,1
6671,0
6680,0
6686,0
6687,0
6688,0
6689,0
6701,0
6704,0
6705,0
6707,0
6708,0
6709,0
6712,1
6716,0
6717,0
6722,0
6723,1
6725,1
6731,1
6732,1
6733,1
6734,1
6737,1
6740,0
6748,1
6752,0
6757,0
6761,2
6772,0
6774,0
6783,1
6784,0
6785,0
6789,0
6791,0
6792,0
6794,2
6796,0
6797,2
6798,1
6799,0
6808,1
6809,1
6814,1
6816,0
6818,0
6821,2
6822,1
6824,1
6827,0
6829,1
6833,1
6846,0
6850,0
6854,1
6856,1
6862,0
6877,1
6888,0
6892,0
6918,1
6919,0
6925,0
6934,0
6946,1
6967,0
6980,1
6983,1
6986,1
7009,1
7013,1
7018,1
7020,0
7021,0
7026,0
7027,0
7028,1
7029,2
7030,2
7031,1
7033,1
7034,0
7036,1
7037,0
7038,0
7039,2
7040,2
7041,1
7043,2
7044,1
7045,0
7050,0
7052,0
7054,0
7055,2
7057,0
7058,2
7059,2
7064,1
7069,0
7070,2
7071,1
7074,0
7076,0
7077,1
7078,1
7081,2
7082,1
7084,1
7085,0
7086,2
7094,0
7096,0
7120,0
7121,0
7128,0
7131,0
7134,0
7135,1
7141,1
7148,0
7151,0
7154,1
7156,2
7159,1
7163,1
7167,2
7172,2
7175,1
7181,0
7182,2
7185,0
7190,0
7194,1
7196,1
7199,1
7203,1
7204,0
7207,0
7211,1
7216,2
7217,0
7218,2
7227,1
7228,0
7237,0
7240,1
7246,1
7251,2
7252,2
7253,1
7254,0
7258,0
7259,0
7261,2
7269,0
7285,1
7287,0
7288,2
7291,0
7296,0
7297,0
7300,1
7304,0
7306,1
7312,1
7314,0
7315,2
7322,0
7326,2
7328,1
7339,1
7349,1
7359,0
7362,1
7369,1
7370,1
7376,1
7377,1
7378,1
7379,1
7414,0
7418,1
7428,1
7444,0
7476,1
7484,0
7493,1
7500,2
7506,2
7507,0
7511,1
7518,2
7525,0
7527,2
7532,1
7535,2
7538,1
7541,0
7547,0
7554,1
7560,0
7564,1
7577,0
7586,1
7591,2
7596,2
7598,1
7614,1
7618,2
7620,0
7621,0
7638,0
7642,0
7655,1
7657,2
7676,2
7684,1
7685,0
7689,0
7693,0
7694,0
7695,0
7698,0
7699,0
7700,2
7701,0
7705,2
7706,2
7707,0
7708,1
7710,0
7727,0
7730,1
7731,0
7737,0
7739,1
7742,1
7766,1
7771,1
7772,0
7777,2
7780,0
7782,2
7799,0
7803,0
7807,1
7808,1
7809,1
7810,1
7812,0
7816,1
7817,1
7818,0
7819,1
7820,1
7822,0
7826,2
7835,1
7839,1
7841,0
7845,1
7846,1
7847,1
7850,0
7851,2
7853,0
7856,0
7859,1
7873,1
7875,0
7883,0
7885,0
7887,0
7895,1
7897,0
7899,0
7902,1
7907,0
7908,0
7910,1
7920,1
7923,1
7930,2
7934,2
7935,0
7936,0
7950,1
7955,1
7965,1
7969,0
7972,0
7976,1
7984,0
8004,0
8005,2
8006,2
8015,2
8020,1
8021,0
8022,1
8026,0
8035,1
8038,1
8040,2
8041,1
8051,0
8054,1
8063,0
8073,2
8076,0
8078,1
8080,0
8107,0
8113,0
8116,0
8118,0
8120,0
8123,1
8127,0
8137,0
8155,1
8160,1
8161,0
8169,2
8184,0
8189,0
8194,0
8195,1
8196,1
8197,0
8201,2
8205,2
8208,1
8209,0
8211,0
8218,1
8236,1
8240,0
8242,1
8244,1
8254,2
8255,2
8264,0
8269,1
8271,1
8278,1
8281,2
8288,1
8290,0
8293,0
8296,2
8299,0
8303,0
8304,0
8317,1
8323,1
8324,1
8329,0
8330,1
8333,0
8334,0
8335,1
8345,2
8350,0
8355,2
8364,0
8366,2
8367,0
8372,2
8373,0
8387,0
8389,1
8391,2
8393,2
8394,2
8395,2
8396,2
8408,1
8412,0
8413,0
8416,2
8418,2
8422,0
8423,2
8426,0
8432,1
8434,1
8436,1
8437,2
8438,0
8439,0
8442,1
8443,1
8456,2
8463,2
8464,1
8474,1
8476,1
8482,0
8485,1
8495,0
8500,2
8514,2
8519,1
8527,2
8528,1
8530,1
8531,0
8534,0
8536,1
8537,0
8538,1
8540,1
8544,0
8548,1
8550,0
8551,0
8552,0
8556,0
8558,0
8560,1
8562,1
8565,2
8566,0
8567,0
8569,0
8570,0
8571,0
8572,0
8573,1
8579,1
8580,0
8581,2
8584,1
8586,0
8587,1
8588,2
8595,0
8597,1
8598,2
8599,2
8607,0
8610,1
8611,0
8614,2
8616,2
8617,0
8619,0
8623,0
8628,0
8633,0
8634,0
8635,1
8636,2
8637,1
8638,1
8641,1
8642,2
8643,1
8645,0
8649,1
8650,2
8655,1
8659,2
8662,1
8663,0
8664,1
8665,1
8668,1
8669,1
8670,0
8671,2
8681,2
8688,1
8690,1
8692,0
8693,1
8696,2
8699,0
8702,1
8707,1
8708,1
8713,0
8714,1
8716,1
8717,0
8720,0
8721,1
8722,2
8728,1
8730,0
8734,1
8735,0
8738,1
8740,1
8742,0
8748,1
8750,0
8761,0
8768,0
8769,1
8770,2
8771,1
8779,2
8783,1
8784,1
8786,1
8790,2
8793,1
8794,1
8797,2
8799,0
8803,0
8804,0
8808,1
8813,0
8815,0
8816,0
8818,1
8822,2
8830,2
8838,0
8841,0
8843,2
8846,1
8847,1
8863,1
8876,0
8878,1
8880,0
8881,1
8882,0
8897,0
8901,0
8903,1
8904,0
8909,0
8912,1
8913,1
8914,2
8915,0
8918,0
8920,0
8922,1
8924,1
8925,1
8927,1
8928,1
8929,1
8933,1
8937,1
8938,0
8941,1
8945,1
8947,0
8948,0
8950,1
8951,0
8953,0
8955,2
8956,1
8958,1
8959,1
8960,1
8961,0
8966,1
8967,1
8969,0
8970,2
8972,2
8975,1
8976,1
8986,1
8987,1
8988,1
8989,0
8993,1
8994,0
8995,2
8997,0
8998,1
8999,1
9000,0
9001,1
9002,0
9003,1
9006,1
9008,2
9012,2
9013,0
9018,1
9019,1
9020,0
9021,1
9026,2
9028,0
9031,1
9032,2
9033,1
9036,2
9037,1
9041,1
9046,0
9049,1
9051,1
9052,0
9055,1
9057,1
9062,1
9063,0
9064,1
9073,1
9074,0
9077,1
9078,1
9079,0
9080,2
9087,0
9088,1
9092,1
9097,0
9098,1
9099,0
9100,1
9101,1
9102,1
9103,0
9104,1
9106,2
9107,2
9113,0
9115,0
9116,1
9120,1
9122,1
9123,0
9124,1
9125,0
9126,1
9130,1
9138,2
9140,1
9145,2
9146,0
9147,1
9149,1
9152,2
9155,2
9159,1
9161,0
9165,0
9167,1
9168,0
9170,0
9172,2
9173,1
9174,2
9178,0
9179,0
9181,0
9183,0
9184,1
9186,1
9187,1
9188,1
9189,1
9194,1
9196,2
9203,1
9204,0
9209,1
9211,0
9216,1
9218,2
9219,0
9227,0
9229,0
9231,1
9236,2
9237,1
9238,1
9241,0
9242,1
9244,1
9245,0
9247,0
9251,2
9256,2
9258,1
9260,0
9262,0
9265,0
9266,1
9269,0
9270,2
9275,0
9278,1
9281,2
9283,0
9284,0
9285,1
9286,2
9291,1
9293,1
9301,1
9302,2
9304,1
9306,1
9311,2
9313,1
9314,2
9315,1
9316,1
9318,1
9319,1
9320,0
9321,0
9322,0
9324,1
9326,0
9327,0
9328,0
9330,0
9335,2
9336,0
9339,1
9340,1
9341,1
9342,0
9343,2
9346,0
9347,1
9349,0
9350,1
9352,1
9354,1
9355,2
9356,1
9358,0
9359,0
9363,1
9365,1
9369,0
9371,0
9372,0
9374,0
9376,1
9379,0
9380,2
9381,0
9385,0
9387,2
9391,1
9394,0
9396,0
9397,1
9400,1
9401,0
9403,1
9406,0
9409,1
9415,0
9417,0
9420,0
9422,1
9424,0
9428,1
9429,2
9430,2
9432,1
9434,0
9437,0
9438,1
9440,2
9442,2
9445,1
9449,0
9453,0
9454,0
9456,1
9458,0
9463,0
9466,0
9469,0
9470,0
9473,0
9479,2
9480,1
9481,0
9482,0
9486,1
9489,0
9494,1
9502,2
9506,0
9512,2
9513,0
9518,1
9521,0
9522,0
9523,1
9525,1
9530,1
9533,1
9537,1
9541,0
9550,2
9551,0
9556,0
9560,0
9564,1
9566,1
9574,0
9577,0
9580,2
9585,1
9591,2
9593,0
9596,0
9604,0
9606,1
9607,1
9608,0
9622,0
9626,1
9633,1
9634,1
9636,0
9638,0
9640,0
9641,1
9645,2
9650,0
9651,0
9654,2
9658,1
9661,0
9690,2
9692,2
9697,2
9701,0
9703,2
9719,2
9720,1
9721,0
9728,1
9729,2
9731,1
9732,0
9733,0
9738,0
9750,0
9755,1
9768,0
9779,1
9783,1
9786,2
9792,2
9793,0
9794,0
9798,1
9801,1
9812,1
9816,1
9825,1
9827,1
9830,0
9834,0
9847,0
9849,0
9850,0
9858,1
9863,1
9864,0
9867,0
9869,2
9870,2
9874,0
9877,1
9879,1
9880,2
9882,0
9883,1
9884,0
9885,0
9886,0
9887,2
9888,1
9891,1
9892,1
9895,1
9896,0
9897,1
9899,1
9905,2
9906,1
9908,1
9911,0
9912,0
9914,2
9915,0
9919,1
9921,1
9923,2
9930,1
9938,0
9949,2
9950,1
9954,1
9955,1
9974,1
9985,1
9986,0
9987,1
9990,0
9996,0
10005,0
10006,2
10012,0
10021,0
10035,0
10054,0
10055,1
10071,1
10074,2
10077,1
10079,1
10084,2
10087,1
10089,2
10092,0
10094,1
10096,2
10100,0
10102,0
10104,0
10107,2
10109,1
10116,1
10118,0
10133,1
10134,1
10136,1
10138,0
10141,0
10151,1
10156,1
10157,2
10158,2
10165,1
10166,0
10174,1
10177,1
10181,1
10183,1
10184,1
10189,0
10191,0
10194,1
10196,0
10200,0
10202,0
10204,0
10207,1
10208,2
10209,1
10217,1
10219,1
10220,2
10221,1
10227,0
10230,1
10233,2
10236,0
10238,0
10246,0
10251,0
10253,1
10255,1
10260,1
10261,0
10263,1
10265,1
10266,1
10269,0
10271,2
10275,1
10277,2
10280,0
10285,1
10288,0
10290,1
10291,1
10292,1
10294,2
10296,0
10302,0
10312,2
10348,1
10357,1
10373,2
10385,1
10388,0
10391,0
10394,0
10397,0
10398,1
10405,1
10414,0
10420,0
10421,2
10430,0
10431,1
10434,0
10439,1
10441,1
10442,1
10443,1
10444,1
10446,0
10452,1
10460,1
10461,0
10466,0
10467,0
10469,2
10470,1
10471,1
10473,1
10475,1
10478,1
10480,0
10484,0
10485,0
10486,1
10487,0
10488,1
10490,1
10492,0
10493,0
10497,0
10503,2
10504,1
10507,0
10511,2
10512,0
10514,0
10515,0
10519,2
10522,2
10526,1
10532,0
10534,0
10536,0
10541,1
10543,1
10544,1
10547,1
10552,1
10562,0
10563,1
10564,0
10567,0
10570,1
10575,0
10580,1
10581,0
10582,0
10584,1
10586,2
10587,0
10588,1
10589,0
10590,1
10597,1
10599,0
10607,0
10616,1
10621,0
10625,1
10629,1
10632,1
10636,1
10638,2
10640,0
10641,0
10642,1
10645,0
10647,1
10650,2
10652,1
10656,0
10659,0
10661,0
10662,1
10664,2
10666,0
10671,0
10673,1
10678,1
10681,1
10682,2
10683,1
10684,1
10690,0
10692,1
10693,1
10696,2
10701,0
10702,0
10707,0
10708,1
10712,1
10713,1
10718,1
10720,0
10722,1
10723,1
10724,2
10725,1
10726,0
10727,0
10733,1
10734,0
10738,0
10739,0
10743,2
10744,1
10745,0
10748,1
10750,1
10751,0
10755,1
10756,0
10757,1
10759,1
10763,0
10764,0
10765,0
10767,1
10769,1
10770,0
10771,1
10776,1
10777,1
10779,1
10783,0
10785,2
10793,1
10797,1
10799,1
10800,1
10801,0
10802,1
10804,1
10805,1
10807,1
10808,1
10809,0
10810,0
10811,1
10814,0
10819,1
10820,0
10822,1
10823,1
10824,2
10825,2
10826,0
10827,2
10830,0
10833,0
10834,1
10835,1
10836,0
10844,1
10846,2
10847,1
10848,1
10850,1
10851,1
10854,1
10855,0
10856,0
10858,1
10860,2
10863,1
10864,2
10865,0
10869,0
10870,1
10871,1
10873,1
10879,1
10881,1
10882,0
10883,2
10887,1
10889,1
10893,2
10896,0
10897,1
10900,0
10903,2
10904,2
10906,0
10915,0
10918,1
10919,0
10920,1
10922,0
10923,2
10924,1
10925,2
10927,0
10929,1
10930,1
10932,0
10936,0
10937,1
10938,0
10942,1
10948,0
10949,1
10950,2
10951,1
10953,2
10956,2
10958,2
10959,2
10960,0
10961,2
10962,0
10963,0
10964,1
10969,2
10974,0
10976,1
10978,1
10984,1
10986,1
10987,1
10988,1
10989,2
10992,1
10997,2
10999,0
11001,0
11003,0
11005,2
11007,0
11009,1
11011,1
11012,0
11016,0
11017,0
11023,1
11026,0
11031,0
11032,1
11033,1
11034,1
11035,1
11039,1
11041,1
11042,0
11043,1
11044,1
11045,2
11046,1
11048,0
11049,1
11051,0
11052,2
11053,1
11054,1
11055,0
11058,1
11064,1
11065,1
11069,0
11092,1
11094,1
11107,0
11111,0
11116,0
11123,0
11125,0
11129,1
11132,2
11136,1
11138,0
11143,1
11144,1
11152,1
11154,1
11155,1
11158,0
11160,0
11162,0
11163,0
11164,1
11168,1
11172,1
11173,1
11176,0
11182,0
11184,1
11197,1
11199,1
11200,1
11201,0
11204,0
11206,1
11210,0
11211,0
11212,0
11213,1
11219,1
11220,0
11221,1
11222,1
11228,0
11230,0
11231,0
11234,1
11238,0
11239,0
11241,1
11242,0
11246,0
11247,1
11248,0
11250,0
11252,0
11255,0
11258,0
11259,0
11268,0
11273,1
11274,0
11275,0
11279,0
11284,2
11296,1
11297,1
11302,1
11309,2
11310,1
11317,0
11318,0
11319,0
11323,0
11324,0
11326,1
11328,1
11330,1
11331,0
11333,2
11336,2
11338,0
11340,0
11341,1
11342,1
11344,1
11345,0
11346,1
11347,2
11351,1
11354,1
11363,1
11366,2
11368,2
11370,0
11374,0
11375,2
11378,1
11381,1
11388,0
11389,1
11390,1
11394,2
11398,1
11399,2
11401,0
11402,0
11403,0
11404,0
11405,0
11407,0
11411,1
11416,1
11417,1
11419,0
11421,1
11424,1
11426,1
11427,0
11429,1
11431,0
11433,1
11434,1
11435,0
11437,1
11439,1
11441,0
11443,0
11445,2
11446,2
11451,0
11457,0
11458,2
11462,1
11468,0
11471,0
11476,0
11478,0
11481,1
11484,0
11485,2
11486,0
11488,1
11491,1
11493,2
11496,1
11497,0
11504,0
11508,0
11510,1
11511,1
11515,0
11518,1
11519,2
11521,1
11525,1
11527,1
11532,1
11534,1
11538,1
11540,1
11545,0
11549,0
11550,0
11554,0
11555,2
11558,1
11559,1
11563,1
11564,0
11567,1
11569,0
11573,1
11576,1
11582,1
11586,1
11590,2
11597,0
11601,1
11608,0
11609,0
11616,1
11618,1
11620,0
11621,1
11622,0
11624,0
11625,0
11630,1
11631,0
11632,0
11637,0
11640,1
11641,0
11643,1
11645,0
11646,1
11649,2
11651,1
11656,1
11662,1
11664,1
11694,1
11699,1
11701,1
11709,2
11712,0
11722,0
11724,0
11728,0
11751,2
11752,1
11754,2
11760,1
11763,1
11772,0
11773,0
11775,2
11779,1
11781,1
11782,2
11784,2
11785,2
11788,1
11789,0
11791,1
11792,2
11793,0
11805,2
11809,2
11810,1
11811,0
11812,0
11813,1
11814,1
11815,1
11817,1
11818,2
11821,0
11824,0
11825,2
11826,0
11834,2
11841,2
11843,0
11848,1
11849,0
11850,1
11851,1
11855,1
11856,1
11860,0
11877,1
11878,0
11880,2
11882,1
11883,0
11884,2
11885,1
11886,1
11889,0
11892,0
11893,0
11898,0
11908,0
11912,0
11914,1
11917,2
11921,2
11922,0
11924,0
11929,0
11931,1
11932,1
11933,1
11934,0
11942,1
11949,0
11950,0
11951,1
11952,0
11953,0
11960,1
11961,2
11962,0
11963,2
11966,1
11967,0
11971,2
11973,2
11977,1
11981,1
11984,0
11987,2
11988,0
11990,2
11991,1
11996,1
12000,0
12001,0
12006,1
12007,0
12008,1
12009,2
12010,2
12011,0
12012,0
12013,1
12014,2
12015,1
12016,1
12017,0
12023,2
12024,2
12028,2
12033,2
12042,0
12045,0
12047,1
12049,0
12050,0
12055,0
12056,1
12057,2
12058,2
12061,0
12063,1
12064,1
12065,1
12067,2
12068,1
12069,1
12072,2
12073,0
12076,0
12077,2
12078,1
12079,0
12081,1
12085,1
12089,1
12090,0
12091,0
12092,1
12093,0
12094,0
12095,1
12097,0
12098,1
12101,1
12105,0
12107,2
12112,1
12116,0
12117,0
12118,1
12120,2
12122,2
12123,1
12126,1
12131,0
12138,0
12142,0
12150,0
12151,0
12157,0
12161,1
12163,1
12164,0
12166,2
12168,0
12170,0
12171,0
12172,0
12173,1
12174,1
12175,0
12177,0
12178,2
12179,1
12180,1
12182,0
12183,0
12186,0
12187,1
12189,1
12190,2
12191,0
12192,1
12193,0
12195,1
12196,2
12197,1
12198,0
12199,0
12200,1
12201,2
12202,1
12203,1
12207,0
12208,0
12209,1
12210,1
12211,1
12214,1
12216,1
12220,1
12221,0
12223,0
12225,1
12226,1
12229,2
12230,0
12231,1
12232,2
12233,0
12234,1
12235,0
12236,1
12237,1
12238,1
12239,1
12243,1
12244,1
12246,2
12248,2
12249,0
12250,1
12252,0
12253,0
12254,1
12255,1
12265,1
12266,1
12267,1
12269,2
12271,0
12273,0
12274,0
12277,0
12281,1
12283,1
12286,0
12287,2
12294,0
12295,1
12318,0
12324,1
12325,2
12326,1
12328,2
12329,0
12332,2
12352,0
12354,0
12360,0
12366,2
12368,0
12372,1
12378,2
12379,2
12381,1
12385,0
12387,1
12391,1
12392,1
12396,1
12397,0
12398,0
12403,1
12408,1
12410,2
12417,2
12421,0
12423,0
12425,0
12427,1
12430,2
12432,0
12434,2
12435,1
12436,2
12437,1
12441,1
12442,1
12443,0
12448,0
12449,1
12450,0
12458,0
12459,1
12462,0
12467,2
12471,0
12474,0
12482,2
12491,0
12492,2
12493,1
12495,1
12496,2
12500,0
12502,1
12503,1
12505,2
12507,2
12514,1
12515,0
12517,1
12518,0
12523,1
12525,1
12526,0
12527,2
12533,0
12534,0
12539,1
12540,2
12542,2
12543,0
12546,1
12548,2
12549,0
12550,1
12551,0
12552,0
12554,1
12556,1
12560,1
12561,2
12562,1
12564,1
12568,0
12573,0
12579,1
12580,0
12583,1
12585,2
12586,0
12588,0
12589,2
12590,1
12594,2
12595,1
12596,2
12597,1
12598,1
12605,1
12607,1
12610,0
12613,2
12616,0
12618,1
12622,0
12623,1
12626,2
12629,1
12633,0
12634,1
12637,0
12642,2
12645,0
12650,1
12655,2
12658,1
12659,0
12670,1
12677,1
12683,1
12686,1
12689,1
12690,1
12692,1
12695,1
12696,1
12698,0
12699,1
12701,1
12702,0
12703,0
12706,1
12707,1
12708,2
12709,2
12710,1
12711,1
12712,1
12713,0
12714,2
12716,1
12717,2
12719,0
12720,0
12721,1
12722,2
12723,1
12724,0
12726,1
12727,0
12728,1
12729,2
12730,1
12733,2
12735,0
12736,0
12737,0
12738,1
12739,1
12743,1
12744,1
12745,0
12746,1
12747,2
12750,0
12754,0
12756,1
12757,2
12758,1
12759,1
12761,1
12763,2
12766,1
12767,2
12768,0
12769,0
12773,1
12776,1
12778,1
12780,0
12782,2
12783,0
12785,2
12791,2
12794,0
12796,2
12801,1
12803,0
12808,0
12810,0
12812,2
12815,1
12817,0
12819,2
12820,1
12821,1
12822,2
12823,2
12824,1
12825,0
12827,2
12828,0
12829,1
12830,0
12831,0
12833,0
12837,1
12839,0
12841,1
12842,1
12844,1
12845,0
12849,1
12850,2
12852,0
12873,1
12883,0
12888,1
12889,1
12903,1
12904,0
12906,0
12907,2
12908,0
12909,0
12910,1
12911,0
12916,0
12918,2
12920,0
12921,1
12922,0
12926,2
12930,0
12932,2
12933,0
12934,1
12942,0
12944,1
12945,0
12946,0
12950,0
12953,1
12954,1
12955,1
12958,0
12960,1
12961,1
12962,2
12963,2
12964,0
12966,1
12968,1
12972,0
12976,1
12980,2
12982,0
12991,1
12992,1
12994,2
12995,0
12997,1
13004,0
13007,2
13015,2
13018,2
13019,1
13021,1
13024,1
13026,0
13028,1
13034,2
13035,0
13040,1
13041,1
13046,0
13051,1
13052,0
13053,0
13059,0
13063,1
13064,2
13066,1
13072,1
13074,0
13075,1
13076,0
13077,0
13078,0
13080,1
13081,1
13090,1
13094,2
13103,0
13107,1
13111,2
13115,1
13116,1
13118,0
13120,2
13121,1
13122,0
13123,0
13124,0
13125,0
13127,1
13128,0
13130,0
13131,0
13132,0
13134,1
13135,1
13136,1
13138,0
13143,2
13145,2
13147,2
13148,1
13152,0
13154,0
13156,1
13158,0
13164,0
13175,1
13179,0
13188,1
13189,2
13191,1
13192,2
13193,1
13194,0
13195,0
13196,2
13202,1
13206,2
13208,0
13209,1
13210,2
13211,1
13212,1
13213,2
13215,0
13216,0
13221,1
13222,2
13224,1
13225,2
13241,1
13242,1
13243,0
13249,1
13253,2
13254,0
13255,0
13256,1
13257,0
13259,2
13260,0
13262,0
13263,0
13264,2
13266,1
13267,1
13269,2
13270,1
13276,2
13277,1
13279,2
13283,1
13285,2
13289,1
13291,1
13293,2
13295,1
13297,1
13301,0
13306,1
13307,1
13308,1
13311,1
13321,0
13323,1
13324,1
13326,1
13334,0
13335,0
13338,0
13347,1
13348,2
13349,1
13358,1
13362,1
13368,0
13373,0
13379,0
13380,1
13381,1
13382,1
13383,0
13384,1
13387,0
13388,1
13389,0
13390,1
13399,1
13400,1
13401,2
13403,0
13409,2
13417,0
13427,2
13429,0
13436,1
13444,0
13445,2
13446,0
13447,1
13450,1
13455,2
13456,1
13457,0
13458,0
13459,0
13460,0
13462,2
13463,0
13465,0
13467,0
13468,0
13469,0
13471,2
13473,0
13474,2
13477,0
13479,1
13480,0
13481,0
13482,0
13483,0
13487,0
13488,1
13489,0
13492,1
13493,2
13494,1
13495,2
13496,2
13497,0
13498,0
13500,1
13501,0
13502,1
13503,0
13505,0
13506,1
13507,0
13508,0
13509,0
13510,0
13511,1
13513,2
13514,0
13516,1
13518,1
13519,0
13521,1
13522,2
13523,0
13526,0
13527,1
13528,2
13530,2
13531,2
13533,2
13534,0
13537,1
13538,2
13539,2
13540,0
13542,0
13544,1
13545,0
13546,2
13547,2
13548,0
13549,2
13553,2
13556,2
13558,1
13559,1
13560,2
13561,0
13562,1
13564,1
13565,1
13567,2
13571,1
13575,0
13603,0
13616,2
13623,0
13626,1
13630,1
13635,1
13636,2
13642,1
13653,1
13654,1
13656,0
13658,0
13662,1
13665,1
13669,1
13670,2
13672,2
13676,0
13677,2
13682,1
13686,0
13687,2
13688,0
13689,0
13690,1
13691,2
13693,0
13694,0
13695,1
13696,0
13701,1
13702,1
13703,0
13704,1
13707,2
13708,0
13712,0
13716,1
13717,0
13718,0
13719,0
13721,0
13722,1
13724,1
13725,2
13726,0
13727,1
13729,1
13730,2
13732,1
13734,0
13735,0
13736,0
13737,1
13738,0
13740,1
13746,2
13748,1
13751,0
13756,1
13760,2
13763,0
13764,0
13768,2
13769,0
13771,2
13774,0
13776,2
13780,1
13781,0
13782,1
13783,2
13794,1
13796,1
13804,1
13805,1
13808,1
13810,0
13812,0
13816,0
13817,1
13822,1
13826,0
13829,0
13831,1
13835,2
13837,0
13838,0
13839,2
13843,0
13844,2
13854,1
13861,2
13872,2
13876,2
13878,1
13882,2
13884,1
13889,0
13895,2
13897,1
13898,1
13902,1
13904,1
13907,1
13909,0
13910,0
13915,2
13917,1
13919,2
13924,2
13929,0
13931,1
13936,0
13940,1
13941,2
13944,0
13945,2
13947,1
13948,0
13951,0
13954,0
13955,0
13957,1
13960,1
13961,1
13964,0
13967,1
13968,2
13969,0
13970,0
13972,1
13973,1
13974,0
13975,2
13976,2
13977,1
13978,0
13979,2
13980,0
13981,0
13982,1
13983,1
13984,0
13985,1
13986,0
13987,0
13989,2
13991,2
13992,1
13993,1
13994,1
13995,0
13996,1
13997,1
13998,0
13999,0
14000,2
14001,1
14002,2
14004,1
14005,2
14007,1
14011,0
14017,0
14020,1
14023,1
14024,0
14026,1
14027,0
14029,0
14030,0
14034,0
14035,2
14036,0
14037,1
14038,1
14039,1
14056,1
14070,2
14076,2
14082,2
14084,1
14087,0
14094,1
14097,1
14099,2
14104,1
14107,2
14108,1
14109,1
14110,1
14113,1
14114,0
14116,0
14119,1
14120,0
14121,0
14122,2
14123,1
14124,2
14134,0
14137,1
14139,1
14140,1
14141,0
14143,1
14144,0
14150,0
14155,0
14158,0
14161,0
14163,0
14166,1
14168,0
