,labels
3,3
5,0
6,2
8,1
9,4
10,3
11,4
12,1
13,3
14,4
15,3
16,0
18,1
19,1
20,0
22,4
23,2
24,3
25,1
26,4
27,3
28,4
29,1
30,3
31,0
32,0
33,0
36,0
37,0
38,0
39,1
41,2
43,3
45,4
46,1
47,2
48,3
49,0
50,4
51,1
52,1
53,1
55,1
56,2
57,0
59,3
60,2
61,4
63,1
64,2
65,0
66,3
67,4
68,1
69,1
70,1
71,4
72,0
73,4
74,4
75,2
76,1
77,4
78,1
80,2
81,0
82,3
83,0
85,4
86,4
87,1
88,0
89,3
90,0
91,1
92,4
93,1
94,4
95,1
96,1
97,2
98,0
99,4
100,0
101,1
102,1
103,0
104,1
107,3
108,4
109,4
110,4
111,1
112,2
113,0
114,1
115,4
116,0
117,0
118,1
119,0
120,4
122,1
123,2
124,1
125,0
126,3
128,1
129,1
130,2
131,1
132,0
133,4
134,1
136,0
137,1
138,0
139,1
140,3
141,1
143,1
144,3
145,3
146,4
148,0
149,0
150,1
151,4
152,3
153,4
154,4
156,3
157,2
159,3
161,1
162,3
163,3
165,4
166,0
167,3
168,4
170,4
171,3
172,3
173,1
174,2
175,3
177,0
179,1
180,0
181,2
182,1
183,4
184,0
185,1
186,1
187,4
188,1
189,2
190,1
191,0
195,1
196,2
197,0
199,3
200,2
201,2
202,0
203,2
204,0
205,0
207,1
209,0
210,0
212,1
213,1
214,4
216,0
217,4
219,3
221,1
222,1
223,3
224,3
225,0
227,4
228,4
230,1
233,1
234,2
235,4
236,1
237,2
238,1
239,1
240,4
241,4
242,3
243,1
244,1
245,4
246,1
247,0
249,2
250,4
252,4
253,3
255,4
256,3
257,2
258,4
259,1
260,0
261,3
262,2
263,4
265,3
266,0
269,1
270,3
271,4
272,2
273,0
274,0
275,3
276,4
278,3
279,1
280,2
281,1
282,0
283,2
284,3
286,4
287,3
288,4
289,3
290,1
291,0
292,1
293,3
295,4
296,0
297,0
298,2
299,2
300,4
302,2
303,4
304,1
305,3
306,4
307,1
308,1
309,1
310,3
311,4
312,1
313,3
314,0
315,2
316,0
317,2
318,0
319,4
320,1
321,0
322,2
323,0
324,0
325,0
326,3
327,3
328,1
329,1
330,1
332,0
333,0
334,1
335,0
336,2
337,1
339,1
340,1
341,1
343,1
344,0
345,1
346,3
348,0
350,4
351,3
352,1
353,4
354,1
355,1
357,3
358,0
359,0
361,1
362,3
363,4
364,2
365,3
366,3
367,0
368,0
369,4
370,1
371,4
373,4
374,4
375,1
376,0
378,1
379,1
380,1
381,1
382,4
383,0
384,0
386,4
387,1
388,1
390,1
391,2
392,4
393,1
394,3
395,4
397,0
398,4
399,4
400,4
401,3
402,0
403,1
404,4
405,0
406,0
407,0
408,1
409,0
411,0
412,4
413,4
415,4
416,1
418,0
419,4
420,3
421,4
422,1
424,2
425,3
426,3
427,2
428,2
429,4
430,1
432,4
433,1
434,3
435,0
437,4
438,4
439,3
440,0
441,1
442,1
443,1
444,4
445,3
446,4
447,4
448,2
449,0
450,0
451,1
452,4
453,3
455,0
456,0
457,1
458,1
459,0
462,4
463,3
464,0
465,4
466,3
467,0
468,0
469,2
470,3
471,0
472,4
473,0
474,3
476,0
478,1
479,2
480,4
481,2
482,4
484,3
486,2
487,3
488,1
489,4
491,0
493,3
495,0
496,1
497,4
499,3
502,3
503,2
504,1
505,1
506,4
507,1
508,1
509,4
510,1
511,0
512,1
513,1
514,3
516,1
519,4
522,1
523,3
525,1
530,1
531,0
532,3
534,4
537,0
538,4
540,2
541,4
542,3
545,4
548,4
549,3
550,4
551,4
553,4
554,1
555,4
556,3
558,0
559,3
560,3
561,0
562,0
563,2
565,3
566,4
567,2
568,1
569,4
571,1
572,3
573,3
575,1
576,1
577,3
579,2
581,4
582,4
583,4
584,4
585,0
586,3
587,0
588,2
589,4
590,4
591,0
592,3
593,4
594,4
595,3
596,3
597,3
598,0
599,0
600,2
604,1
605,1
606,4
607,4
608,0
609,2
610,1
611,2
612,2
614,2
616,0
618,4
619,4
621,4
622,3
623,4
624,4
625,2
627,1
628,4
629,0
630,1
631,2
632,0
634,1
637,1
638,2
639,4
641,1
642,2
643,0
644,0
645,2
646,4
647,3
648,4
649,3
650,1
651,4
652,0
653,2
654,1
655,0
656,0
657,1
658,1
659,0
660,1
661,1
662,0
663,2
664,4
665,2
666,0
668,0
669,4
670,1
672,1
673,3
674,1
675,0
676,4
677,3
678,0
679,2
680,2
681,3
682,1
683,3
685,4
686,2
687,1
689,2
690,4
693,4
694,0
695,2
697,1
699,2
700,0
701,2
703,2
704,2
705,0
706,2
707,3
709,4
710,4
712,4
713,0
714,4
715,1
716,3
717,4
718,3
719,1
720,0
724,1
725,4
726,2
727,1
728,4
729,2
730,0
731,0
732,4
733,3
735,4
736,1
737,4
738,3
740,0
741,2
743,1
744,2
745,4
746,2
748,4
749,0
750,0
752,3
753,0
755,0
756,4
757,2
758,1
759,4
761,3
762,3
763,4
764,2
765,3
766,0
768,2
771,1
772,3
776,0
777,2
779,1
780,0
782,0
783,0
784,0
785,4
788,2
789,4
790,1
791,0
792,4
793,1
795,4
797,1
798,0
799,0
800,1
801,1
802,4
803,1
804,0
805,4
806,3
807,4
808,0
809,2
810,4
811,0
812,0
813,4
814,0
816,1
817,2
818,4
819,1
820,3
822,4
823,0
824,3
825,3
826,1
827,4
828,0
829,3
830,0
831,3
832,3
833,4
834,3
836,0
838,3
839,2
840,4
841,3
842,1
843,1
844,1
845,4
847,3
848,4
849,3
850,3
851,2
852,1
853,4
854,1
855,3
856,4
857,0
858,4
859,4
860,4
861,0
862,3
863,2
865,2
866,3
867,1
868,4
869,1
870,0
871,4
872,3
873,0
874,2
875,1
877,4
878,0
879,2
880,0
881,0
884,4
885,0
886,3
888,1
889,1
890,4
891,0
893,0
894,1
895,3
897,3
898,3
899,3
900,0
902,2
903,4
904,0
905,1
907,1
909,4
910,1
911,3
913,3
914,1
915,2
916,4
917,4
918,4
920,2
922,1
923,2
924,0
925,1
926,0
927,0
930,0
932,2
935,3
936,2
938,0
941,1
942,4
943,4
944,0
945,1
947,1
948,0
949,2
950,0
951,1
952,1
953,4
955,1
956,1
957,4
959,0
961,4
962,0
964,2
965,4
966,1
968,2
969,3
970,0
972,4
973,0
974,0
975,4
976,1
977,1
978,0
979,3
980,0
981,1
982,1
983,2
984,1
985,4
986,3
987,3
988,4
989,1
990,1
992,3
993,4
994,1
995,3
996,0
997,1
998,3
999,4
1000,0
1001,3
1002,3
1003,2
1004,0
1005,2
1006,1
1007,3
1008,3
1009,0
1010,0
1011,1
1012,2
1013,3
1014,0
1016,0
1017,4
1018,3
1019,4
1020,2
1022,2
1023,1
1024,3
1025,4
1026,0
1028,0
1029,4
1030,2
1031,1
1033,3
1034,2
1035,3
1036,0
1037,4
1038,1
1039,4
1040,0
1041,2
1042,1
1043,3
1044,3
1045,0
1046,1
1047,3
1049,4
1050,1
1051,4
1052,4
1053,4
1054,1
1055,4
1056,3
1057,4
1058,4
1059,3
1060,4
1061,3
1062,3
1063,2
1064,2
1065,1
1066,3
1068,4
1069,4
1071,4
1072,4
1073,0
1074,3
1075,2
1076,3
1077,1
1078,3
1079,3
1080,4
1081,1
1082,1
1084,0
1085,0
1086,3
1087,0
1088,2
1090,3
1092,3
1093,1
1094,1
1096,3
1098,4
1100,4
1101,3
1103,4
1104,0
1106,0
1109,0
1111,1
1112,4
1113,1
1114,3
1115,4
1116,1
1118,2
1120,0
1121,1
1122,1
1123,4
1124,3
1126,1
1128,1
1130,2
1131,4
1132,4
1134,0
1136,3
1137,1
1138,0
1139,4
1140,0
1143,3
1145,4
1146,3
1147,1
1148,4
1149,4
1150,4
1151,3
1152,3
1153,4
1154,2
1155,2
1156,0
1157,2
1158,2
1161,0
1162,2
1163,4
1164,4
1165,0
1166,1
1167,3
1168,2
1169,4
1170,4
1172,1
1173,2
1174,2
1176,0
1177,4
1178,4
1179,1
1180,2
1182,4
1183,0
1184,4
1185,0
1186,2
1187,4
1189,4
1190,0
1191,1
1192,1
1193,1
1194,0
1196,1
1197,3
1198,4
1199,3
1200,0
1201,3
1202,4
1203,3
1205,3
1206,1
1208,4
1209,4
1210,3
1211,4
1212,4
1214,4
1215,3
1216,0
1219,1
1220,3
1221,0
1222,3
1223,0
1224,2
1225,2
1226,2
1227,1
1228,0
1230,1
1231,2
1232,2
1233,2
1235,1
1236,1
1237,1
1238,4
1239,4
1240,4
1241,2
1245,1
1246,3
1248,2
1249,4
1250,4
1251,4
1253,4
1254,0
1255,1
1256,0
1258,4
1259,3
1260,1
1262,4
1263,4
1264,1
1265,1
1266,4
1267,4
1268,0
1269,0
1270,0
1271,1
1272,4
1273,1
1274,0
1275,2
1276,2
1278,1
1279,0
1280,2
1281,1
1282,4
1284,1
1285,3
1286,1
1287,0
1288,1
1289,2
1291,2
1292,2
1293,2
1296,2
1297,1
1298,2
1299,1
1300,2
1301,3
1304,3
1305,2
1306,4
1307,4
1308,1
1309,2
1310,3
1311,3
1312,3
1313,4
1315,2
1316,2
1317,4
1318,3
1319,3
1320,1
1321,1
1323,1
1324,0
1325,2
1326,2
1327,0
1328,2
1329,2
1330,4
1331,2
1332,0
1333,0
1337,1
1338,0
1339,0
1340,1
1341,2
1343,4
1345,0
1346,3
1347,4
1348,1
1349,2
1350,0
1352,4
1354,1
1355,2
1356,4
1357,1
1358,0
1359,0
1361,1
1362,4
1363,3
1364,1
1365,3
1366,3
1367,4
1368,1
1369,0
1372,0
1374,4
1375,0
1376,4
1377,0
1378,4
1379,2
1380,4
1382,4
1384,2
1385,1
1386,1
1389,1
1390,2
1392,4
1393,2
1394,0
1395,1
1396,4
1397,2
1398,0
1402,3
1403,1
1404,3
1405,1
1406,4
1407,1
1409,1
1410,4
1411,0
1413,1
1415,4
1417,0
1418,2
1419,0
1421,3
1422,1
1423,2
1424,3
1425,3
1426,4
1428,1
1429,1
1430,0
1431,2
1433,3
1434,3
1436,2
1437,1
1438,0
1439,2
1440,3
1442,1
1443,0
1444,4
1445,3
1446,4
1447,2
1448,1
1449,1
1453,2
1454,4
1455,1
1456,4
1457,3
1458,3
1459,0
1461,2
1462,3
1464,2
1467,4
1468,0
1469,1
1470,1
1471,1
1472,4
1473,4
1474,4
1475,3
1478,0
1479,3
1481,2
1484,1
1485,4
1487,0
1488,2
1489,4
1490,3
1491,1
1493,3
1494,1
1495,1
1496,0
1497,1
1498,3
1499,4
1501,1
1503,1
1504,3
1505,4
1506,3
1509,1
1512,0
1513,1
1515,3
1516,1
1517,3
1518,0
1519,4
1520,4
1521,3
1523,1
1524,2
1525,0
1526,1
1528,0
1529,1
1530,1
1531,0
1533,1
1536,0
1537,1
1538,1
1539,1
1540,1
1541,3
1542,2
1543,4
1544,0
1545,0
1547,2
1548,1
1550,1
1552,2
1554,0
1557,4
1558,2
1560,4
1562,0
1563,0
1564,0
1565,2
1566,2
1568,2
1569,3
1570,0
1571,3
1572,4
1573,3
1577,4
1578,4
1579,4
1580,3
1581,4
1582,1
1583,4
1584,4
1585,2
1586,4
1589,1
1590,1
1592,3
1595,4
1598,1
1600,1
1601,4
1602,4
1603,4
1605,1
1606,0
1609,1
1610,3
1611,0
1612,4
1615,2
1616,0
1617,2
1618,3
1619,4
1620,4
1621,4
1622,0
1623,3
1624,3
1625,2
1626,4
1627,1
1629,0
1630,4
1632,4
1633,4
1634,0
1636,0
1638,4
1639,4
1641,1
1642,4
1644,3
1645,1
1647,1
1649,3
1650,4
1651,3
1653,1
1654,4
1657,2
1659,3
1661,4
1662,2
1663,3
1665,4
1667,1
1668,3
1670,2
1671,2
1674,4
1675,3
1676,4
1677,0
1678,2
1680,4
1682,4
1686,3
1687,2
1688,3
1689,3
1690,4
1694,0
1695,2
1696,0
1697,1
1699,1
1700,4
1701,0
1702,4
1703,3
1705,3
1708,2
1710,4
1711,3
1714,4
1715,4
1716,2
1718,2
1720,3
1721,4
1722,0
1723,4
1724,3
1725,4
1729,0
1733,2
1734,2
1735,1
1737,2
1738,0
1739,0
1740,4
1742,1
1743,0
1744,0
1746,2
1751,0
1753,0
1755,0
1756,4
1762,4
1766,4
1767,2
1768,3
1769,1
1771,4
1774,2
1775,2
1776,1
1777,2
1778,0
1780,0
1782,3
1783,2
1784,3
1786,2
1787,4
1788,0
1790,3
1791,4
1792,4
1793,0
1794,3
1795,1
1796,0
1797,2
1799,4
1800,3
1801,1
1803,3
1804,0
1805,0
1808,0
1810,4
1811,4
1812,2
1813,2
1814,2
1815,4
1816,4
1817,4
1818,1
1819,2
1820,0
1821,0
1824,1
1825,3
1826,4
1827,1
1828,4
1829,2
1830,4
1831,3
1832,0
1833,4
1834,2
1836,3
1837,2
1838,4
1839,3
1841,3
1843,4
1844,4
1845,1
1847,1
1848,4
1850,1
1851,4
1852,0
1853,2
1854,1
1855,0
1856,2
1857,4
1858,1
1859,4
1860,1
1861,3
1863,2
1864,4
1865,4
1866,3
1868,4
1869,4
1871,0
1872,4
1874,3
1875,4
1876,2
1877,3
1881,4
1882,4
1884,2
1885,0
1888,2
1891,4
1892,2
1893,0
1894,0
1895,1
1896,2
1897,3
1899,2
1901,2
1903,0
1904,3
1905,3
1906,0
1909,2
1911,0
1912,2
1914,2
1915,4
1917,4
1918,0
1919,2
1920,3
1921,0
1922,1
1923,2
1924,4
1925,2
1926,3
1928,0
1929,2
1931,0
1933,2
1934,0
1935,0
1936,2
1938,1
1939,4
1940,0
1941,3
1942,2
1943,4
1944,3
1945,1
1947,0
1950,4
1951,3
1952,3
1954,0
1955,3
1958,1
1959,1
1960,1
1962,4
1963,2
1964,4
1966,2
1969,0
1971,1
1972,0
1973,1
1975,2
1976,2
1977,1
1978,0
1979,2
1980,1
1982,2
1985,3
1987,0
1988,3
1989,1
1990,1
1992,1
1993,2
1994,4
1995,2
1996,0
1997,4
1998,0
1999,4
2000,4
2001,3
2003,0
2005,4
2007,3
2008,3
2009,4
2010,0
2011,1
2012,4
2014,4
2015,1
2017,1
2018,3
2019,4
2020,4
2021,1
2022,2
2023,0
2024,4
2025,1
2026,0
2027,0
2029,0
2031,4
2032,4
2033,2
2034,2
2035,2
2036,2
2037,2
2038,0
2039,3
2041,2
2042,1
2043,4
2044,2
2045,4
2046,0
2047,3
2048,0
2049,1
2051,2
2052,2
2054,2
2055,1
2056,1
2057,4
2059,3
2061,4
2062,3
2063,4
2064,2
2065,1
2067,1
2068,2
2069,4
2070,0
2071,0
2074,3
2075,2
2076,1
2077,0
2078,3
2079,1
2082,4
2083,0
2084,4
2086,1
2087,3
2089,2
2090,1
2091,1
2094,2
2095,1
2096,3
2098,4
2099,4
2100,1
2101,3
2102,2
2103,4
2105,2
2106,4
2107,2
2108,1
2109,4
2110,1
2111,0
2112,3
2114,2
2115,4
2116,1
2117,1
2118,2
2119,2
2121,2
2123,4
2124,4
2125,0
2126,2
2127,1
2128,3
2129,3
2130,2
2131,2
2132,0
2133,4
2134,3
2135,2
2136,1
2137,0
2138,0
2139,4
2140,1
2141,1
2143,4
2146,3
2147,0
2148,1
2149,3
2150,4
2151,3
2152,3
2153,0
2154,2
2155,3
2157,0
2158,2
2159,4
2160,1
2161,0
2162,2
2163,2
2164,3
2165,1
2168,0
2169,3
2170,0
2171,4
2172,3
2173,4
2174,2
2175,1
2177,1
2179,1
2180,4
2182,2
2183,2
2184,4
2185,2
2186,2
2187,2
2188,2
2190,0
2191,2
2192,0
2193,4
2194,4
2195,2
2196,2
2197,1
2198,1
2199,4
2200,0
2202,0
2203,1
2204,1
2206,4
2208,1
2209,0
2210,3
2211,4
2212,0
2213,4
2214,1
2215,4
2216,4
2217,1
2218,1
2219,3
2220,3
2222,0
2223,1
2226,4
2227,0
2229,1
2230,1
2232,4
2234,1
2237,3
2238,3
2240,4
2241,1
2242,1
2245,4
2246,0
2248,1
2249,0
2251,0
2252,0
2255,0
2256,4
2258,4
2259,1
2260,4
2262,2
2263,1
2265,1
2266,4
2268,4
2270,4
2271,4
2273,2
2275,3
2276,2
2277,1
2278,1
2279,0
2280,0
2281,1
2282,4
2284,1
2286,3
2287,2
2291,4
2292,3
2293,4
2295,3
2296,4
2297,2
2298,1
2300,1
2301,1
2302,1
2303,3
2304,3
2305,2
2306,0
2307,4
2311,0
2312,2
2314,3
2315,4
2316,0
2317,1
2318,3
2319,0
2320,1
2321,4
2322,1
2323,3
2324,4
2325,3
2326,0
2327,3
2328,0
2329,1
2330,2
2334,0
2335,3
2336,3
2337,2
2338,0
2339,2
2340,3
2341,4
2342,2
2343,3
2344,4
2348,4
2349,3
2350,3
2351,1
2352,2
2353,4
2354,1
2356,0
2357,4
2358,1
2359,4
2360,1
2361,0
2363,2
2365,4
2366,1
2369,4
2370,0
2371,0
2373,4
2374,2
2375,0
2376,2
2377,0
2379,1
2380,4
2382,2
2383,4
2386,2
2387,4
2388,3
2389,0
2390,3
2391,0
2392,2
2393,0
2394,0
2395,1
2398,4
2399,2
2400,1
2401,3
2402,4
2403,1
2404,4
2405,4
2406,2
2407,4
2408,1
2410,1
2413,2
2415,4
2416,3
2417,4
2418,4
2422,1
2423,0
2424,1
2425,0
2428,4
2429,3
2430,3
2431,3
2432,0
2433,4
2435,2
2437,0
2438,1
2439,1
2440,2
2441,0
2442,2
2444,2
2446,3
2448,4
2449,0
2450,4
2451,4
2452,4
2453,2
2454,3
2455,4
2456,4
2457,3
2458,0
2459,4
2460,4
2462,4
2463,2
2465,1
2466,3
2468,0
2471,2
2472,2
2476,0
2482,0
2485,0
2490,3
2493,1
2497,2
2501,4
2502,0
2506,0
2509,0
2513,2
2517,2
2521,3
2525,0
2526,1
2536,4
2538,3
2539,3
2540,4
2545,4
2547,0
2551,2
2553,3
2554,3
2555,1
2557,4
2558,4
2560,2
2562,1
2563,4
2564,1
2565,2
2566,1
2568,0
2571,1
2574,2
2577,0
2580,4
2581,3
2582,4
2587,4
2588,0
2589,3
2593,4
2594,4
2595,0
2597,3
2598,4
2599,3
2600,3
2601,3
2602,1
2603,4
2604,1
2605,4
2606,3
2607,1
2608,4
2609,4
2610,2
2611,4
2612,3
2613,4
2614,0
2615,3
2616,2
2618,0
2619,2
2622,0
2625,1
2626,0
2627,0
2628,1
2630,4
2631,0
2632,3
2633,0
2637,4
2638,2
2644,4
2645,3
2647,0
2673,3
2684,3
2693,4
2694,2
2707,1
2718,4
2723,1
2727,3
2732,4
2749,4
2753,2
2754,3
2765,2
2775,2
2776,3
2779,1
2780,3
2787,1
2788,4
2795,0
2806,1
2810,2
2813,3
2821,3
2825,1
2827,4
2829,0
2834,0
2839,0
2841,0
2844,4
2847,3
2878,4
2879,1
2881,3
2883,3
2892,0
2895,1
2902,2
2919,0
2920,1
2925,1
2931,3
2934,3
2935,3
2937,4
2940,1
2943,0
2944,2
2945,0
2946,4
2949,4
2953,3
2954,0
2956,4
2957,4
2958,4
2959,4
2962,1
2963,0
2967,1
2969,3
2977,1
2978,2
2979,2
2982,4
2995,2
3001,4
3007,4
3027,4
3029,1
3031,0
3033,1
3036,0
3037,3
3040,3
3046,1
3048,2
3050,2
3053,4
3054,2
3055,3
3056,4
3058,2
3059,1
3062,1
3063,0
3064,1
3068,1
3069,4
3079,0
3080,3
3084,1
3093,3
3096,3
3099,3
3100,1
3113,3
3114,1
3124,3
3132,4
3133,3
3134,4
3136,1
3138,0
3139,0
3144,1
3145,1
3146,4
3148,1
3149,0
3150,4
3159,3
3161,3
3164,0
3169,1
3170,1
3171,2
3174,1
3175,2
3176,0
3177,3
3178,2
3182,1
3183,3
3184,4
3185,2
3188,0
3189,3
3191,3
3193,4
3194,3
3201,3
3207,0
3210,0
3215,4
3217,4
3221,3
3225,4
3236,2
3237,4
3241,4
3253,2
3255,3
3256,4
3257,1
3263,1
3267,4
3269,3
3270,2
3272,2
3278,2
3281,4
3291,0
3292,0
3294,2
3295,1
3296,0
3299,3
3303,4
3306,4
3308,4
3311,2
3314,4
3315,2
3319,3
3336,1
3352,4
3361,1
3363,0
3367,3
3369,1
3372,2
3381,2
3383,4
3388,4
3389,1
3393,2
3399,1
3403,0
3408,4
3414,2
3415,1
3416,4
3417,0
3419,0
3428,2
3437,3
3438,0
3442,1
3443,1
3450,1
3455,1
3456,0
3457,4
3459,1
3470,1
3475,0
3490,2
3493,4
3494,4
3501,4
3503,4
3506,1
3507,4
3510,4
3513,4
3514,0
3515,4
3517,0
3520,4
3521,2
3523,1
3524,3
3525,2
3526,1
3528,4
3531,4
3532,0
3533,0
3535,1
3539,0
3540,0
3541,4
3542,3
3543,4
3546,1
3547,2
3553,1
3558,2
3559,4
3560,0
3564,1
3566,3
3567,4
3569,0
3571,3
3573,0
3574,1
3575,3
3577,1
3578,1
3579,4
3580,2
3582,0
3583,0
3586,1
3587,4
3588,4
3589,1
3590,4
3592,4
3593,4
3596,0
3597,0
3598,4
3599,0
3600,4
3601,2
3602,4
3606,4
3607,2
3608,1
3611,0
3613,0
3614,4
3616,3
3617,1
3618,4
3619,4
3620,2
3621,4
3622,2
3623,3
3625,1
3627,2
3628,4
3630,4
3632,1
3640,4
3648,0
3649,4
3650,4
3651,2
3652,4
3653,2
3657,2
3658,3
3665,1
3671,3
3672,1
3681,2
3682,1
3684,0
3689,0
3693,0
3695,1
3701,3
3702,3
3703,0
3704,0
3705,0
3706,3
3708,4
3710,1
3712,4
3713,3
3714,4
3715,4
3718,0
3719,4
3720,1
3721,2
3722,2
3723,1
3725,3
3726,4
3728,4
3734,4
3737,3
3740,1
3746,3
3747,1
3752,2
3757,0
3758,3
3759,4
3760,0
3761,3
3764,1
3765,2
3766,4
3770,4
3771,2
3773,2
3776,1
3779,2
3783,2
3786,3
3787,3
3790,2
3792,4
3793,2
3797,0
3798,0
3800,2
3801,0
3803,4
3804,1
3805,1
3806,4
3807,4
3808,3
3809,2
3811,2
3812,3
3813,3
3814,0
3816,1
3817,1
3818,0
3826,4
3828,3
3836,1
3837,3
3840,1
3841,0
3842,4
3843,4
3846,2
3848,4
3849,0
3850,2
3851,2
3852,3
3853,3
3854,3
3858,2
3860,1
3862,1
3863,3
3865,0
3869,1
3872,1
3875,0
3876,0
3877,2
3880,1
3881,0
3886,4
3892,3
3896,4
3900,1
3901,4
3902,2
3903,3
3904,0
3905,3
3906,3
3907,3
3908,0
3909,3
3911,3
3914,2
3915,4
3918,3
3920,3
3921,4
3925,0
3928,1
3930,3
3936,1
3937,3
3939,3
3940,3
3945,2
3947,4
3948,1
3951,4
3955,3
3959,0
3960,3
3962,4
3977,3
3978,1
3979,4
3980,1
3981,4
3986,1
3988,4
3990,4
3991,2
3992,4
3994,1
3999,4
4000,3
4001,1
4002,1
4003,2
4004,0
4007,0
4010,1
4011,0
4019,1
4020,0
4022,4
4027,0
4033,2
4034,1
4036,0
4039,2
4040,2
4041,4
4043,4
4048,4
4049,1
4050,1
4052,3
4056,1
4059,2
4060,2
4061,0
4063,4
4065,2
4066,3
4067,4
4070,1
4072,1
4073,4
4079,3
4080,4
4081,2
4084,2
4086,0
4087,3
4089,1
4090,3
4092,1
4128,2
4131,1
4141,0
4147,2
4158,3
4179,2
4188,4
4206,2
4217,4
4222,0
4234,0
4245,4
4249,3
4254,2
4262,4
4269,2
4274,2
4284,3
4285,2
4298,4
4302,1
4312,4
4318,3
4320,2
4322,4
4329,2
4331,0
4333,0
4334,2
4337,2
4344,1
4345,1
4347,2
4348,3
4352,1
4359,2
4360,0
4363,0
4366,0
4367,4
4369,0
4372,3
4374,4
4375,2
4379,4
4389,2
4390,3
4392,0
4393,2
4394,4
4396,3
4401,1
4408,4
4409,0
4411,0
4413,0
4415,2
4417,2
4419,3
4422,2
4424,1
4425,1
4426,3
4430,2
4435,1
4437,0
4438,4
4439,1
4440,4
4447,0
4450,2
4454,1
4458,0
4459,2
4460,0
4462,4
4464,3
4471,0
4473,4
4475,1
4476,2
4479,0
4484,1
4491,4
4502,1
4506,4
4508,2
4511,2
4513,0
4515,2
4516,2
4517,4
4519,4
4520,1
4523,1
4524,2
4525,4
4527,2
4529,4
4530,0
4531,4
4533,2
4534,0
4535,2
4536,0
4539,0
4541,1
4543,1
4545,0
4547,3
4549,4
4550,1
4551,4
4552,0
4553,2
4555,4
4556,4
4558,4
4559,4
4560,4
4562,0
4568,1
4569,4
4575,3
4576,2
4579,1
4581,4
4582,4
4586,2
4588,2
4590,3
4591,0
4594,2
4596,0
4597,0
4598,4
4600,4
4603,2
4606,4
4608,0
4610,2
4612,1
4613,0
4615,0
4619,0
4623,3
4624,0
4627,3
4629,3
4636,1
4638,4
4640,2
4644,2
4647,1
4648,0
4650,0
4652,4
4653,4
4656,0
4660,0
4661,2
4664,4
4665,4
4668,2
4671,3
4679,0
4688,4
4689,4
4691,3
4692,3
4693,4
4694,0
4695,3
4696,0
4697,4
4698,2
4700,2
4701,2
4703,1
4706,3
4708,1
4709,1
4710,2
4712,3
4713,2
4715,2
4716,0
4717,3
4720,1
4724,2
4725,2
4726,2
4728,0
4730,0
4731,4
4732,1
4734,0
4735,4
4737,4
4738,2
4739,3
4740,2
4741,2
4743,1
4745,0
4749,2
4750,4
4753,4
4755,0
4756,1
4759,1
4762,3
4763,0
4764,4
4765,3
4766,0
4767,2
4772,3
4774,3
4775,0
4778,4
4779,0
4780,1
4784,0
4785,2
4786,0
4788,1
4789,0
4791,4
4796,3
4797,1
4800,4
4802,0
4807,0
4808,4
4809,2
4811,3
4813,0
4816,2
4817,3
4818,3
4819,4
4820,0
4821,0
4822,2
4824,4
4829,1
4830,4
4831,4
4832,0
4833,3
4835,4
4836,2
4837,1
4838,0
4839,1
4840,3
4841,4
4842,1
4844,2
4845,0
4846,0
4847,4
4848,4
4849,3
4850,2
4851,4
4853,1
4854,1
4855,4
4856,1
4857,0
4858,3
4859,4
4860,1
4862,0
4864,4
4867,4
4868,4
4870,3
4874,4
4876,4
4878,0
4879,4
4880,3
4883,4
4884,1
4887,3
4888,4
4891,0
4892,1
4895,2
4898,0
4899,2
4900,1
4901,4
4903,1
4904,4
4905,4
4909,3
4910,1
4912,1
4913,4
4915,1
4916,3
4917,3
4918,0
4920,3
4921,2
4922,0
4923,2
4925,1
4926,0
4927,1
4929,3
4930,2
4931,0
4932,0
4934,3
4937,3
4940,4
4944,4
4945,1
4946,0
4948,1
4949,1
4951,1
4952,2
4953,1
4954,0
4955,1
4956,4
4958,2
4960,0
4961,0
4962,0
4963,1
4964,1
4965,4
4966,0
4967,2
4968,0
4969,3
4970,1
4971,0
4972,0
4978,0
4979,4
4981,1
4984,3
4985,4
4986,2
4988,3
4992,0
4993,4
4994,2
4995,2
4999,0
5002,1
5003,2
5004,0
5005,0
5007,3
5008,1
5010,2
5011,4
5013,3
5014,3
5019,2
5020,1
5022,0
5023,2
5025,4
5026,4
5027,1
5030,4
5031,3
5032,0
5033,0
5035,1
5036,4
5038,2
5042,3
5043,0
5044,4
5045,0
5047,2
5051,1
5052,1
5055,4
5056,0
5057,2
5059,0
5060,0
5061,1
5063,4
5065,1
5066,2
5067,4
5068,2
5069,1
5070,0
5072,0
5075,4
5077,4
5078,4
5081,2
5082,4
5083,1
5084,3
5087,2
5088,1
5089,0
5090,3
5091,4
5092,0
5093,2
5094,1
5096,1
5097,0
5099,3
5100,4
5102,4
5104,3
5106,1
5108,4
5109,1
5114,1
5115,1
5116,1
5117,4
5121,3
5123,1
5125,2
5127,3
5129,3
5131,4
5132,2
5133,1
5136,1
5137,4
5138,3
5140,4
5141,1
5143,4
5144,4
5146,4
5147,0
5150,3
5151,4
5152,1
5154,0
5155,2
5158,4
5160,4
5162,2
5167,2
5168,1
5169,3
5170,0
5171,1
5172,2
5173,1
5174,3
5175,1
5178,2
5179,1
5180,1
5181,1
5182,1
5184,1
5187,4
5189,4
5191,1
5192,4
5193,0
5194,1
5195,2
5196,4
5197,1
5200,3
5201,4
5205,0
5206,2
5207,2
5208,3
5210,1
5211,2
5212,0
5213,2
5214,4
5216,1
5217,1
5220,4
5221,1
5223,0
5224,0
5227,4
5228,2
5229,2
5230,0
5232,2
5234,4
5235,2
5236,3
5237,1
5239,4
5241,3
5242,1
5243,1
5244,0
5245,1
5247,2
5249,2
5252,1
5254,0
5256,1
5257,0
5258,1
5259,1
5260,3
5262,1
5264,0
5265,3
5266,1
5267,1
5268,3
5269,4
5270,1
5271,1
5275,4
5276,1
5277,3
5278,4
5279,2
5280,2
5281,1
5282,2
5283,0
5284,1
5285,4
5286,1
5287,4
5288,0
5289,4
5293,4
5294,4
5295,2
5296,3
5300,4
5301,0
5302,2
5304,2
5306,4
5307,2
5308,4
5309,3
5310,2
5311,1
5312,4
5314,0
5315,2
5317,1
5319,1
5323,4
5327,1
5328,3
5329,0
5330,1
5331,0
5333,1
5334,4
5336,4
5337,0
5338,2
5339,2
5340,1
5341,3
5343,3
5344,1
5345,4
5346,4
5348,0
5350,3
5352,1
5354,0
5357,4
5358,4
5359,3
5360,4
5361,4
5363,0
5364,2
5365,3
5367,4
5369,0
5372,3
5374,3
5376,2
5377,1
5378,2
5381,1
5383,0
5386,0
5388,3
5389,3
5390,0
5392,2
5393,0
5395,1
5396,4
5398,2
5399,0
5400,3
5401,3
5402,4
5403,3
5405,3
5406,4
5407,4
5408,2
5410,2
5412,1
5413,4
5415,3
5417,1
5419,0
5420,1
5425,4
5426,2
5427,4
5428,3
5429,1
5431,1
5432,0
5433,1
5435,0
5436,1
5438,0
5439,0
5440,1
5442,0
5443,2
5444,1
5447,0
5448,0
5449,1
5450,3
5452,3
5455,4
5459,0
5465,2
5473,4
5477,2
5478,1
5482,4
5483,2
5484,1
5485,3
5486,4
5487,4
5490,3
5491,4
5492,2
5495,2
5497,4
5498,0
5500,2
5501,3
5504,1
5506,2
5507,2
5508,4
5509,3
5511,4
5513,0
5514,4
5516,4
5517,0
5519,1
5520,0
5522,2
5524,4
5525,2
5527,1
5528,3
5529,4
5530,0
5531,0
5532,2
5533,2
5534,0
5536,1
5538,2
5539,2
5540,4
5542,3
5543,1
5544,3
5547,2
5548,0
5549,2
5550,1
5551,3
5553,3
5556,2
5557,2
5558,2
5559,3
5560,2
5561,0
5562,1
5563,2
5565,3
5567,3
5568,3
5569,0
5571,0
5572,0
5573,2
5576,3
5577,4
5578,1
5579,0
5581,1
5582,2
5583,2
5584,4
5585,1
5589,3
5590,4
5591,1
5594,2
5598,2
5600,1
5602,2
5603,2
5604,2
5606,3
5607,3
5608,2
5609,2
5610,4
5611,0
5613,4
5614,3
5615,3
5616,3
5617,4
5619,0
5622,1
5624,0
5625,3
5626,1
5627,2
5629,3
5631,3
5633,3
5634,1
5636,0
5637,0
5638,2
5639,0
5640,4
5641,2
5642,4
5645,4
5647,0
5648,3
5649,4
5650,2
5651,4
5652,3
5653,3
5655,2
5656,1
5658,2
5659,1
5660,0
5661,0
5662,4
5663,2
5664,0
5666,3
5667,2
5670,3
5673,2
5674,1
5675,3
5676,3
5680,4
5683,0
5686,1
5687,3
5690,0
5691,2
5692,4
5693,3
5696,0
5697,2
5699,0
5701,2
5704,3
5706,4
5708,2
5709,3
5713,0
5715,0
5716,4
5718,0
5719,2
5720,2
5721,4
5728,0
5731,4
5734,4
5735,0
5737,4
5741,1
5757,2
5761,0
5762,1
5765,0
5772,2
5773,4
5775,1
5776,1
5777,0
5778,2
5780,2
5781,1
5785,3
5786,1
5787,0
5789,0
5794,2
5797,2
5799,0
5802,4
5804,0
5805,3
5807,2
5808,0
5810,3
5811,3
5813,1
5814,3
5816,1
5817,0
5819,3
5821,3
5823,1
5824,3
5825,4
5828,0
5829,4
5830,3
5832,3
5833,4
5834,4
5835,1
5836,1
5837,2
5838,0
5839,4
5841,0
5842,1
5844,3
5845,0
5846,4
5847,2
5848,1
5849,2
5851,2
5852,3
5853,2
5854,0
5855,2
5856,0
5857,1
5858,2
5859,0
5860,1
5861,0
5862,2
5863,1
5864,2
5865,2
5866,1
5867,3
5870,1
5872,1
5874,4
5876,3
5877,3
5878,3
5879,1
5880,3
5881,0
5882,4
5886,1
5887,0
5889,0
5890,2
5891,1
5892,0
5893,0
5894,4
5896,0
5898,2
5900,0
5902,4
5903,2
5904,0
5905,4
5906,0
5910,4
5912,3
5914,1
5915,2
5921,3
5925,1
5928,1
5929,3
5930,2
5931,3
5933,3
5934,1
5935,2
5937,0
5938,4
5939,0
5941,1
5942,4
5947,0
5950,0
5952,1
5955,2
5958,4
5959,1
5962,3
5967,0
5978,4
5979,1
5980,4
5982,2
5983,2
5984,1
5985,2
5986,4
5987,2
5993,1
5994,0
5995,4
5996,4
5997,2
5998,0
6001,4
6002,0
6005,2
6006,1
6009,0
6017,1
6018,3
6020,0
6023,2
6024,3
6025,4
6026,2
6027,1
6029,4
6031,3
6034,4
6035,1
6037,3
6040,2
6041,1
6042,2
6045,3
6047,3
6052,2
6055,3
6056,4
6060,2
6066,1
6068,4
6069,0
6070,2
6072,2
6083,4
6087,4
6107,4
6114,3
6115,0
6116,4
6118,2
6120,1
6134,3
6140,2
6141,0
6143,4
6150,4
6151,3
6154,3
6155,2
6156,2
6160,3
6161,2
6166,4
6167,1
6168,4
6169,1
6170,1
6171,3
6172,1
6173,3
6178,3
6179,0
6184,4
6185,0
6187,4
6188,3
6190,1
6193,2
6197,1
6200,4
6204,0
6205,4
6207,2
6210,1
6211,0
6216,2
6218,1
6222,2
6229,1
6232,0
6233,4
6234,3
6235,3
6238,4
6243,3
6246,1
6248,3
6267,1
6280,1
6298,1
6309,1
6313,4
6316,4
6322,2
6324,3
6331,4
6337,2
6355,1
6361,1
6366,0
6367,0
6374,0
6377,4
6379,4
6381,4
6382,0
6389,1
6395,0
6400,1
6401,4
6402,2
6405,2
6407,2
6412,0
6414,4
6416,0
6419,0
6425,0
6427,0
6431,3
6437,4
6439,4
6445,2
6450,2
6452,0
6457,4
6460,0
6462,2
6464,0
6473,2
6486,4
6497,1
6521,1
6527,1
6532,4
6533,0
6534,3
6555,1
6557,3
6564,2
6566,1
6568,0
6588,3
6592,4
6609,3
6610,3
6612,0
6618,2
6619,1
6621,1
6630,1
6649,3
6655,0
6667,2
6671,3
6680,1
6686,3
6687,3
6688,3
6689,1
6701,4
6704,4
6705,4
6707,4
6708,4
6709,4
6712,3
6716,0
6717,0
6722,4
6723,4
6725,2
6731,2
6732,2
6733,3
6734,4
6737,2
6740,4
6748,3
6752,1
6757,1
6761,0
6772,1
6774,1
6783,2
6784,3
6785,1
6789,0
6791,3
6792,3
6794,1
6796,0
6797,1
6798,2
6799,2
6808,2
6809,2
6814,3
6816,0
6818,4
6821,1
6822,2
6824,3
6827,0
6829,2
6833,3
6846,3
6850,4
6854,2
6856,3
6862,1
6877,2
6888,1
6892,0
6918,3
6919,3
6925,0
6934,4
6946,2
6967,2
6980,4
6983,4
6986,4
7009,2
7013,3
7018,4
7020,0
7021,0
7026,3
7027,1
7028,2
7029,0
7030,1
7031,3
7033,4
7034,0
7036,2
7037,1
7038,3
7039,1
7040,1
7041,2
7043,0
7044,2
7045,4
7050,3
7052,4
7054,0
7055,1
7057,0
7058,1
7059,1
7064,2
7069,4
7070,1
7071,2
7074,0
7076,0
7077,3
7078,3
7081,0
7082,4
7084,3
7085,3
7086,1
7094,4
7096,0
7120,0
7121,0
7128,3
7131,4
7134,0
7135,2
7141,3
7148,3
7151,4
7154,0
7156,1
7159,2
7163,4
7167,0
7172,1
7175,2
7181,0
7182,1
7185,0
7190,0
7194,2
7196,2
7199,4
7203,4
7204,3
7207,4
7211,4
7216,1
7217,3
7218,0
7227,4
7228,3
7237,4
7240,4
7246,3
7251,1
7252,1
7253,3
7254,3
7258,0
7259,0
7261,1
7269,4
7285,4
7287,3
7288,1
7291,0
7296,0
7297,0
7300,3
7304,3
7306,2
7312,3
7314,2
7315,1
7322,1
7326,1
7328,2
7339,2
7349,2
7359,0
7362,2
7369,3
7370,4
7376,3
7377,2
7378,3
7379,2
7414,3
7418,3
7428,2
7444,4
7476,2
7484,3
7493,2
7500,1
7506,0
7507,3
7511,4
7518,1
7525,4
7527,1
7532,2
7535,1
7538,2
7541,0
7547,3
7554,3
7560,0
7564,3
7577,1
7586,3
7591,1
7596,1
7598,2
7614,3
7618,0
7620,4
7621,1
7638,0
7642,4
7655,3
7657,1
7676,1
7684,2
7685,4
7689,0
7693,0
7694,1
7695,2
7698,2
7699,4
7700,0
7701,3
7705,0
7706,0
7707,2
7708,4
7710,4
7727,0
7730,2
7731,3
7737,0
7739,3
7742,3
7766,2
7771,2
7772,4
7777,1
7780,4
7782,0
7799,3
7803,4
7807,3
7808,3
7809,3
7810,4
7812,3
7816,4
7817,3
7818,3
7819,2
7820,2
7822,1
7826,1
7835,4
7839,2
7841,0
7845,4
7846,3
7847,2
7850,0
7851,1
7853,0
7856,0
7859,3
7873,2
7875,0
7883,0
7885,0
7887,2
7895,2
7897,0
7899,3
7902,2
7907,3
7908,0
7910,2
7920,4
7923,2
7930,1
7934,1
7935,3
7936,4
7950,2
7955,2
7965,3
7969,3
7972,0
7976,2
7984,3
8004,4
8005,1
8006,0
8015,1
8020,3
8021,4
8022,3
8026,0
8035,2
8038,2
8040,0
8041,2
8051,4
8054,4
8063,4
8073,1
8076,0
8078,3
8080,0
8107,0
8113,3
8116,4
8118,4
8120,0
8123,2
8127,3
8137,4
8155,2
8160,4
8161,1
8169,1
8184,3
8189,3
8194,1
8195,2
8196,3
8197,0
8201,1
8205,1
8208,2
8209,4
8211,1
8218,2
8236,3
8240,3
8242,2
8244,4
8254,1
8255,1
8264,3
8269,0
8271,2
8278,4
8281,1
8288,3
8290,0
8293,0
8296,1
8299,1
8303,4
8304,4
8317,2
8323,2
8324,4
8329,4
8330,2
8333,3
8334,4
8335,2
8345,1
8350,1
8355,1
8364,2
8366,0
8367,3
8372,1
8373,2
8387,4
8389,3
8391,0
8393,1
8394,1
8395,1
8396,1
8408,4
8412,0
8413,4
8416,0
8418,0
8422,3
8423,1
8426,3
8432,4
8434,2
8436,2
8437,0
8438,0
8439,0
8442,2
8443,3
8456,0
8463,1
8464,2
8474,2
8476,3
8482,1
8485,2
8495,3
8500,1
8514,0
8519,3
8527,0
8528,4
8530,3
8531,3
8534,3
8536,2
8537,4
8538,4
8540,2
8544,0
8548,2
8550,2
8551,1
8552,1
8556,1
8558,2
8560,2
8562,4
8565,1
8566,3
8567,4
8569,4
8570,0
8571,0
8572,4
8573,2
8579,3
8580,0
8581,1
8584,2
8586,0
8587,2
8588,1
8595,3
8597,2
8598,1
8599,1
8607,3
8610,2
8611,0
8614,1
8616,0
8617,0
8619,0
8623,4
8628,0
8633,3
8634,3
8635,3
8636,0
8637,2
8638,2
8641,4
8642,1
8643,3
8645,3
8649,2
8650,1
8655,3
8659,1
8662,2
8663,3
8664,2
8665,2
8668,3
8669,2
8670,4
8671,0
8681,1
8688,2
8690,2
8692,1
8693,4
8696,0
8699,4
8702,2
8707,3
8708,2
8713,3
8714,4
8716,2
8717,0
8720,4
8721,4
8722,1
8728,3
8730,0
8734,2
8735,0
8738,3
8740,2
8742,4
8748,2
8750,3
8761,0
8768,4
8769,3
8770,1
8771,0
8779,1
8783,3
8784,2
8786,3
8790,1
8793,2
8794,2
8797,1
8799,4
8803,3
8804,2
8808,4
8813,3
8815,3
8816,0
8818,3
8822,0
8830,0
8838,4
8841,3
8843,1
8846,2
8847,3
8863,2
8876,3
8878,2
8880,0
8881,3
8882,1
8897,4
8901,0
8903,4
8904,3
8909,0
8912,4
8913,3
8914,1
8915,0
8918,0
8920,0
8922,1
8924,4
8925,2
8927,3
8928,2
8929,4
8933,2
8937,3
8938,0
8941,3
8945,2
8947,3
8948,3
8950,2
8951,0
8953,4
8955,1
8956,3
8958,2
8959,3
8960,2
8961,2
8966,2
8967,2
8969,1
8970,1
8972,1
8975,3
8976,4
8986,4
8987,2
8988,2
8989,1
8993,2
8994,2
8995,1
8997,0
8998,2
8999,0
9000,1
9001,2
9002,4
9003,2
9006,3
9008,1
9012,1
9013,1
9018,0
9019,2
9020,0
9021,2
9026,0
9028,0
9031,2
9032,0
9033,2
9036,1
9037,3
9041,3
9046,0
9049,2
9051,2
9052,0
9055,4
9057,2
9062,3
9063,3
9064,2
9073,3
9074,4
9077,2
9078,2
9079,3
9080,1
9087,1
9088,3
9092,2
9097,0
9098,2
9099,0
9100,3
9101,2
9102,2
9103,3
9104,2
9106,0
9107,0
9113,0
9115,4
9116,3
9120,4
9122,4
9123,0
9124,2
9125,3
9126,4
9130,2
9138,1
9140,3
9145,1
9146,4
9147,3
9149,2
9152,1
9155,1
9159,3
9161,1
9165,0
9167,2
9168,1
9170,1
9172,0
9173,3
9174,0
9178,4
9179,0
9181,0
9183,0
9184,2
9186,2
9187,4
9188,3
9189,3
9194,2
9196,1
9203,3
9204,1
9209,4
9211,1
9216,3
9218,1
9219,4
9227,4
9229,0
9231,2
9236,0
9237,4
9238,2
9241,4
9242,3
9244,2
9245,0
9247,0
9251,1
9256,0
9258,4
9260,4
9262,4
9265,0
9266,2
9269,0
9270,0
9275,3
9278,2
9281,1
9283,4
9284,4
9285,2
9286,0
9291,2
9293,2
9301,3
9302,0
9304,2
9306,3
9311,0
9313,3
9314,1
9315,2
9316,2
9318,2
9319,4
9320,3
9321,3
9322,4
9324,4
9326,0
9327,3
9328,0
9330,4
9335,1
9336,4
9339,2
9340,4
9341,4
9342,3
9343,0
9346,3
9347,3
9349,1
9350,0
9352,2
9354,3
9355,1
9356,2
9358,1
9359,4
9363,3
9365,2
9369,1
9371,3
9372,0
9374,4
9376,2
9379,3
9380,1
9381,4
9385,1
9387,1
9391,4
9394,0
9396,0
9397,2
9400,2
9401,0
9403,3
9406,4
9409,2
9415,0
9417,0
9420,0
9422,4
9424,4
9428,2
9429,1
9430,1
9432,4
9434,3
9437,0
9438,4
9440,1
9442,0
9445,2
9449,1
9453,4
9454,4
9456,4
9458,3
9463,3
9466,4
9469,3
9470,3
9473,2
9479,1
9480,2
9481,0
9482,0
9486,2
9489,0
9494,2
9502,1
9506,2
9512,0
9513,3
9518,4
9521,2
9522,1
9523,4
9525,2
9530,3
9533,3
9537,2
9541,4
9550,1
9551,2
9556,0
9560,3
9564,3
9566,2
9574,1
9577,4
9580,0
9585,3
9591,1
9593,4
9596,0
9604,4
9606,2
9607,2
9608,4
9622,4
9626,2
9633,2
9634,2
9636,1
9638,3
9640,4
9641,2
9645,1
9650,0
9651,2
9654,1
9658,2
9661,0
9690,0
9692,0
9697,1
9701,4
9703,0
9719,1
9720,2
9721,4
9728,2
9729,1
9731,2
9732,2
9733,0
9738,0
9750,0
9755,3
9768,4
9779,2
9783,2
9786,0
9792,1
9793,0
9794,4
9798,4
9801,3
9812,2
9816,4
9825,3
9827,2
9830,3
9834,4
9847,2
9849,1
9850,3
9858,2
9863,4
9864,3
9867,3
9869,1
9870,1
9874,3
9877,3
9879,3
9880,1
9882,4
9883,3
9884,1
9885,4
9886,1
9887,1
9888,3
9891,4
9892,4
9895,4
9896,4
9897,2
9899,4
9905,1
9906,2
9908,3
9911,2
9912,4
9914,1
9915,1
9919,2
9921,4
9923,1
9930,2
9938,0
9949,1
9950,2
9954,3
9955,3
9974,2
9985,2
9986,1
9987,2
9990,0
9996,1
10005,4
10006,1
10012,0
10021,1
10035,0
10054,2
10055,3
10071,2
10074,1
10077,3
10079,2
10084,1
10087,3
10089,0
10092,0
10094,2
10096,1
10100,1
10102,4
10104,1
10107,1
10109,4
10116,3
10118,0
10133,2
10134,3
10136,3
10138,4
10141,3
10151,4
10156,4
10157,0
10158,0
10165,2
10166,1
10174,4
10177,2
10181,2
10183,2
10184,3
10189,1
10191,3
10194,0
10196,3
10200,0
10202,0
10204,4
10207,2
10208,1
10209,2
10217,3
10219,3
10220,0
10221,2
10227,2
10230,2
10233,1
10236,0
10238,3
10246,0
10251,0
10253,3
10255,3
10260,2
10261,3
10263,2
10265,3
10266,3
10269,4
10271,1
10275,2
10277,1
10280,0
10285,3
10288,0
10290,2
10291,4
10292,2
10294,1
10296,0
10302,0
10312,1
10348,2
10357,2
10373,1
10385,3
10388,4
10391,1
10394,3
10397,3
10398,2
10405,3
10414,0
10420,4
10421,1
10430,0
10431,2
10434,0
10439,2
10441,3
10442,3
10443,3
10444,2
10446,3
10452,3
10460,2
10461,3
10466,0
10467,0
10469,1
10470,2
10471,2
10473,2
10475,2
10478,2
10480,3
10484,0
10485,0
10486,3
10487,4
10488,4
10490,2
10492,0
10493,3
10497,0
10503,1
10504,3
10507,3
10511,1
10512,4
10514,0
10515,3
10519,1
10522,1
10526,2
10532,3
10534,3
10536,0
10541,2
10543,2
10544,3
10547,2
10552,4
10562,1
10563,2
10564,0
10567,0
10570,2
10575,4
10580,2
10581,0
10582,0
10584,2
10586,1
10587,0
10588,2
10589,1
10590,2
10597,4
10599,0
10607,2
10616,2
10621,0
10625,4
10629,4
10632,2
10636,2
10638,0
10640,0
10641,0
10642,3
10645,3
10647,2
10650,0
10652,2
10656,1
10659,1
10661,0
10662,2
10664,1
10666,2
10671,0
10673,2
10678,4
10681,3
10682,0
10683,2
10684,3
10690,3
10692,3
10693,3
10696,0
10701,0
10702,0
10707,0
10708,4
10712,2
10713,2
10718,3
10720,3
10722,4
10723,4
10724,1
10725,2
10726,3
10727,3
10733,2
10734,1
10738,3
10739,3
10743,1
10744,3
10745,0
10748,2
10750,2
10751,3
10755,4
10756,1
10757,2
10759,4
10763,0
10764,4
10765,0
10767,4
10769,2
10770,3
10771,2
10776,2
10777,3
10779,3
10783,0
10785,0
10793,3
10797,2
10799,3
10800,2
10801,0
10802,3
10804,2
10805,2
10807,2
10808,4
10809,4
10810,0
10811,2
10814,3
10819,2
10820,2
10822,3
10823,3
10824,0
10825,1
10826,0
10827,1
10830,0
10833,3
10834,2
10835,3
10836,3
10844,2
10846,1
10847,4
10848,2
10850,2
10851,2
10854,2
10855,1
10856,1
10858,3
10860,1
10863,2
10864,0
10865,3
10869,4
10870,2
10871,2
10873,3
10879,2
10881,2
10882,3
10883,1
10887,2
10889,2
10893,0
10896,0
10897,2
10900,0
10903,1
10904,1
10906,3
10915,4
10918,3
10919,0
10920,3
10922,4
10923,0
10924,2
10925,1
10927,1
10929,3
10930,2
10932,3
10936,3
10937,2
10938,0
10942,3
10948,3
10949,2
10950,1
10951,2
10953,1
10956,1
10958,1
10959,1
10960,0
10961,0
10962,1
10963,0
10964,2
10969,1
10974,0
10976,2
10978,3
10984,4
10986,2
10987,0
10988,3
10989,1
10992,3
10997,0
10999,3
11001,3
11003,0
11005,1
11007,1
11009,2
11011,4
11012,0
11016,4
11017,4
11023,3
11026,1
11031,4
11032,2
11033,3
11034,3
11035,2
11039,3
11041,2
11042,3
11043,2
11044,2
11045,1
11046,2
11048,0
11049,4
11051,0
11052,1
11053,4
11054,2
11055,1
11058,4
11064,2
11065,2
11069,3
11092,3
11094,3
11107,4
11111,0
11116,0
11123,4
11125,0
11129,3
11132,1
11136,3
11138,3
11143,2
11144,4
11152,2
11154,2
11155,3
11158,0
11160,1
11162,3
11163,0
11164,3
11168,2
11172,2
11173,2
11176,4
11182,4
11184,2
11197,3
11199,2
11200,3
11201,0
11204,3
11206,3
11210,3
11211,3
11212,1
11213,3
11219,3
11220,0
11221,3
11222,3
11228,0
11230,4
11231,0
11234,3
11238,0
11239,1
11241,2
11242,4
11246,4
11247,4
11248,1
11250,4
11252,1
11255,1
11258,4
11259,0
11268,0
11273,2
11274,0
11275,0
11279,4
11284,1
11296,2
11297,3
11302,0
11309,1
11310,3
11317,4
11318,4
11319,0
11323,1
11324,0
11326,2
11328,2
11330,2
11331,4
11333,1
11336,1
11338,0
11340,3
11341,2
11342,3
11344,3
11345,0
11346,2
11347,1
11351,2
11354,4
11363,2
11366,1
11368,0
11370,4
11374,3
11375,1
11378,4
11381,2
11388,3
11389,2
11390,4
11394,1
11398,2
11399,4
11401,0
11402,2
11403,3
11404,0
11405,0
11407,4
11411,2
11416,2
11417,3
11419,0
11421,2
11424,2
11426,2
11427,3
11429,2
11431,1
11433,2
11434,2
11435,3
11437,2
11439,2
11441,4
11443,3
11445,1
11446,1
11451,4
11457,2
11458,1
11462,4
11468,3
11471,0
11476,4
11478,0
11481,4
11484,3
11485,1
11486,1
11488,3
11491,3
11493,1
11496,2
11497,3
11504,4
11508,0
11510,2
11511,3
11515,4
11518,3
11519,1
11521,2
11525,3
11527,3
11532,2
11534,3
11538,2
11540,2
11545,1
11549,3
11550,0
11554,4
11555,0
11558,4
11559,2
11563,2
11564,0
11567,2
11569,4
11573,3
11576,2
11582,4
11586,2
11590,1
11597,3
11601,4
11608,1
11609,1
11616,4
11618,4
11620,0
11621,2
11622,0
11624,0
11625,1
11630,2
11631,3
11632,2
11637,4
11640,2
11641,4
11643,4
11645,0
11646,3
11649,0
11651,4
11656,3
11662,3
11664,2
11694,2
11699,2
11701,2
11709,1
11712,0
11722,3
11724,0
11728,0
11751,1
11752,2
11754,1
11760,2
11763,2
11772,4
11773,2
11775,0
11779,4
11781,2
11782,1
11784,1
11785,1
11788,3
11789,3
11791,4
11792,1
11793,3
11805,1
11809,0
11810,3
11811,3
11812,0
11813,3
11814,2
11815,3
11817,3
11818,1
11821,4
11824,3
11825,1
11826,3
11834,1
11841,0
11843,0
11848,3
11849,3
11850,2
11851,4
11855,2
11856,4
11860,0
11877,3
11878,0
11880,1
11882,3
11883,0
11884,1
11885,4
11886,2
11889,0
11892,4
11893,4
11898,0
11908,0
11912,4
11914,2
11917,1
11921,1
11922,3
11924,2
11929,4
11931,2
11932,3
11933,2
11934,0
11942,2
11949,0
11950,1
11951,2
11952,0
11953,0
11960,4
11961,1
11962,3
11963,1
11966,3
11967,0
11971,0
11973,1
11977,2
11981,4
11984,4
11987,1
11988,3
11990,1
11991,2
11996,4
12000,3
12001,0
12006,4
12007,4
12008,2
12009,0
12010,0
12011,4
12012,0
12013,2
12014,1
12015,3
12016,2
12017,3
12023,0
12024,1
12028,1
12033,0
12042,1
12045,0
12047,2
12049,0
12050,4
12055,0
12056,2
12057,1
12058,0
12061,0
12063,2
12064,2
12065,2
12067,1
12068,2
12069,2
12072,1
12073,4
12076,1
12077,1
12078,2
12079,0
12081,2
12085,3
12089,2
12090,0
12091,0
12092,2
12093,4
12094,2
12095,3
12097,3
12098,2
12101,4
12105,3
12107,1
12112,3
12116,3
12117,2
12118,3
12120,1
12122,1
12123,2
12126,2
12131,0
12138,0
12142,3
12150,4
12151,3
12157,1
12161,3
12163,2
12164,3
12166,0
12168,3
12170,4
12171,3
12172,2
12173,2
12174,2
12175,0
12177,1
12178,1
12179,2
12180,3
12182,3
12183,0
12186,1
12187,2
12189,2
12190,1
12191,0
12192,3
12193,0
12195,2
12196,0
12197,4
12198,4
12199,0
12200,4
12201,1
12202,2
12203,4
12207,0
12208,1
12209,2
12210,4
12211,3
12214,2
12216,2
12220,2
12221,1
12223,0
12225,3
12226,3
12229,0
12230,3
12231,4
12232,1
12233,0
12234,3
12235,0
12236,3
12237,3
12238,2
12239,2
12243,2
12244,2
12246,1
12248,1
12249,3
12250,2
12252,0
12253,4
12254,3
12255,2
12265,3
12266,2
12267,3
12269,0
12271,0
12273,0
12274,3
12277,4
12281,3
12283,2
12286,0
12287,1
12294,3
12295,3
12318,0
12324,3
12325,1
12326,3
12328,1
12329,1
12332,0
12352,0
12354,0
12360,3
12366,0
12368,4
12372,2
12378,1
12379,0
12381,4
12385,1
12387,2
12391,2
12392,3
12396,2
12397,1
12398,1
12403,2
12408,4
12410,1
12417,1
12421,4
12423,2
12425,3
12427,4
12430,1
12432,1
12434,0
12435,2
12436,1
12437,3
12441,2
12442,2
12443,3
12448,3
12449,3
12450,4
12458,0
12459,2
12462,0
12467,0
12471,1
12474,3
12482,1
12491,0
12492,1
12493,2
12495,2
12496,0
12500,0
12502,2
12503,3
12505,1
12507,1
12514,2
12515,3
12517,3
12518,1
12523,2
12525,3
12526,0
12527,1
12533,0
12534,3
12539,2
12540,0
12542,1
12543,3
12546,2
12548,1
12549,0
12550,2
12551,0
12552,3
12554,3
12556,4
12560,4
12561,0
12562,3
12564,4
12568,3
12573,3
12579,3
12580,4
12583,3
12585,1
12586,3
12588,0
12589,4
12590,3
12594,0
12595,3
12596,1
12597,3
12598,2
12605,3
12607,0
12610,1
12613,1
12616,3
12618,2
12622,0
12623,4
12626,1
12629,2
12633,3
12634,3
12637,4
12642,1
12645,0
12650,2
12655,0
12658,3
12659,0
12670,3
12677,3
12683,2
12686,4
12689,2
12690,4
12692,2
12695,2
12696,3
12698,3
12699,3
12701,2
12702,0
12703,3
12706,2
12707,3
12708,1
12709,0
12710,3
12711,2
12712,2
12713,3
12714,1
12716,2
12717,1
12719,0
12720,2
12721,3
12722,1
12723,2
12724,3
12726,4
12727,3
12728,2
12729,1
12730,2
12733,1
12735,3
12736,3
12737,4
12738,2
12739,4
12743,3
12744,3
12745,0
12746,2
12747,1
12750,4
12754,0
12756,3
12757,0
12758,3
12759,2
12761,2
12763,1
12766,2
12767,1
12768,4
12769,0
12773,3
12776,4
12778,3
12780,0
12782,1
12783,0
12785,0
12791,0
12794,4
12796,0
12801,2
12803,4
12808,3
12810,4
12812,0
12815,2
12817,1
12819,1
12820,4
12821,4
12822,0
12823,1
12824,2
12825,3
12827,1
12828,3
12829,3
12830,1
12831,0
12833,3
12837,3
12839,2
12841,2
12842,2
12844,3
12845,0
12849,0
12850,1
12852,4
12873,2
12883,3
12888,2
12889,3
12903,3
12904,3
12906,0
12907,1
12908,3
12909,1
12910,2
12911,4
12916,0
12918,1
12920,3
12921,2
12922,0
12926,1
12930,1
12932,1
12933,0
12934,3
12942,3
12944,3
12945,3
12946,4
12950,0
12953,3
12954,2
12955,2
12958,3
12960,3
12961,4
12962,0
12963,1
12964,0
12966,3
12968,2
12972,0
12976,4
12980,1
12982,4
12991,3
12992,3
12994,1
12995,0
12997,2
13004,0
13007,1
13015,1
13018,1
13019,3
13021,2
13024,3
13026,1
13028,0
13034,1
13035,0
13040,2
13041,3
13046,3
13051,3
13052,0
13053,1
13059,3
13063,3
13064,1
13066,3
13072,2
13074,0
13075,3
13076,3
13077,4
13078,0
13080,3
13081,3
13090,3
13094,0
13103,3
13107,2
13111,1
13115,2
13116,2
13118,3
13120,1
13121,2
13122,3
13123,0
13124,3
13125,3
13127,2
13128,0
13130,3
13131,3
13132,4
13134,3
13135,4
13136,2
13138,0
13143,1
13145,1
13147,1
13148,3
13152,0
13154,3
13156,2
13158,3
13164,0
13175,4
13179,3
13188,3
13189,1
13191,3
13192,1
13193,2
13194,2
13195,4
13196,1
13202,3
13206,0
13208,1
13209,2
13210,0
13211,0
13212,2
13213,0
13215,3
13216,0
13221,2
13222,1
13224,2
13225,4
13241,2
13242,2
13243,0
13249,2
13253,3
13254,0
13255,0
13256,3
13257,0
13259,1
13260,3
13262,2
13263,0
13264,1
13266,2
13267,3
13269,1
13270,2
13276,0
13277,3
13279,1
13283,2
13285,1
13289,3
13291,3
13293,0
13295,4
13297,2
13301,0
13306,3
13307,2
13308,2
13311,2
13321,3
13323,2
13324,4
13326,2
13334,0
13335,3
13338,3
13347,2
13348,1
13349,4
13358,2
13362,2
13368,0
13373,3
13379,3
13380,2
13381,2
13382,3
13383,4
13384,2
13387,0
13388,3
13389,4
13390,2
13399,2
13400,3
13401,1
13403,1
13409,1
13417,0
13427,0
13429,3
13436,3
13444,3
13445,0
13446,0
13447,3
13450,3
13455,1
13456,2
13457,0
13458,0
13459,0
13460,0
13462,1
13463,3
13465,4
13467,1
13468,3
13469,3
13471,1
13473,0
13474,1
13477,0
13479,3
13480,4
13481,4
13482,0
13483,1
13487,0
13488,2
13489,3
13492,4
13493,0
13494,2
13495,1
13496,1
13497,4
13498,4
13500,2
13501,1
13502,2
13503,0
13505,0
13506,0
13507,0
13508,3
13509,3
13510,1
13511,3
13513,1
13514,3
13516,3
13518,0
13519,0
13521,3
13522,1
13523,0
13526,0
13527,2
13528,1
13530,1
13531,0
13533,1
13534,0
13537,2
13538,1
13539,1
13540,3
13542,1
13544,3
13545,2
13546,1
13547,1
13548,3
13549,1
13553,1
13556,1
13558,3
13559,4
13560,1
13561,3
13562,0
13564,2
13565,2
13567,0
13571,2
13575,3
13603,3
13616,1
13623,3
13626,3
13630,2
13635,3
13636,1
13642,4
13653,3
13654,2
13656,3
13658,4
13662,2
13665,3
13669,3
13670,1
13672,1
13676,1
13677,1
13682,3
13686,0
13687,0
13688,0
13689,0
13690,0
13691,1
13693,4
13694,3
13695,2
13696,4
13701,2
13702,4
13703,0
13704,2
13707,1
13708,0
13712,0
13716,2
13717,0
13718,3
13719,0
13721,3
13722,3
13724,2
13725,1
13726,3
13727,3
13729,2
13730,1
13732,4
13734,0
13735,0
13736,3
13737,2
13738,3
13740,3
13746,1
13748,3
13751,0
13756,3
13760,1
13763,3
13764,0
13768,1
13769,3
13771,1
13774,0
13776,1
13780,3
13781,4
13782,3
13783,3
13794,2
13796,2
13804,2
13805,2
13808,2
13810,1
13812,1
13816,2
13817,3
13822,4
13826,0
13829,1
13831,3
13835,1
13837,0
13838,1
13839,0
13843,0
13844,1
13854,3
13861,0
13872,0
13876,0
13878,3
13882,1
13884,2
13889,3
13895,0
13897,3
13898,3
13902,3
13904,3
13907,2
13909,0
13910,0
13915,1
13917,3
13919,1
13924,0
13929,4
13931,3
13936,0
13940,2
13941,1
13944,0
13945,1
13947,2
13948,4
13951,3
13954,0
13955,0
13957,3
13960,3
13961,2
13964,3
13967,3
13968,1
13969,0
13970,0
13972,2
13973,2
13974,0
13975,1
13976,1
13977,3
13978,0
13979,0
13980,0
13981,1
13982,3
13983,3
13984,4
13985,2
13986,1
13987,1
13989,1
13991,1
13992,2
13993,3
13994,2
13995,3
13996,2
13997,3
13998,2
13999,2
14000,0
14001,3
14002,0
14004,2
14005,1
14007,3
14011,0
14017,3
14020,0
14023,0
14024,1
14026,4
14027,0
14029,3
14030,0
14034,0
14035,0
14036,4
14037,4
14038,3
14039,4
14056,2
14070,0
14076,1
14082,1
14084,2
14087,3
14094,2
14097,2
14099,0
14104,2
14107,0
14108,4
14109,2
14110,2
14113,2
14114,2
14116,3
14119,3
14120,0
14121,0
14122,0
14123,3
14124,0
14134,3
14137,2
14139,2
14140,3
14141,0
14143,2
14144,0
14150,3
14155,2
14158,0
14161,3
14163,0
14166,2
14168,3
