,cluster
3,0.0
5,5.0
6,0.0
8,6.0
9,2.0
10,2.0
11,2.0
12,6.0
13,5.0
14,2.0
15,3.0
16,6.0
18,4.0
19,8.0
20,8.0
22,5.0
23,6.0
24,5.0
25,6.0
26,6.0
27,6.0
28,
29,8.0
30,5.0
31,8.0
32,8.0
33,6.0
36,5.0
37,8.0
38,8.0
39,4.0
41,3.0
43,5.0
45,2.0
46,4.0
47,2.0
48,6.0
49,5.0
50,
51,4.0
52,4.0
53,4.0
55,1.0
56,3.0
57,6.0
59,
60,3.0
61,2.0
63,6.0
64,3.0
65,8.0
66,5.0
67,3.0
68,4.0
69,4.0
70,1.0
71,6.0
72,8.0
73,2.0
74,3.0
75,0.0
76,1.0
77,6.0
78,1.0
80,3.0
81,8.0
82,5.0
83,8.0
85,2.0
86,6.0
87,1.0
88,8.0
89,6.0
90,5.0
91,1.0
92,3.0
93,1.0
94,0.0
95,1.0
96,1.0
97,2.0
98,8.0
99,2.0
100,8.0
101,8.0
102,8.0
103,8.0
104,1.0
107,5.0
108,2.0
109,2.0
110,8.0
111,4.0
112,3.0
113,0.0
114,1.0
115,4.0
116,6.0
117,4.0
118,1.0
119,8.0
120,6.0
122,1.0
123,2.0
124,1.0
125,5.0
126,8.0
128,4.0
129,1.0
130,0.0
131,1.0
132,6.0
133,6.0
134,6.0
136,5.0
137,1.0
138,4.0
139,4.0
140,6.0
141,4.0
143,4.0
144,6.0
145,2.0
146,
148,8.0
149,8.0
150,8.0
151,2.0
152,5.0
153,6.0
154,6.0
156,3.0
157,7.0
159,8.0
161,8.0
162,3.0
163,3.0
165,2.0
166,8.0
167,0.0
168,2.0
170,7.0
171,3.0
172,0.0
173,4.0
174,3.0
175,5.0
177,8.0
179,4.0
180,8.0
181,7.0
182,4.0
183,5.0
184,6.0
185,4.0
186,6.0
187,3.0
188,1.0
189,3.0
190,1.0
191,0.0
195,1.0
196,7.0
197,
199,2.0
200,3.0
201,2.0
202,8.0
203,2.0
204,6.0
205,8.0
207,4.0
209,6.0
210,8.0
212,6.0
213,1.0
214,4.0
216,6.0
217,2.0
219,5.0
221,1.0
222,1.0
223,3.0
224,8.0
225,8.0
227,0.0
228,8.0
230,8.0
233,1.0
234,3.0
235,3.0
236,8.0
237,0.0
238,4.0
239,4.0
240,5.0
241,3.0
242,5.0
243,4.0
244,1.0
245,0.0
246,4.0
247,8.0
249,0.0
250,7.0
252,6.0
253,5.0
255,2.0
256,3.0
257,0.0
258,6.0
259,1.0
260,8.0
261,6.0
262,3.0
263,8.0
265,0.0
266,8.0
269,4.0
270,6.0
271,3.0
272,7.0
273,8.0
274,6.0
275,5.0
276,6.0
278,7.0
279,2.0
280,7.0
281,2.0
282,8.0
283,3.0
284,5.0
286,2.0
287,0.0
288,2.0
289,7.0
290,4.0
291,5.0
292,6.0
293,3.0
295,4.0
296,6.0
297,5.0
298,0.0
299,0.0
300,5.0
302,3.0
303,0.0
304,1.0
305,0.0
306,2.0
307,4.0
308,4.0
309,4.0
310,3.0
311,3.0
312,4.0
313,5.0
314,8.0
315,5.0
316,6.0
317,2.0
318,8.0
319,0.0
320,1.0
321,6.0
322,5.0
323,6.0
324,8.0
325,8.0
326,5.0
327,3.0
328,8.0
329,1.0
330,4.0
332,8.0
333,8.0
334,8.0
335,8.0
336,0.0
337,1.0
339,4.0
340,8.0
341,2.0
343,2.0
344,5.0
345,1.0
346,3.0
348,8.0
350,2.0
351,6.0
352,4.0
353,3.0
354,4.0
355,1.0
357,6.0
358,8.0
359,5.0
361,4.0
362,5.0
363,3.0
364,0.0
365,0.0
366,0.0
367,8.0
368,8.0
369,6.0
370,1.0
371,0.0
373,4.0
374,0.0
375,1.0
376,5.0
378,1.0
379,2.0
380,8.0
381,1.0
382,0.0
383,5.0
384,6.0
386,2.0
387,1.0
388,8.0
390,1.0
391,5.0
392,2.0
393,4.0
394,8.0
395,2.0
397,8.0
398,6.0
399,4.0
400,6.0
401,0.0
402,6.0
403,2.0
404,6.0
405,8.0
406,8.0
407,6.0
408,1.0
409,8.0
411,6.0
412,8.0
413,8.0
415,7.0
416,4.0
418,8.0
419,0.0
420,5.0
421,0.0
422,4.0
424,3.0
425,5.0
426,7.0
427,2.0
428,3.0
429,6.0
430,1.0
432,0.0
433,6.0
434,2.0
435,2.0
437,3.0
438,2.0
439,0.0
440,
441,2.0
442,2.0
443,4.0
444,2.0
445,0.0
446,6.0
447,0.0
448,0.0
449,0.0
450,8.0
451,1.0
452,2.0
453,2.0
455,6.0
456,5.0
457,8.0
458,6.0
459,6.0
462,8.0
463,3.0
464,8.0
465,2.0
466,0.0
467,6.0
468,8.0
469,3.0
470,5.0
471,5.0
472,2.0
473,8.0
474,3.0
476,8.0
478,8.0
479,3.0
480,3.0
481,0.0
482,0.0
484,3.0
486,3.0
487,3.0
488,8.0
489,0.0
491,6.0
493,5.0
495,8.0
496,2.0
497,4.0
499,3.0
502,5.0
503,3.0
504,1.0
505,2.0
506,0.0
507,1.0
508,8.0
509,2.0
510,6.0
511,8.0
512,4.0
513,1.0
514,0.0
516,1.0
519,6.0
522,8.0
523,2.0
525,4.0
530,1.0
531,8.0
532,5.0
534,2.0
537,
538,2.0
540,0.0
541,2.0
542,
545,2.0
548,2.0
549,5.0
550,6.0
551,2.0
553,0.0
554,4.0
555,6.0
556,0.0
558,5.0
559,8.0
560,2.0
561,8.0
562,8.0
563,3.0
565,2.0
566,2.0
567,3.0
568,1.0
569,3.0
571,1.0
572,5.0
573,5.0
575,4.0
576,6.0
577,5.0
579,0.0
581,3.0
582,2.0
583,0.0
584,6.0
585,8.0
586,0.0
587,6.0
588,7.0
589,2.0
590,6.0
591,8.0
592,2.0
593,2.0
594,2.0
595,5.0
596,7.0
597,3.0
598,8.0
599,8.0
600,7.0
604,8.0
605,1.0
606,2.0
607,3.0
608,6.0
609,5.0
610,6.0
611,3.0
612,0.0
614,3.0
616,5.0
618,2.0
619,2.0
621,2.0
622,5.0
623,3.0
624,6.0
625,3.0
627,1.0
628,6.0
629,8.0
630,4.0
631,7.0
632,8.0
634,1.0
637,4.0
638,3.0
639,0.0
641,1.0
642,3.0
643,8.0
644,5.0
645,3.0
646,6.0
647,6.0
648,2.0
649,0.0
650,8.0
651,2.0
652,8.0
653,0.0
654,4.0
655,0.0
656,6.0
657,4.0
658,8.0
659,5.0
660,8.0
661,1.0
662,8.0
663,0.0
664,0.0
665,7.0
666,6.0
668,8.0
669,5.0
670,1.0
672,4.0
673,0.0
674,4.0
675,5.0
676,6.0
677,0.0
678,6.0
679,2.0
680,7.0
681,7.0
682,4.0
683,8.0
685,2.0
686,7.0
687,8.0
689,3.0
690,0.0
693,2.0
694,8.0
695,0.0
697,4.0
699,3.0
700,5.0
701,0.0
703,0.0
704,6.0
705,5.0
706,7.0
707,6.0
709,0.0
710,0.0
712,0.0
713,2.0
714,4.0
715,4.0
716,6.0
717,4.0
718,3.0
719,1.0
720,8.0
724,8.0
725,8.0
726,2.0
727,2.0
728,6.0
729,2.0
730,8.0
731,8.0
732,2.0
733,
735,2.0
736,1.0
737,2.0
738,6.0
740,8.0
741,0.0
743,8.0
744,0.0
745,0.0
746,0.0
748,5.0
749,8.0
750,8.0
752,0.0
753,8.0
755,5.0
756,2.0
757,0.0
758,1.0
759,2.0
761,8.0
762,5.0
763,6.0
764,5.0
765,3.0
766,8.0
768,0.0
771,4.0
772,5.0
776,6.0
777,3.0
779,4.0
780,8.0
782,5.0
783,8.0
784,8.0
785,3.0
788,3.0
789,6.0
790,8.0
791,6.0
792,0.0
793,1.0
795,6.0
797,1.0
798,8.0
799,8.0
800,4.0
801,4.0
802,0.0
803,1.0
804,8.0
805,6.0
806,5.0
807,0.0
808,8.0
809,2.0
810,2.0
811,8.0
812,8.0
813,3.0
814,8.0
816,1.0
817,2.0
818,
819,6.0
820,5.0
822,2.0
823,5.0
824,0.0
825,5.0
826,4.0
827,0.0
828,5.0
829,5.0
830,5.0
831,6.0
832,5.0
833,2.0
834,2.0
836,6.0
838,0.0
839,3.0
840,3.0
841,5.0
842,6.0
843,1.0
844,4.0
845,0.0
847,2.0
848,2.0
849,3.0
850,6.0
851,0.0
852,6.0
853,6.0
854,1.0
855,5.0
856,8.0
857,6.0
858,3.0
859,0.0
860,0.0
861,8.0
862,6.0
863,0.0
865,3.0
866,0.0
867,4.0
868,6.0
869,4.0
870,6.0
871,2.0
872,5.0
873,8.0
874,0.0
875,8.0
877,0.0
878,5.0
879,0.0
880,8.0
881,8.0
884,3.0
885,8.0
886,0.0
888,1.0
889,8.0
890,2.0
891,8.0
893,5.0
894,6.0
895,3.0
897,5.0
898,5.0
899,5.0
900,0.0
902,7.0
903,2.0
904,8.0
905,4.0
907,1.0
909,3.0
910,
911,5.0
913,5.0
914,1.0
915,3.0
916,2.0
917,5.0
918,3.0
920,0.0
922,4.0
923,3.0
924,8.0
925,1.0
926,8.0
927,8.0
930,8.0
932,6.0
935,3.0
936,7.0
938,6.0
941,4.0
942,2.0
943,6.0
944,8.0
945,1.0
947,1.0
948,8.0
949,3.0
950,6.0
951,4.0
952,1.0
953,3.0
955,1.0
956,6.0
957,2.0
959,8.0
961,6.0
962,6.0
964,0.0
965,6.0
966,2.0
968,0.0
969,2.0
970,8.0
972,6.0
973,8.0
974,8.0
975,3.0
976,4.0
977,6.0
978,0.0
979,3.0
980,0.0
981,1.0
982,2.0
983,3.0
984,6.0
985,2.0
986,6.0
987,0.0
988,2.0
989,1.0
990,1.0
992,0.0
993,2.0
994,4.0
995,5.0
996,8.0
997,4.0
998,2.0
999,0.0
1000,5.0
1001,6.0
1002,5.0
1003,3.0
1004,6.0
1005,0.0
1006,8.0
1007,2.0
1008,0.0
1009,8.0
1010,8.0
1011,8.0
1012,2.0
1013,5.0
1014,2.0
1016,8.0
1017,0.0
1018,5.0
1019,0.0
1020,0.0
1022,7.0
1023,4.0
1024,3.0
1025,8.0
1026,8.0
1028,8.0
1029,8.0
1030,5.0
1031,4.0
1033,3.0
1034,3.0
1035,3.0
1036,6.0
1037,2.0
1038,6.0
1039,2.0
1040,8.0
1041,3.0
1042,8.0
1043,0.0
1044,3.0
1045,4.0
1046,4.0
1047,5.0
1049,6.0
1050,1.0
1051,2.0
1052,6.0
1053,2.0
1054,1.0
1055,0.0
1056,2.0
1057,3.0
1058,0.0
1059,5.0
1060,2.0
1061,6.0
1062,6.0
1063,2.0
1064,3.0
1065,2.0
1066,2.0
1068,6.0
1069,6.0
1071,2.0
1072,6.0
1073,6.0
1074,5.0
1075,7.0
1076,3.0
1077,4.0
1078,2.0
1079,6.0
1080,3.0
1081,4.0
1082,1.0
1084,5.0
1085,8.0
1086,0.0
1087,5.0
1088,3.0
1090,0.0
1092,0.0
1093,4.0
1094,8.0
1096,3.0
1098,0.0
1100,6.0
1101,2.0
1103,5.0
1104,5.0
1106,6.0
1109,8.0
1111,1.0
1112,0.0
1113,1.0
1114,5.0
1115,2.0
1116,4.0
1118,7.0
1120,8.0
1121,4.0
1122,2.0
1123,6.0
1124,3.0
1126,6.0
1128,1.0
1130,0.0
1131,6.0
1132,4.0
1134,8.0
1136,5.0
1137,1.0
1138,8.0
1139,3.0
1140,5.0
1143,8.0
1145,2.0
1146,6.0
1147,1.0
1148,2.0
1149,6.0
1150,0.0
1151,5.0
1152,3.0
1153,2.0
1154,3.0
1155,2.0
1156,8.0
1157,0.0
1158,3.0
1161,8.0
1162,7.0
1163,3.0
1164,2.0
1165,8.0
1166,4.0
1167,8.0
1168,3.0
1169,6.0
1170,5.0
1172,4.0
1173,2.0
1174,3.0
1176,6.0
1177,3.0
1178,2.0
1179,1.0
1180,0.0
1182,3.0
1183,5.0
1184,2.0
1185,8.0
1186,0.0
1187,0.0
1189,6.0
1190,8.0
1191,4.0
1192,8.0
1193,4.0
1194,2.0
1196,4.0
1197,5.0
1198,6.0
1199,5.0
1200,8.0
1201,3.0
1202,6.0
1203,5.0
1205,0.0
1206,8.0
1208,5.0
1209,6.0
1210,5.0
1211,2.0
1212,2.0
1214,0.0
1215,0.0
1216,6.0
1219,1.0
1220,0.0
1221,5.0
1222,5.0
1223,4.0
1224,3.0
1225,3.0
1226,7.0
1227,4.0
1228,8.0
1230,8.0
1231,7.0
1232,0.0
1233,0.0
1235,4.0
1236,8.0
1237,1.0
1238,2.0
1239,6.0
1240,0.0
1241,7.0
1245,4.0
1246,3.0
1248,3.0
1249,7.0
1250,0.0
1251,0.0
1253,5.0
1254,8.0
1255,1.0
1256,5.0
1258,8.0
1259,8.0
1260,1.0
1262,6.0
1263,2.0
1264,1.0
1265,1.0
1266,2.0
1267,0.0
1268,6.0
1269,5.0
1270,8.0
1271,4.0
1272,6.0
1273,4.0
1274,8.0
1275,3.0
1276,7.0
1278,1.0
1279,5.0
1280,7.0
1281,1.0
1282,2.0
1284,1.0
1285,5.0
1286,1.0
1287,8.0
1288,2.0
1289,0.0
1291,0.0
1292,3.0
1293,3.0
1296,2.0
1297,1.0
1298,3.0
1299,1.0
1300,7.0
1301,
1304,3.0
1305,5.0
1306,2.0
1307,2.0
1308,8.0
1309,3.0
1310,3.0
1311,2.0
1312,6.0
1313,5.0
1315,0.0
1316,3.0
1317,2.0
1318,8.0
1319,5.0
1320,1.0
1321,4.0
1323,1.0
1324,8.0
1325,0.0
1326,7.0
1327,6.0
1328,3.0
1329,0.0
1330,6.0
1331,3.0
1332,5.0
1333,6.0
1337,8.0
1338,8.0
1339,5.0
1340,4.0
1341,2.0
1343,0.0
1345,5.0
1346,2.0
1347,6.0
1348,1.0
1349,0.0
1350,5.0
1352,2.0
1354,4.0
1355,7.0
1356,5.0
1357,4.0
1358,8.0
1359,8.0
1361,6.0
1362,2.0
1363,2.0
1364,1.0
1365,2.0
1366,5.0
1367,2.0
1368,1.0
1369,8.0
1372,8.0
1374,4.0
1375,5.0
1376,8.0
1377,5.0
1378,5.0
1379,7.0
1380,3.0
1382,2.0
1384,3.0
1385,4.0
1386,8.0
1389,4.0
1390,3.0
1392,8.0
1393,0.0
1394,6.0
1395,4.0
1396,6.0
1397,7.0
1398,8.0
1402,6.0
1403,4.0
1404,3.0
1405,1.0
1406,5.0
1407,1.0
1409,6.0
1410,0.0
1411,4.0
1413,8.0
1415,0.0
1417,8.0
1418,5.0
1419,6.0
1421,5.0
1422,2.0
1423,3.0
1424,5.0
1425,5.0
1426,0.0
1428,4.0
1429,2.0
1430,8.0
1431,3.0
1433,6.0
1434,6.0
1436,2.0
1437,6.0
1438,5.0
1439,2.0
1440,3.0
1442,4.0
1443,8.0
1444,5.0
1445,0.0
1446,2.0
1447,0.0
1448,1.0
1449,4.0
1453,3.0
1454,2.0
1455,1.0
1456,2.0
1457,3.0
1458,6.0
1459,8.0
1461,2.0
1462,5.0
1464,0.0
1467,2.0
1468,6.0
1469,8.0
1470,2.0
1471,4.0
1472,2.0
1473,0.0
1474,6.0
1475,6.0
1478,8.0
1479,5.0
1481,0.0
1484,4.0
1485,3.0
1487,4.0
1488,7.0
1489,0.0
1490,8.0
1491,6.0
1493,
1494,6.0
1495,1.0
1496,8.0
1497,1.0
1498,8.0
1499,0.0
1501,4.0
1503,6.0
1504,5.0
1505,0.0
1506,5.0
1509,1.0
1512,8.0
1513,4.0
1515,0.0
1516,1.0
1517,0.0
1518,8.0
1519,0.0
1520,2.0
1521,6.0
1523,8.0
1524,0.0
1525,8.0
1526,4.0
1528,5.0
1529,1.0
1530,8.0
1531,8.0
1533,4.0
1536,6.0
1537,4.0
1538,4.0
1539,8.0
1540,1.0
1541,3.0
1542,0.0
1543,2.0
1544,5.0
1545,8.0
1547,0.0
1548,1.0
1550,6.0
1552,7.0
1554,6.0
1557,3.0
1558,2.0
1560,2.0
1562,1.0
1563,8.0
1564,6.0
1565,2.0
1566,0.0
1568,6.0
1569,5.0
1570,8.0
1571,3.0
1572,3.0
1573,3.0
1577,2.0
1578,2.0
1579,0.0
1580,0.0
1581,2.0
1582,1.0
1583,6.0
1584,4.0
1585,2.0
1586,0.0
1589,1.0
1590,1.0
1592,5.0
1595,6.0
1598,4.0
1600,2.0
1601,6.0
1602,2.0
1603,2.0
1605,8.0
1606,2.0
1609,1.0
1610,6.0
1611,6.0
1612,6.0
1615,3.0
1616,6.0
1617,7.0
1618,5.0
1619,0.0
1620,3.0
1621,3.0
1622,8.0
1623,5.0
1624,5.0
1625,3.0
1626,0.0
1627,1.0
1629,5.0
1630,7.0
1632,6.0
1633,2.0
1634,8.0
1636,8.0
1638,6.0
1639,6.0
1641,4.0
1642,2.0
1644,5.0
1645,4.0
1647,1.0
1649,3.0
1650,2.0
1651,5.0
1653,4.0
1654,0.0
1657,7.0
1659,5.0
1661,5.0
1662,0.0
1663,2.0
1665,3.0
1667,6.0
1668,3.0
1670,3.0
1671,2.0
1674,2.0
1675,5.0
1676,3.0
1677,8.0
1678,7.0
1680,2.0
1682,0.0
1686,3.0
1687,0.0
1688,8.0
1689,5.0
1690,2.0
1694,5.0
1695,0.0
1696,8.0
1697,1.0
1699,4.0
1700,2.0
1701,3.0
1702,2.0
1703,6.0
1705,8.0
1708,2.0
1710,6.0
1711,6.0
1714,3.0
1715,5.0
1716,3.0
1718,7.0
1720,0.0
1721,3.0
1722,
1723,2.0
1724,5.0
1725,6.0
1729,8.0
1733,0.0
1734,0.0
1735,4.0
1737,0.0
1738,6.0
1739,8.0
1740,3.0
1742,1.0
1743,8.0
1744,8.0
1746,7.0
1751,6.0
1753,8.0
1755,8.0
1756,6.0
1762,3.0
1766,0.0
1767,0.0
1768,0.0
1769,6.0
1771,3.0
1774,7.0
1775,0.0
1776,8.0
1777,0.0
1778,5.0
1780,8.0
1782,5.0
1783,7.0
1784,6.0
1786,7.0
1787,2.0
1788,6.0
1790,5.0
1791,0.0
1792,6.0
1793,
1794,6.0
1795,4.0
1796,5.0
1797,3.0
1799,2.0
1800,3.0
1801,2.0
1803,5.0
1804,8.0
1805,5.0
1808,8.0
1810,2.0
1811,2.0
1812,3.0
1813,7.0
1814,0.0
1815,2.0
1816,0.0
1817,0.0
1818,1.0
1819,7.0
1820,8.0
1821,8.0
1824,8.0
1825,5.0
1826,2.0
1827,4.0
1828,3.0
1829,2.0
1830,3.0
1831,5.0
1832,6.0
1833,6.0
1834,7.0
1836,3.0
1837,7.0
1838,3.0
1839,5.0
1841,5.0
1843,6.0
1844,6.0
1845,4.0
1847,4.0
1848,2.0
1850,8.0
1851,6.0
1852,8.0
1853,0.0
1854,4.0
1855,8.0
1856,0.0
1857,0.0
1858,4.0
1859,2.0
1860,4.0
1861,8.0
1863,2.0
1864,2.0
1865,0.0
1866,5.0
1868,3.0
1869,3.0
1871,4.0
1872,0.0
1874,8.0
1875,3.0
1876,0.0
1877,6.0
1881,0.0
1882,3.0
1884,7.0
1885,6.0
1888,7.0
1891,2.0
1892,7.0
1893,8.0
1894,8.0
1895,4.0
1896,7.0
1897,0.0
1899,3.0
1901,3.0
1903,8.0
1904,6.0
1905,5.0
1906,8.0
1909,0.0
1911,8.0
1912,6.0
1914,3.0
1915,0.0
1917,6.0
1918,8.0
1919,0.0
1920,3.0
1921,5.0
1922,8.0
1923,7.0
1924,3.0
1925,0.0
1926,8.0
1928,8.0
1929,7.0
1931,8.0
1933,0.0
1934,5.0
1935,5.0
1936,0.0
1938,6.0
1939,6.0
1940,4.0
1941,0.0
1942,0.0
1943,0.0
1944,3.0
1945,1.0
1947,8.0
1950,6.0
1951,5.0
1952,0.0
1954,8.0
1955,0.0
1958,6.0
1959,1.0
1960,4.0
1962,2.0
1963,7.0
1964,5.0
1966,0.0
1969,5.0
1971,4.0
1972,8.0
1973,4.0
1975,7.0
1976,0.0
1977,2.0
1978,5.0
1979,0.0
1980,1.0
1982,0.0
1985,3.0
1987,8.0
1988,6.0
1989,8.0
1990,1.0
1992,2.0
1993,3.0
1994,2.0
1995,3.0
1996,8.0
1997,2.0
1998,4.0
1999,2.0
2000,4.0
2001,6.0
2003,8.0
2005,5.0
2007,5.0
2008,3.0
2009,6.0
2010,8.0
2011,8.0
2012,0.0
2014,7.0
2015,1.0
2017,8.0
2018,0.0
2019,2.0
2020,0.0
2021,1.0
2022,0.0
2023,8.0
2024,6.0
2025,8.0
2026,6.0
2027,8.0
2029,8.0
2031,0.0
2032,3.0
2033,2.0
2034,0.0
2035,0.0
2036,3.0
2037,5.0
2038,5.0
2039,6.0
2041,0.0
2042,8.0
2043,3.0
2044,3.0
2045,0.0
2046,8.0
2047,8.0
2048,8.0
2049,8.0
2051,6.0
2052,5.0
2054,3.0
2055,1.0
2056,8.0
2057,0.0
2059,6.0
2061,6.0
2062,0.0
2063,6.0
2064,3.0
2065,1.0
2067,2.0
2068,7.0
2069,6.0
2070,6.0
2071,6.0
2074,2.0
2075,0.0
2076,4.0
2077,8.0
2078,5.0
2079,1.0
2082,3.0
2083,8.0
2084,0.0
2086,4.0
2087,5.0
2089,0.0
2090,4.0
2091,1.0
2094,6.0
2095,4.0
2096,7.0
2098,6.0
2099,0.0
2100,2.0
2101,5.0
2102,3.0
2103,4.0
2105,7.0
2106,2.0
2107,2.0
2108,1.0
2109,0.0
2110,1.0
2111,6.0
2112,3.0
2114,2.0
2115,0.0
2116,4.0
2117,8.0
2118,3.0
2119,0.0
2121,3.0
2123,2.0
2124,4.0
2125,8.0
2126,7.0
2127,4.0
2128,6.0
2129,0.0
2130,3.0
2131,7.0
2132,6.0
2133,2.0
2134,0.0
2135,2.0
2136,1.0
2137,5.0
2138,6.0
2139,0.0
2140,1.0
2141,8.0
2143,0.0
2146,0.0
2147,5.0
2148,6.0
2149,3.0
2150,2.0
2151,7.0
2152,3.0
2153,8.0
2154,3.0
2155,5.0
2157,8.0
2158,3.0
2159,
2160,8.0
2161,8.0
2162,3.0
2163,0.0
2164,3.0
2165,6.0
2168,8.0
2169,5.0
2170,8.0
2171,7.0
2172,3.0
2173,6.0
2174,7.0
2175,6.0
2177,4.0
2179,6.0
2180,2.0
2182,0.0
2183,0.0
2184,3.0
2185,7.0
2186,0.0
2187,3.0
2188,3.0
2190,5.0
2191,3.0
2192,5.0
2193,2.0
2194,2.0
2195,0.0
2196,0.0
2197,8.0
2198,4.0
2199,6.0
2200,8.0
2202,8.0
2203,1.0
2204,4.0
2206,2.0
2208,4.0
2209,8.0
2210,5.0
2211,4.0
2212,5.0
2213,6.0
2214,1.0
2215,7.0
2216,6.0
2217,1.0
2218,2.0
2219,2.0
2220,6.0
2222,8.0
2223,1.0
2226,0.0
2227,8.0
2229,4.0
2230,6.0
2232,2.0
2234,2.0
2237,2.0
2238,0.0
2240,0.0
2241,1.0
2242,6.0
2245,6.0
2246,5.0
2248,6.0
2249,8.0
2251,8.0
2252,8.0
2255,8.0
2256,3.0
2258,3.0
2259,1.0
2260,0.0
2262,3.0
2263,1.0
2265,6.0
2266,6.0
2268,2.0
2270,6.0
2271,2.0
2273,7.0
2275,5.0
2276,7.0
2277,1.0
2278,8.0
2279,8.0
2280,8.0
2281,8.0
2282,2.0
2284,6.0
2286,5.0
2287,0.0
2291,2.0
2292,5.0
2293,0.0
2295,3.0
2296,3.0
2297,2.0
2298,4.0
2300,2.0
2301,8.0
2302,4.0
2303,2.0
2304,5.0
2305,0.0
2306,5.0
2307,0.0
2311,8.0
2312,3.0
2314,0.0
2315,8.0
2316,8.0
2317,1.0
2318,6.0
2319,5.0
2320,1.0
2321,0.0
2322,1.0
2323,
2324,3.0
2325,0.0
2326,8.0
2327,8.0
2328,8.0
2329,4.0
2330,3.0
2334,5.0
2335,0.0
2336,7.0
2337,6.0
2338,8.0
2339,3.0
2340,6.0
2341,3.0
2342,3.0
2343,0.0
2344,5.0
2348,2.0
2349,6.0
2350,5.0
2351,4.0
2352,5.0
2353,0.0
2354,4.0
2356,8.0
2357,6.0
2358,6.0
2359,4.0
2360,1.0
2361,8.0
2363,0.0
2365,3.0
2366,4.0
2369,0.0
2370,8.0
2371,6.0
2373,4.0
2374,3.0
2375,8.0
2376,7.0
2377,2.0
2379,4.0
2380,6.0
2382,0.0
2383,3.0
2386,3.0
2387,3.0
2388,5.0
2389,8.0
2390,2.0
2391,5.0
2392,3.0
2393,8.0
2394,5.0
2395,1.0
2398,3.0
2399,3.0
2400,1.0
2401,6.0
2402,8.0
2403,1.0
2404,3.0
2405,6.0
2406,0.0
2407,2.0
2408,1.0
2410,4.0
2413,5.0
2415,6.0
2416,5.0
2417,2.0
2418,2.0
2422,8.0
2423,8.0
2424,1.0
2425,5.0
2428,0.0
2429,0.0
2430,0.0
2431,8.0
2432,8.0
2433,3.0
2435,0.0
2437,6.0
2438,4.0
2439,8.0
2440,5.0
2441,8.0
2442,3.0
2444,0.0
2446,7.0
2448,6.0
2449,8.0
2450,6.0
2451,0.0
2452,0.0
2453,3.0
2454,8.0
2455,
2456,2.0
2457,5.0
2458,8.0
2459,8.0
2460,0.0
2462,3.0
2463,2.0
2465,4.0
2466,5.0
2468,8.0
2471,7.0
2472,0.0
2476,8.0
2482,4.0
2485,8.0
2490,0.0
2493,6.0
2497,0.0
2501,2.0
2502,5.0
2506,5.0
2509,2.0
2513,0.0
2517,7.0
2521,5.0
2525,5.0
2526,6.0
2536,2.0
2538,5.0
2539,4.0
2540,4.0
2545,0.0
2547,6.0
2551,3.0
2553,3.0
2554,7.0
2555,6.0
2557,5.0
2558,6.0
2560,3.0
2562,1.0
2563,2.0
2564,4.0
2565,3.0
2566,1.0
2568,8.0
2571,8.0
2574,3.0
2577,8.0
2580,4.0
2581,5.0
2582,6.0
2587,4.0
2588,6.0
2589,3.0
2593,2.0
2594,2.0
2595,6.0
2597,7.0
2598,5.0
2599,5.0
2600,3.0
2601,4.0
2602,2.0
2603,0.0
2604,1.0
2605,6.0
2606,6.0
2607,1.0
2608,0.0
2609,2.0
2610,0.0
2611,2.0
2612,2.0
2613,2.0
2614,5.0
2615,6.0
2616,7.0
2618,8.0
2619,3.0
2622,6.0
2625,1.0
2626,5.0
2627,8.0
2628,1.0
2630,6.0
2631,5.0
2632,5.0
2633,6.0
2637,2.0
2638,7.0
2644,2.0
2645,0.0
2647,8.0
2673,2.0
2684,3.0
2693,2.0
2694,0.0
2707,1.0
2718,6.0
2723,8.0
2727,0.0
2732,2.0
2749,0.0
2753,3.0
2754,6.0
2765,0.0
2775,0.0
2776,5.0
2779,6.0
2780,5.0
2787,1.0
2788,2.0
2795,8.0
2806,4.0
2810,6.0
2813,3.0
2821,0.0
2825,8.0
2827,7.0
2829,8.0
2834,8.0
2839,8.0
2841,5.0
2844,2.0
2847,2.0
2878,6.0
2879,1.0
2881,5.0
2883,5.0
2892,8.0
2895,4.0
2902,0.0
2919,5.0
2920,8.0
2925,1.0
2931,5.0
2934,8.0
2935,6.0
2937,2.0
2940,6.0
2943,4.0
2944,7.0
2945,8.0
2946,2.0
2949,0.0
2953,0.0
2954,8.0
2956,3.0
2957,6.0
2958,2.0
2959,2.0
2962,2.0
2963,8.0
2967,1.0
2969,6.0
2977,1.0
2978,2.0
2979,2.0
2982,2.0
2995,0.0
3001,2.0
3007,6.0
3027,5.0
3029,1.0
3031,5.0
3033,4.0
3036,5.0
3037,5.0
3040,5.0
3046,1.0
3048,0.0
3050,0.0
3053,2.0
3054,7.0
3055,0.0
3056,3.0
3058,3.0
3059,4.0
3062,4.0
3063,5.0
3064,4.0
3068,8.0
3069,6.0
3079,5.0
3080,6.0
3084,4.0
3093,6.0
3096,0.0
3099,0.0
3100,4.0
3113,5.0
3114,4.0
3124,5.0
3132,3.0
3133,3.0
3134,3.0
3136,1.0
3138,4.0
3139,8.0
3144,4.0
3145,8.0
3146,0.0
3148,4.0
3149,8.0
3150,4.0
3159,3.0
3161,8.0
3164,0.0
3169,1.0
3170,1.0
3171,7.0
3174,1.0
3175,2.0
3176,8.0
3177,0.0
3178,3.0
3182,1.0
3183,0.0
3184,0.0
3185,0.0
3188,4.0
3189,3.0
3191,5.0
3193,3.0
3194,7.0
3201,5.0
3207,5.0
3210,8.0
3215,0.0
3217,2.0
3221,5.0
3225,6.0
3236,6.0
3237,5.0
3241,5.0
3253,0.0
3255,2.0
3256,6.0
3257,6.0
3263,6.0
3267,0.0
3269,2.0
3270,3.0
3272,3.0
3278,0.0
3281,2.0
3291,8.0
3292,8.0
3294,7.0
3295,8.0
3296,8.0
3299,6.0
3303,0.0
3306,6.0
3308,3.0
3311,2.0
3314,2.0
3315,7.0
3319,6.0
3336,1.0
3352,0.0
3361,1.0
3363,8.0
3367,6.0
3369,1.0
3372,3.0
3381,7.0
3383,2.0
3388,0.0
3389,1.0
3393,7.0
3399,1.0
3403,6.0
3408,2.0
3414,0.0
3415,1.0
3416,3.0
3417,6.0
3419,6.0
3428,0.0
3437,3.0
3438,6.0
3442,6.0
3443,8.0
3450,1.0
3455,4.0
3456,5.0
3457,2.0
3459,2.0
3470,1.0
3475,8.0
3490,0.0
3493,3.0
3494,8.0
3501,6.0
3503,6.0
3506,1.0
3507,2.0
3510,2.0
3513,2.0
3514,8.0
3515,0.0
3517,8.0
3520,4.0
3521,3.0
3523,1.0
3524,6.0
3525,0.0
3526,4.0
3528,
3531,2.0
3532,8.0
3533,8.0
3535,4.0
3539,5.0
3540,8.0
3541,
3542,5.0
3543,2.0
3546,4.0
3547,3.0
3553,1.0
3558,2.0
3559,2.0
3560,4.0
3564,8.0
3566,6.0
3567,2.0
3569,8.0
3571,5.0
3573,8.0
3574,1.0
3575,0.0
3577,8.0
3578,1.0
3579,3.0
3580,7.0
3582,5.0
3583,8.0
3586,1.0
3587,6.0
3588,2.0
3589,6.0
3590,0.0
3592,0.0
3593,2.0
3596,6.0
3597,8.0
3598,6.0
3599,6.0
3600,2.0
3601,0.0
3602,0.0
3606,2.0
3607,3.0
3608,1.0
3611,5.0
3613,8.0
3614,8.0
3616,3.0
3617,6.0
3618,3.0
3619,0.0
3620,2.0
3621,4.0
3622,7.0
3623,6.0
3625,4.0
3627,3.0
3628,2.0
3630,0.0
3632,6.0
3640,0.0
3648,8.0
3649,6.0
3650,2.0
3651,3.0
3652,2.0
3653,7.0
3657,3.0
3658,2.0
3665,4.0
3671,3.0
3672,4.0
3681,0.0
3682,1.0
3684,8.0
3689,8.0
3693,8.0
3695,1.0
3701,5.0
3702,3.0
3703,0.0
3704,8.0
3705,8.0
3706,5.0
3708,2.0
3710,4.0
3712,0.0
3713,5.0
3714,4.0
3715,2.0
3718,8.0
3719,3.0
3720,1.0
3721,3.0
3722,6.0
3723,4.0
3725,5.0
3726,2.0
3728,2.0
3734,3.0
3737,5.0
3740,4.0
3746,5.0
3747,2.0
3752,0.0
3757,8.0
3758,6.0
3759,6.0
3760,8.0
3761,5.0
3764,4.0
3765,3.0
3766,0.0
3770,2.0
3771,7.0
3773,2.0
3776,4.0
3779,7.0
3783,3.0
3786,8.0
3787,5.0
3790,0.0
3792,6.0
3793,0.0
3797,5.0
3798,8.0
3800,3.0
3801,8.0
3803,2.0
3804,6.0
3805,1.0
3806,2.0
3807,6.0
3808,8.0
3809,0.0
3811,2.0
3812,5.0
3813,3.0
3814,8.0
3816,6.0
3817,8.0
3818,8.0
3826,0.0
3828,0.0
3836,1.0
3837,8.0
3840,1.0
3841,2.0
3842,2.0
3843,3.0
3846,3.0
3848,6.0
3849,5.0
3850,3.0
3851,3.0
3852,5.0
3853,3.0
3854,3.0
3858,7.0
3860,6.0
3862,4.0
3863,8.0
3865,8.0
3869,2.0
3872,4.0
3875,8.0
3876,6.0
3877,0.0
3880,1.0
3881,8.0
3886,3.0
3892,8.0
3896,6.0
3900,4.0
3901,2.0
3902,0.0
3903,2.0
3904,8.0
3905,6.0
3906,7.0
3907,5.0
3908,8.0
3909,0.0
3911,5.0
3914,7.0
3915,0.0
3918,3.0
3920,0.0
3921,2.0
3925,8.0
3928,1.0
3930,5.0
3936,8.0
3937,0.0
3939,0.0
3940,6.0
3945,6.0
3947,0.0
3948,4.0
3951,3.0
3955,3.0
3959,8.0
3960,6.0
3962,2.0
3977,7.0
3978,8.0
3979,0.0
3980,1.0
3981,3.0
3986,8.0
3988,2.0
3990,2.0
3991,7.0
3992,0.0
3994,2.0
3999,2.0
4000,0.0
4001,1.0
4002,1.0
4003,0.0
4004,8.0
4007,8.0
4010,1.0
4011,6.0
4019,1.0
4020,8.0
4022,2.0
4027,6.0
4033,7.0
4034,4.0
4036,8.0
4039,7.0
4040,0.0
4041,3.0
4043,6.0
4048,
4049,8.0
4050,1.0
4052,6.0
4056,8.0
4059,0.0
4060,5.0
4061,0.0
4063,8.0
4065,7.0
4066,7.0
4067,3.0
4070,1.0
4072,1.0
4073,0.0
4079,8.0
4080,
4081,0.0
4084,3.0
4086,1.0
4087,3.0
4089,4.0
4090,6.0
4092,8.0
4128,7.0
4131,2.0
4141,5.0
4147,0.0
4158,3.0
4179,3.0
4188,2.0
4206,0.0
4217,8.0
4222,5.0
4234,8.0
4245,6.0
4249,5.0
4254,7.0
4262,3.0
4269,2.0
4274,0.0
4284,3.0
4285,6.0
4298,0.0
4302,6.0
4312,6.0
4318,3.0
4320,7.0
4322,0.0
4329,6.0
4331,8.0
4333,4.0
4334,7.0
4337,3.0
4344,4.0
4345,1.0
4347,3.0
4348,5.0
4352,8.0
4359,3.0
4360,8.0
4363,6.0
4366,8.0
4367,3.0
4369,6.0
4372,3.0
4374,2.0
4375,3.0
4379,2.0
4389,3.0
4390,5.0
4392,4.0
4393,7.0
4394,2.0
4396,5.0
4401,1.0
4408,2.0
4409,8.0
4411,8.0
4413,8.0
4415,0.0
4417,0.0
4419,5.0
4422,0.0
4424,4.0
4425,1.0
4426,0.0
4430,3.0
4435,8.0
4437,8.0
4438,2.0
4439,6.0
4440,3.0
4447,5.0
4450,7.0
4454,4.0
4458,8.0
4459,7.0
4460,8.0
4462,3.0
4464,8.0
4471,5.0
4473,3.0
4475,1.0
4476,7.0
4479,8.0
4484,8.0
4491,0.0
4502,4.0
4506,2.0
4508,0.0
4511,0.0
4513,8.0
4515,0.0
4516,3.0
4517,6.0
4519,0.0
4520,4.0
4523,4.0
4524,7.0
4525,8.0
4527,2.0
4529,2.0
4530,8.0
4531,2.0
4533,5.0
4534,8.0
4535,7.0
4536,4.0
4539,5.0
4541,4.0
4543,4.0
4545,6.0
4547,6.0
4549,3.0
4550,8.0
4551,3.0
4552,8.0
4553,2.0
4555,4.0
4556,3.0
4558,0.0
4559,2.0
4560,0.0
4562,5.0
4568,1.0
4569,0.0
4575,7.0
4576,3.0
4579,1.0
4581,0.0
4582,3.0
4586,2.0
4588,2.0
4590,5.0
4591,5.0
4594,7.0
4596,8.0
4597,8.0
4598,3.0
4600,0.0
4603,5.0
4606,2.0
4608,
4610,3.0
4612,8.0
4613,8.0
4615,6.0
4619,1.0
4623,6.0
4624,8.0
4627,3.0
4629,5.0
4636,1.0
4638,6.0
4640,2.0
4644,0.0
4647,1.0
4648,5.0
4650,8.0
4652,5.0
4653,2.0
4656,8.0
4660,8.0
4661,0.0
4664,2.0
4665,0.0
4668,3.0
4671,0.0
4679,8.0
4688,2.0
4689,3.0
4691,5.0
4692,0.0
4693,3.0
4694,5.0
4695,0.0
4696,8.0
4697,2.0
4698,0.0
4700,0.0
4701,0.0
4703,2.0
4706,2.0
4708,4.0
4709,4.0
4710,7.0
4712,6.0
4713,0.0
4715,2.0
4716,8.0
4717,3.0
4720,1.0
4724,5.0
4725,2.0
4726,0.0
4728,8.0
4730,5.0
4731,3.0
4732,1.0
4734,4.0
4735,3.0
4737,3.0
4738,0.0
4739,0.0
4740,7.0
4741,7.0
4743,4.0
4745,8.0
4749,0.0
4750,3.0
4753,0.0
4755,8.0
4756,
4759,8.0
4762,2.0
4763,8.0
4764,2.0
4765,3.0
4766,8.0
4767,3.0
4772,3.0
4774,6.0
4775,6.0
4778,6.0
4779,5.0
4780,1.0
4784,8.0
4785,2.0
4786,8.0
4788,6.0
4789,5.0
4791,0.0
4796,0.0
4797,1.0
4800,6.0
4802,6.0
4807,8.0
4808,3.0
4809,7.0
4811,0.0
4813,5.0
4816,7.0
4817,0.0
4818,6.0
4819,6.0
4820,8.0
4821,5.0
4822,2.0
4824,6.0
4829,1.0
4830,6.0
4831,8.0
4832,8.0
4833,3.0
4835,2.0
4836,2.0
4837,4.0
4838,6.0
4839,1.0
4840,5.0
4841,0.0
4842,4.0
4844,3.0
4845,6.0
4846,8.0
4847,0.0
4848,2.0
4849,3.0
4850,7.0
4851,2.0
4853,8.0
4854,4.0
4855,0.0
4856,1.0
4857,6.0
4858,8.0
4859,2.0
4860,1.0
4862,8.0
4864,0.0
4867,6.0
4868,0.0
4870,6.0
4874,3.0
4876,0.0
4878,8.0
4879,3.0
4880,0.0
4883,2.0
4884,4.0
4887,5.0
4888,2.0
4891,1.0
4892,4.0
4895,3.0
4898,8.0
4899,3.0
4900,4.0
4901,3.0
4903,1.0
4904,
4905,3.0
4909,5.0
4910,4.0
4912,2.0
4913,8.0
4915,1.0
4916,5.0
4917,5.0
4918,8.0
4920,3.0
4921,0.0
4922,8.0
4923,0.0
4925,1.0
4926,0.0
4927,1.0
4929,5.0
4930,3.0
4931,8.0
4932,8.0
4934,5.0
4937,3.0
4940,2.0
4944,5.0
4945,4.0
4946,8.0
4948,1.0
4949,4.0
4951,1.0
4952,0.0
4953,1.0
4954,8.0
4955,8.0
4956,2.0
4958,3.0
4960,8.0
4961,6.0
4962,2.0
4963,6.0
4964,4.0
4965,3.0
4966,8.0
4967,0.0
4968,6.0
4969,0.0
4970,4.0
4971,4.0
4972,1.0
4978,6.0
4979,3.0
4981,8.0
4984,5.0
4985,3.0
4986,0.0
4988,0.0
4992,2.0
4993,6.0
4994,3.0
4995,7.0
4999,6.0
5002,4.0
5003,3.0
5004,8.0
5005,8.0
5007,0.0
5008,4.0
5010,3.0
5011,6.0
5013,3.0
5014,6.0
5019,0.0
5020,4.0
5022,8.0
5023,7.0
5025,3.0
5026,2.0
5027,4.0
5030,0.0
5031,0.0
5032,8.0
5033,4.0
5035,1.0
5036,0.0
5038,3.0
5042,0.0
5043,5.0
5044,6.0
5045,5.0
5047,3.0
5051,4.0
5052,1.0
5055,2.0
5056,8.0
5057,0.0
5059,8.0
5060,8.0
5061,4.0
5063,3.0
5065,4.0
5066,3.0
5067,2.0
5068,3.0
5069,4.0
5070,8.0
5072,5.0
5075,6.0
5077,6.0
5078,6.0
5081,3.0
5082,0.0
5083,4.0
5084,8.0
5087,0.0
5088,1.0
5089,8.0
5090,8.0
5091,0.0
5092,6.0
5093,0.0
5094,4.0
5096,4.0
5097,5.0
5099,0.0
5100,3.0
5102,0.0
5104,0.0
5106,8.0
5108,0.0
5109,1.0
5114,1.0
5115,6.0
5116,4.0
5117,2.0
5121,5.0
5123,8.0
5125,3.0
5127,6.0
5129,8.0
5131,8.0
5132,6.0
5133,4.0
5136,8.0
5137,2.0
5138,0.0
5140,2.0
5141,4.0
5143,2.0
5144,2.0
5146,6.0
5147,2.0
5150,3.0
5151,6.0
5152,4.0
5154,1.0
5155,2.0
5158,6.0
5160,
5162,7.0
5167,3.0
5168,1.0
5169,5.0
5170,5.0
5171,4.0
5172,7.0
5173,2.0
5174,5.0
5175,1.0
5178,7.0
5179,1.0
5180,1.0
5181,4.0
5182,1.0
5184,1.0
5187,6.0
5189,2.0
5191,1.0
5192,0.0
5193,8.0
5194,1.0
5195,7.0
5196,2.0
5197,1.0
5200,2.0
5201,0.0
5205,8.0
5206,3.0
5207,7.0
5208,5.0
5210,4.0
5211,0.0
5212,5.0
5213,2.0
5214,2.0
5216,8.0
5217,1.0
5220,0.0
5221,4.0
5223,6.0
5224,8.0
5227,2.0
5228,3.0
5229,2.0
5230,8.0
5232,0.0
5234,2.0
5235,2.0
5236,0.0
5237,4.0
5239,2.0
5241,3.0
5242,4.0
5243,8.0
5244,2.0
5245,4.0
5247,0.0
5249,0.0
5252,1.0
5254,8.0
5256,1.0
5257,5.0
5258,4.0
5259,8.0
5260,8.0
5262,4.0
5264,8.0
5265,5.0
5266,4.0
5267,1.0
5268,5.0
5269,5.0
5270,4.0
5271,4.0
5275,2.0
5276,1.0
5277,0.0
5278,6.0
5279,0.0
5280,3.0
5281,4.0
5282,7.0
5283,8.0
5284,1.0
5285,3.0
5286,1.0
5287,8.0
5288,8.0
5289,8.0
5293,6.0
5294,2.0
5295,6.0
5296,5.0
5300,2.0
5301,6.0
5302,3.0
5304,7.0
5306,2.0
5307,3.0
5308,2.0
5309,0.0
5310,2.0
5311,1.0
5312,2.0
5314,8.0
5315,7.0
5317,1.0
5319,1.0
5323,8.0
5327,2.0
5328,3.0
5329,5.0
5330,8.0
5331,6.0
5333,1.0
5334,4.0
5336,3.0
5337,8.0
5338,0.0
5339,0.0
5340,4.0
5341,6.0
5343,5.0
5344,2.0
5345,6.0
5346,3.0
5348,8.0
5350,6.0
5352,1.0
5354,8.0
5357,2.0
5358,0.0
5359,0.0
5360,2.0
5361,2.0
5363,8.0
5364,2.0
5365,2.0
5367,6.0
5369,8.0
5372,0.0
5374,0.0
5376,7.0
5377,8.0
5378,3.0
5381,4.0
5383,8.0
5386,5.0
5388,5.0
5389,3.0
5390,8.0
5392,0.0
5393,6.0
5395,4.0
5396,0.0
5398,7.0
5399,5.0
5400,5.0
5401,3.0
5402,0.0
5403,3.0
5405,6.0
5406,8.0
5407,3.0
5408,3.0
5410,2.0
5412,8.0
5413,0.0
5415,7.0
5417,8.0
5419,5.0
5420,6.0
5425,5.0
5426,0.0
5427,2.0
5428,5.0
5429,1.0
5431,4.0
5432,8.0
5433,1.0
5435,6.0
5436,4.0
5438,8.0
5439,8.0
5440,8.0
5442,5.0
5443,3.0
5444,6.0
5447,4.0
5448,8.0
5449,4.0
5450,6.0
5452,0.0
5455,6.0
5459,8.0
5465,0.0
5473,5.0
5477,7.0
5478,4.0
5482,3.0
5483,3.0
5484,4.0
5485,5.0
5486,0.0
5487,2.0
5490,3.0
5491,0.0
5492,0.0
5495,7.0
5497,2.0
5498,8.0
5500,3.0
5501,2.0
5504,6.0
5506,0.0
5507,0.0
5508,0.0
5509,8.0
5511,4.0
5513,8.0
5514,0.0
5516,2.0
5517,8.0
5519,4.0
5520,8.0
5522,3.0
5524,0.0
5525,3.0
5527,1.0
5528,0.0
5529,0.0
5530,5.0
5531,6.0
5532,6.0
5533,3.0
5534,6.0
5536,
5538,7.0
5539,7.0
5540,8.0
5542,0.0
5543,4.0
5544,0.0
5547,3.0
5548,8.0
5549,3.0
5550,4.0
5551,2.0
5553,6.0
5556,3.0
5557,7.0
5558,0.0
5559,5.0
5560,7.0
5561,8.0
5562,1.0
5563,0.0
5565,6.0
5567,5.0
5568,8.0
5569,8.0
5571,5.0
5572,8.0
5573,3.0
5576,5.0
5577,0.0
5578,6.0
5579,8.0
5581,1.0
5582,2.0
5583,3.0
5584,3.0
5585,2.0
5589,5.0
5590,0.0
5591,4.0
5594,0.0
5598,0.0
5600,8.0
5602,7.0
5603,2.0
5604,5.0
5606,3.0
5607,0.0
5608,3.0
5609,6.0
5610,8.0
5611,5.0
5613,0.0
5614,3.0
5615,3.0
5616,
5617,6.0
5619,8.0
5622,4.0
5624,8.0
5625,5.0
5626,4.0
5627,3.0
5629,5.0
5631,8.0
5633,5.0
5634,8.0
5636,8.0
5637,6.0
5638,0.0
5639,8.0
5640,0.0
5641,0.0
5642,2.0
5645,2.0
5647,4.0
5648,8.0
5649,2.0
5650,0.0
5651,6.0
5652,5.0
5653,2.0
5655,3.0
5656,1.0
5658,3.0
5659,1.0
5660,8.0
5661,8.0
5662,2.0
5663,0.0
5664,8.0
5666,3.0
5667,3.0
5670,5.0
5673,0.0
5674,1.0
5675,5.0
5676,6.0
5680,3.0
5683,2.0
5686,1.0
5687,2.0
5690,8.0
5691,7.0
5692,6.0
5693,5.0
5696,8.0
5697,7.0
5699,5.0
5701,3.0
5704,6.0
5706,8.0
5708,3.0
5709,5.0
5713,8.0
5715,8.0
5716,3.0
5718,8.0
5719,3.0
5720,3.0
5721,5.0
5728,8.0
5731,5.0
5734,3.0
5735,8.0
5737,6.0
5741,4.0
5757,3.0
5761,8.0
5762,4.0
5765,5.0
5772,7.0
5773,0.0
5775,8.0
5776,1.0
5777,4.0
5778,0.0
5780,3.0
5781,1.0
5785,0.0
5786,6.0
5787,2.0
5789,8.0
5794,7.0
5797,7.0
5799,8.0
5802,2.0
5804,5.0
5805,5.0
5807,2.0
5808,8.0
5810,5.0
5811,5.0
5813,1.0
5814,8.0
5816,6.0
5817,5.0
5819,5.0
5821,6.0
5823,8.0
5824,5.0
5825,4.0
5828,8.0
5829,3.0
5830,2.0
5832,6.0
5833,5.0
5834,6.0
5835,6.0
5836,4.0
5837,7.0
5838,8.0
5839,0.0
5841,5.0
5842,1.0
5844,0.0
5845,8.0
5846,6.0
5847,0.0
5848,1.0
5849,6.0
5851,3.0
5852,0.0
5853,3.0
5854,8.0
5855,0.0
5856,8.0
5857,1.0
5858,5.0
5859,8.0
5860,1.0
5861,2.0
5862,0.0
5863,8.0
5864,7.0
5865,5.0
5866,4.0
5867,5.0
5870,1.0
5872,4.0
5874,2.0
5876,
5877,5.0
5878,0.0
5879,4.0
5880,3.0
5881,5.0
5882,0.0
5886,4.0
5887,8.0
5889,4.0
5890,2.0
5891,4.0
5892,8.0
5893,8.0
5894,2.0
5896,8.0
5898,7.0
5900,8.0
5902,0.0
5903,7.0
5904,6.0
5905,2.0
5906,8.0
5910,2.0
5912,3.0
5914,1.0
5915,0.0
5921,5.0
5925,2.0
5928,1.0
5929,5.0
5930,2.0
5931,5.0
5933,8.0
5934,1.0
5935,3.0
5937,8.0
5938,2.0
5939,8.0
5941,1.0
5942,2.0
5947,8.0
5950,8.0
5952,1.0
5955,2.0
5958,3.0
5959,1.0
5962,5.0
5967,6.0
5978,0.0
5979,1.0
5980,3.0
5982,7.0
5983,3.0
5984,8.0
5985,3.0
5986,2.0
5987,0.0
5993,1.0
5994,8.0
5995,4.0
5996,2.0
5997,7.0
5998,8.0
6001,2.0
6002,5.0
6005,7.0
6006,4.0
6009,8.0
6017,4.0
6018,5.0
6020,5.0
6023,7.0
6024,6.0
6025,2.0
6026,7.0
6027,4.0
6029,3.0
6031,2.0
6034,6.0
6035,6.0
6037,3.0
6040,0.0
6041,4.0
6042,2.0
6045,5.0
6047,5.0
6052,7.0
6055,5.0
6056,
6060,2.0
6066,2.0
6068,2.0
6069,8.0
6070,3.0
6072,0.0
6083,2.0
6087,0.0
6107,6.0
6114,3.0
6115,1.0
6116,3.0
6118,2.0
6120,4.0
6134,
6140,3.0
6141,5.0
6143,6.0
6150,3.0
6151,5.0
6154,3.0
6155,0.0
6156,0.0
6160,0.0
6161,6.0
6166,
6167,8.0
6168,3.0
6169,4.0
6170,1.0
6171,0.0
6172,2.0
6173,5.0
6178,0.0
6179,8.0
6184,0.0
6185,2.0
6187,6.0
6188,2.0
6190,1.0
6193,3.0
6197,1.0
6200,3.0
6204,5.0
6205,0.0
6207,2.0
6210,1.0
6211,4.0
6216,3.0
6218,4.0
6222,3.0
6229,1.0
6232,8.0
6233,2.0
6234,5.0
6235,8.0
6238,0.0
6243,4.0
6246,4.0
6248,6.0
6267,8.0
6280,1.0
6298,4.0
6309,4.0
6313,0.0
6316,0.0
6322,3.0
6324,3.0
6331,0.0
6337,3.0
6355,1.0
6361,1.0
6366,8.0
6367,6.0
6374,8.0
6377,2.0
6379,3.0
6381,6.0
6382,3.0
6389,1.0
6395,8.0
6400,4.0
6401,3.0
6402,3.0
6405,0.0
6407,3.0
6412,8.0
6414,2.0
6416,8.0
6419,6.0
6425,6.0
6427,8.0
6431,0.0
6437,2.0
6439,6.0
6445,7.0
6450,3.0
6452,8.0
6457,2.0
6460,8.0
6462,0.0
6464,8.0
6473,7.0
6486,0.0
6497,1.0
6521,2.0
6527,1.0
6532,8.0
6533,8.0
6534,2.0
6555,4.0
6557,3.0
6564,7.0
6566,8.0
6568,4.0
6588,5.0
6592,2.0
6609,5.0
6610,6.0
6612,5.0
6618,3.0
6619,6.0
6621,4.0
6630,1.0
6649,5.0
6655,5.0
6667,7.0
6671,5.0
6680,6.0
6686,5.0
6687,8.0
6688,5.0
6689,4.0
6701,8.0
6704,2.0
6705,5.0
6707,6.0
6708,5.0
6709,6.0
6712,0.0
6716,8.0
6717,4.0
6722,4.0
6723,3.0
6725,3.0
6731,3.0
6732,3.0
6733,0.0
6734,0.0
6737,7.0
6740,2.0
6748,7.0
6752,8.0
6757,4.0
6761,8.0
6772,8.0
6774,4.0
6783,7.0
6784,6.0
6785,6.0
6789,8.0
6791,5.0
6792,5.0
6794,1.0
6796,8.0
6797,4.0
6798,3.0
6799,2.0
6808,7.0
6809,2.0
6814,5.0
6816,8.0
6818,6.0
6821,4.0
6822,3.0
6824,0.0
6827,8.0
6829,3.0
6833,6.0
6846,5.0
6850,6.0
6854,7.0
6856,5.0
6862,4.0
6877,2.0
6888,4.0
6892,8.0
6918,0.0
6919,5.0
6925,6.0
6934,8.0
6946,7.0
6967,2.0
6980,6.0
6983,3.0
6986,0.0
7009,3.0
7013,3.0
7018,6.0
7020,8.0
7021,8.0
7026,5.0
7027,2.0
7028,2.0
7029,8.0
7030,1.0
7031,0.0
7033,2.0
7034,8.0
7036,0.0
7037,4.0
7038,8.0
7039,1.0
7040,1.0
7041,3.0
7043,8.0
7044,7.0
7045,2.0
7050,6.0
7052,8.0
7054,8.0
7055,4.0
7057,5.0
7058,1.0
7059,8.0
7064,0.0
7069,2.0
7070,4.0
7071,7.0
7074,8.0
7076,5.0
7077,5.0
7078,0.0
7081,8.0
7082,3.0
7084,0.0
7085,5.0
7086,1.0
7094,2.0
7096,8.0
7120,6.0
7121,8.0
7128,2.0
7131,2.0
7134,8.0
7135,0.0
7141,0.0
7148,5.0
7151,2.0
7154,6.0
7156,4.0
7159,0.0
7163,5.0
7167,4.0
7172,8.0
7175,3.0
7181,5.0
7182,1.0
7185,4.0
7190,8.0
7194,7.0
7196,3.0
7199,3.0
7203,0.0
7204,5.0
7207,2.0
7211,
7216,4.0
7217,2.0
7218,8.0
7227,3.0
7228,5.0
7237,2.0
7240,3.0
7246,5.0
7251,4.0
7252,4.0
7253,3.0
7254,2.0
7258,5.0
7259,8.0
7261,1.0
7269,6.0
7285,0.0
7287,0.0
7288,4.0
7291,8.0
7296,2.0
7297,2.0
7300,0.0
7304,6.0
7306,0.0
7312,0.0
7314,5.0
7315,1.0
7322,6.0
7326,1.0
7328,3.0
7339,0.0
7349,3.0
7359,8.0
7362,3.0
7369,5.0
7370,3.0
7376,3.0
7377,7.0
7378,0.0
7379,3.0
7414,6.0
7418,6.0
7428,2.0
7444,2.0
7476,7.0
7484,6.0
7493,0.0
7500,1.0
7506,8.0
7507,5.0
7511,7.0
7518,4.0
7525,2.0
7527,4.0
7532,3.0
7535,4.0
7538,7.0
7541,6.0
7547,8.0
7554,0.0
7560,8.0
7564,0.0
7577,6.0
7586,5.0
7591,1.0
7596,1.0
7598,0.0
7614,5.0
7618,4.0
7620,8.0
7621,4.0
7638,8.0
7642,2.0
7655,0.0
7657,4.0
7676,4.0
7684,0.0
7685,5.0
7689,8.0
7693,5.0
7694,2.0
7695,
7698,6.0
7699,2.0
7700,8.0
7701,5.0
7705,8.0
7706,8.0
7707,8.0
7708,0.0
7710,2.0
7727,8.0
7730,0.0
7731,6.0
7737,6.0
7739,0.0
7742,7.0
7766,3.0
7771,7.0
7772,2.0
7777,8.0
7780,6.0
7782,8.0
7799,5.0
7803,6.0
7807,7.0
7808,3.0
7809,5.0
7810,0.0
7812,5.0
7816,0.0
7817,3.0
7818,5.0
7819,0.0
7820,7.0
7822,6.0
7826,4.0
7835,2.0
7839,7.0
7841,5.0
7845,6.0
7846,0.0
7847,7.0
7850,6.0
7851,1.0
7853,8.0
7856,5.0
7859,5.0
7873,0.0
7875,5.0
7883,8.0
7885,5.0
7887,2.0
7895,7.0
7897,6.0
7899,6.0
7902,5.0
7907,5.0
7908,6.0
7910,7.0
7920,0.0
7923,7.0
7930,4.0
7934,1.0
7935,2.0
7936,2.0
7950,7.0
7955,2.0
7965,3.0
7969,5.0
7972,5.0
7976,0.0
7984,6.0
8004,6.0
8005,4.0
8006,8.0
8015,1.0
8020,0.0
8021,6.0
8022,0.0
8026,8.0
8035,0.0
8038,3.0
8040,8.0
8041,7.0
8051,6.0
8054,3.0
8063,2.0
8073,4.0
8076,8.0
8078,5.0
8080,5.0
8107,8.0
8113,8.0
8116,6.0
8118,2.0
8120,5.0
8123,0.0
8127,6.0
8137,6.0
8155,7.0
8160,3.0
8161,4.0
8169,1.0
8184,5.0
8189,2.0
8194,4.0
8195,0.0
8196,3.0
8197,8.0
8201,1.0
8205,4.0
8208,0.0
8209,2.0
8211,4.0
8218,3.0
8236,5.0
8240,2.0
8242,0.0
8244,5.0
8254,8.0
8255,1.0
8264,2.0
8269,5.0
8271,7.0
8278,3.0
8281,1.0
8288,5.0
8290,5.0
8293,5.0
8296,4.0
8299,2.0
8303,2.0
8304,6.0
8317,7.0
8323,5.0
8324,2.0
8329,2.0
8330,7.0
8333,5.0
8334,2.0
8335,7.0
8345,1.0
8350,2.0
8355,1.0
8364,2.0
8366,8.0
8367,5.0
8372,1.0
8373,5.0
8387,6.0
8389,0.0
8391,4.0
8393,1.0
8394,4.0
8395,1.0
8396,1.0
8408,3.0
8412,8.0
8413,2.0
8416,1.0
8418,8.0
8422,4.0
8423,4.0
8426,5.0
8432,3.0
8434,0.0
8436,0.0
8437,8.0
8438,5.0
8439,5.0
8442,5.0
8443,5.0
8456,8.0
8463,1.0
8464,3.0
8474,7.0
8476,5.0
8482,4.0
8485,7.0
8495,8.0
8500,4.0
8514,8.0
8519,0.0
8527,8.0
8528,3.0
8530,0.0
8531,2.0
8534,5.0
8536,0.0
8537,6.0
8538,0.0
8540,5.0
8544,6.0
8548,0.0
8550,2.0
8551,8.0
8552,8.0
8556,2.0
8558,6.0
8560,0.0
8562,0.0
8565,1.0
8566,8.0
8567,2.0
8569,6.0
8570,5.0
8571,6.0
8572,6.0
8573,3.0
8579,7.0
8580,8.0
8581,4.0
8584,3.0
8586,8.0
8587,0.0
8588,1.0
8595,4.0
8597,7.0
8598,4.0
8599,1.0
8607,6.0
8610,0.0
8611,5.0
8614,1.0
8616,8.0
8617,8.0
8619,8.0
8623,6.0
8628,6.0
8633,5.0
8634,2.0
8635,3.0
8636,8.0
8637,0.0
8638,3.0
8641,2.0
8642,1.0
8643,0.0
8645,2.0
8649,3.0
8650,8.0
8655,5.0
8659,4.0
8662,0.0
8663,5.0
8664,7.0
8665,7.0
8668,3.0
8669,0.0
8670,2.0
8671,8.0
8681,1.0
8688,3.0
8690,7.0
8692,4.0
8693,3.0
8696,4.0
8699,6.0
8702,3.0
8707,5.0
8708,7.0
8713,8.0
8714,3.0
8716,3.0
8717,5.0
8720,
8721,2.0
8722,4.0
8728,5.0
8730,5.0
8734,3.0
8735,8.0
8738,5.0
8740,7.0
8742,6.0
8748,0.0
8750,8.0
8761,8.0
8768,6.0
8769,2.0
8770,1.0
8771,6.0
8779,8.0
8783,0.0
8784,3.0
8786,0.0
8790,4.0
8793,7.0
8794,7.0
8797,8.0
8799,4.0
8803,5.0
8804,5.0
8808,3.0
8813,8.0
8815,8.0
8816,8.0
8818,3.0
8822,8.0
8830,8.0
8838,2.0
8841,6.0
8843,1.0
8846,7.0
8847,3.0
8863,6.0
8876,5.0
8878,5.0
8880,8.0
8881,3.0
8882,6.0
8897,6.0
8901,5.0
8903,3.0
8904,2.0
8909,8.0
8912,3.0
8913,3.0
8914,4.0
8915,8.0
8918,6.0
8920,8.0
8922,0.0
8924,3.0
8925,0.0
8927,0.0
8928,0.0
8929,0.0
8933,7.0
8937,0.0
8938,5.0
8941,3.0
8945,0.0
8947,6.0
8948,6.0
8950,3.0
8951,8.0
8953,8.0
8955,1.0
8956,3.0
8958,3.0
8959,5.0
8960,7.0
8961,2.0
8966,7.0
8967,7.0
8969,4.0
8970,1.0
8972,8.0
8975,3.0
8976,3.0
8986,0.0
8987,7.0
8988,3.0
8989,4.0
8993,0.0
8994,2.0
8995,8.0
8997,8.0
8998,3.0
8999,6.0
9000,6.0
9001,7.0
9002,8.0
9003,7.0
9006,2.0
9008,4.0
9012,1.0
9013,6.0
9018,5.0
9019,7.0
9020,8.0
9021,3.0
9026,4.0
9028,8.0
9031,3.0
9032,8.0
9033,5.0
9036,8.0
9037,0.0
9041,0.0
9046,6.0
9049,3.0
9051,7.0
9052,8.0
9055,3.0
9057,0.0
9062,6.0
9063,5.0
9064,7.0
9073,3.0
9074,4.0
9077,7.0
9078,0.0
9079,6.0
9080,1.0
9087,4.0
9088,5.0
9092,2.0
9097,5.0
9098,0.0
9099,6.0
9100,5.0
9101,7.0
9102,0.0
9103,2.0
9104,7.0
9106,8.0
9107,8.0
9113,8.0
9115,6.0
9116,3.0
9120,3.0
9122,3.0
9123,5.0
9124,3.0
9125,6.0
9126,5.0
9130,3.0
9138,1.0
9140,0.0
9145,4.0
9146,8.0
9147,5.0
9149,3.0
9152,4.0
9155,1.0
9159,3.0
9161,8.0
9165,5.0
9167,3.0
9168,6.0
9170,6.0
9172,8.0
9173,0.0
9174,8.0
9178,6.0
9179,8.0
9181,8.0
9183,8.0
9184,3.0
9186,3.0
9187,3.0
9188,3.0
9189,3.0
9194,3.0
9196,1.0
9203,0.0
9204,4.0
9209,0.0
9211,8.0
9216,0.0
9218,1.0
9219,2.0
9227,6.0
9229,8.0
9231,3.0
9236,8.0
9237,0.0
9238,7.0
9241,6.0
9242,0.0
9244,0.0
9245,6.0
9247,8.0
9251,1.0
9256,8.0
9258,6.0
9260,5.0
9262,8.0
9265,8.0
9266,3.0
9269,5.0
9270,8.0
9275,5.0
9278,7.0
9281,4.0
9283,6.0
9284,2.0
9285,7.0
9286,8.0
9291,7.0
9293,7.0
9301,7.0
9302,4.0
9304,7.0
9306,0.0
9311,8.0
9313,0.0
9314,1.0
9315,7.0
9316,3.0
9318,7.0
9319,0.0
9320,8.0
9321,6.0
9322,8.0
9324,0.0
9326,8.0
9327,6.0
9328,2.0
9330,6.0
9335,1.0
9336,8.0
9339,2.0
9340,3.0
9341,3.0
9342,5.0
9343,8.0
9346,6.0
9347,0.0
9349,4.0
9350,5.0
9352,7.0
9354,3.0
9355,1.0
9356,7.0
9358,6.0
9359,2.0
9363,3.0
9365,0.0
9369,4.0
9371,4.0
9372,8.0
9374,2.0
9376,0.0
9379,5.0
9380,4.0
9381,5.0
9385,6.0
9387,4.0
9391,
9394,6.0
9396,6.0
9397,0.0
9400,7.0
9401,8.0
9403,3.0
9406,4.0
9409,3.0
9415,8.0
9417,8.0
9420,6.0
9422,0.0
9424,5.0
9428,7.0
9429,1.0
9430,4.0
9432,2.0
9434,5.0
9437,8.0
9438,3.0
9440,1.0
9442,8.0
9445,3.0
9449,4.0
9453,6.0
9454,6.0
9456,7.0
9458,2.0
9463,2.0
9466,2.0
9469,6.0
9470,5.0
9473,2.0
9479,4.0
9480,3.0
9481,5.0
9482,8.0
9486,0.0
9489,5.0
9494,7.0
9502,4.0
9506,6.0
9512,4.0
9513,5.0
9518,3.0
9521,2.0
9522,6.0
9523,2.0
9525,2.0
9530,3.0
9533,3.0
9537,0.0
9541,6.0
9550,1.0
9551,2.0
9556,8.0
9560,8.0
9564,5.0
9566,7.0
9574,2.0
9577,6.0
9580,8.0
9585,5.0
9591,1.0
9593,6.0
9596,6.0
9604,6.0
9606,7.0
9607,0.0
9608,2.0
9622,2.0
9626,0.0
9633,7.0
9634,7.0
9636,4.0
9638,5.0
9640,2.0
9641,3.0
9645,1.0
9650,5.0
9651,6.0
9654,4.0
9658,3.0
9661,6.0
9690,8.0
9692,8.0
9697,1.0
9701,2.0
9703,8.0
9719,1.0
9720,3.0
9721,6.0
9728,3.0
9729,4.0
9731,7.0
9732,6.0
9733,5.0
9738,5.0
9750,5.0
9755,0.0
9768,6.0
9779,7.0
9783,7.0
9786,4.0
9792,1.0
9793,8.0
9794,6.0
9798,3.0
9801,2.0
9812,7.0
9816,0.0
9825,3.0
9827,3.0
9830,2.0
9834,4.0
9847,2.0
9849,8.0
9850,2.0
9858,3.0
9863,2.0
9864,8.0
9867,6.0
9869,1.0
9870,1.0
9874,5.0
9877,3.0
9879,0.0
9880,1.0
9882,6.0
9883,5.0
9884,2.0
9885,6.0
9886,4.0
9887,4.0
9888,0.0
9891,6.0
9892,0.0
9895,3.0
9896,6.0
9897,0.0
9899,2.0
9905,4.0
9906,0.0
9908,5.0
9911,4.0
9912,2.0
9914,1.0
9915,4.0
9919,3.0
9921,0.0
9923,1.0
9930,7.0
9938,8.0
9949,1.0
9950,0.0
9954,3.0
9955,3.0
9974,3.0
9985,3.0
9986,6.0
9987,7.0
9990,8.0
9996,6.0
10005,6.0
10006,1.0
10012,5.0
10021,2.0
10035,8.0
10054,6.0
10055,3.0
10071,7.0
10074,4.0
10077,3.0
10079,0.0
10084,1.0
10087,0.0
10089,8.0
10092,5.0
10094,3.0
10096,1.0
10100,6.0
10102,6.0
10104,8.0
10107,8.0
10109,0.0
10116,3.0
10118,8.0
10133,0.0
10134,5.0
10136,7.0
10138,6.0
10141,8.0
10151,0.0
10156,0.0
10157,8.0
10158,8.0
10165,0.0
10166,4.0
10174,0.0
10177,7.0
10181,3.0
10183,0.0
10184,0.0
10189,6.0
10191,6.0
10194,0.0
10196,5.0
10200,5.0
10202,6.0
10204,5.0
10207,3.0
10208,1.0
10209,3.0
10217,0.0
10219,0.0
10220,8.0
10221,7.0
10227,6.0
10230,3.0
10233,8.0
10236,8.0
10238,5.0
10246,6.0
10251,8.0
10253,3.0
10255,3.0
10260,0.0
10261,5.0
10263,3.0
10265,0.0
10266,0.0
10269,4.0
10271,1.0
10275,6.0
10277,4.0
10280,8.0
10285,5.0
10288,5.0
10290,3.0
10291,2.0
10292,7.0
10294,4.0
10296,8.0
10302,8.0
10312,1.0
10348,7.0
10357,7.0
10373,1.0
10385,5.0
10388,6.0
10391,2.0
10394,8.0
10397,6.0
10398,0.0
10405,5.0
10414,5.0
10420,6.0
10421,4.0
10430,8.0
10431,0.0
10434,5.0
10439,0.0
10441,7.0
10442,0.0
10443,0.0
10444,3.0
10446,6.0
10452,5.0
10460,5.0
10461,5.0
10466,8.0
10467,5.0
10469,4.0
10470,7.0
10471,3.0
10473,3.0
10475,0.0
10478,0.0
10480,5.0
10484,
10485,5.0
10486,0.0
10487,6.0
10488,5.0
10490,3.0
10492,5.0
10493,8.0
10497,8.0
10503,1.0
10504,0.0
10507,8.0
10511,4.0
10512,4.0
10514,4.0
10515,5.0
10519,1.0
10522,1.0
10526,0.0
10532,8.0
10534,5.0
10536,6.0
10541,7.0
10543,5.0
10544,5.0
10547,0.0
10552,0.0
10562,4.0
10563,0.0
10564,6.0
10567,8.0
10570,5.0
10575,4.0
10580,3.0
10581,5.0
10582,6.0
10584,0.0
10586,1.0
10587,8.0
10588,
10589,6.0
10590,7.0
10597,6.0
10599,6.0
10607,2.0
10616,0.0
10621,8.0
10625,3.0
10629,5.0
10632,0.0
10636,7.0
10638,8.0
10640,8.0
10641,8.0
10642,0.0
10645,6.0
10647,7.0
10650,8.0
10652,3.0
10656,6.0
10659,6.0
10661,8.0
10662,0.0
10664,8.0
10666,6.0
10671,6.0
10673,3.0
10678,7.0
10681,3.0
10682,8.0
10683,0.0
10684,5.0
10690,6.0
10692,3.0
10693,
10696,8.0
10701,5.0
10702,8.0
10707,6.0
10708,0.0
10712,7.0
10713,7.0
10718,0.0
10720,5.0
10722,3.0
10723,3.0
10724,1.0
10725,7.0
10726,5.0
10727,5.0
10733,0.0
10734,8.0
10738,6.0
10739,8.0
10743,1.0
10744,0.0
10745,8.0
10748,0.0
10750,3.0
10751,2.0
10755,3.0
10756,2.0
10757,7.0
10759,2.0
10763,8.0
10764,6.0
10765,8.0
10767,3.0
10769,3.0
10770,6.0
10771,0.0
10776,3.0
10777,5.0
10779,3.0
10783,8.0
10785,8.0
10793,7.0
10797,0.0
10799,0.0
10800,3.0
10801,6.0
10802,0.0
10804,0.0
10805,2.0
10807,0.0
10808,7.0
10809,6.0
10810,5.0
10811,3.0
10814,6.0
10819,3.0
10820,
10822,2.0
10823,5.0
10824,8.0
10825,
10826,6.0
10827,4.0
10830,6.0
10833,5.0
10834,5.0
10835,0.0
10836,8.0
10844,0.0
10846,4.0
10847,0.0
10848,3.0
10850,0.0
10851,7.0
10854,7.0
10855,4.0
10856,6.0
10858,5.0
10860,4.0
10863,7.0
10864,8.0
10865,2.0
10869,4.0
10870,7.0
10871,3.0
10873,0.0
10879,7.0
10881,0.0
10882,8.0
10883,1.0
10887,0.0
10889,7.0
10893,1.0
10896,8.0
10897,3.0
10900,6.0
10903,4.0
10904,4.0
10906,6.0
10915,2.0
10918,3.0
10919,8.0
10920,0.0
10922,6.0
10923,8.0
10924,5.0
10925,8.0
10927,8.0
10929,3.0
10930,7.0
10932,5.0
10936,6.0
10937,0.0
10938,
10942,0.0
10948,2.0
10949,3.0
10950,4.0
10951,0.0
10953,1.0
10956,1.0
10958,4.0
10959,1.0
10960,4.0
10961,8.0
10962,6.0
10963,8.0
10964,5.0
10969,1.0
10974,8.0
10976,2.0
10978,0.0
10984,2.0
10986,0.0
10987,5.0
10988,5.0
10989,1.0
10992,2.0
10997,8.0
10999,5.0
11001,5.0
11003,6.0
11005,1.0
11007,4.0
11009,5.0
11011,0.0
11012,5.0
11016,6.0
11017,6.0
11023,5.0
11026,6.0
11031,2.0
11032,7.0
11033,5.0
11034,5.0
11035,7.0
11039,6.0
11041,5.0
11042,5.0
11043,0.0
11044,7.0
11045,8.0
11046,0.0
11048,5.0
11049,0.0
11051,8.0
11052,4.0
11053,3.0
11054,0.0
11055,2.0
11058,3.0
11064,3.0
11065,7.0
11069,6.0
11092,3.0
11094,0.0
11107,2.0
11111,6.0
11116,8.0
11123,4.0
11125,8.0
11129,0.0
11132,1.0
11136,0.0
11138,2.0
11143,7.0
11144,0.0
11152,7.0
11154,0.0
11155,3.0
11158,5.0
11160,6.0
11162,6.0
11163,8.0
11164,3.0
11168,7.0
11172,3.0
11173,5.0
11176,5.0
11182,8.0
11184,7.0
11197,0.0
11199,7.0
11200,2.0
11201,8.0
11204,6.0
11206,0.0
11210,8.0
11211,5.0
11212,4.0
11213,7.0
11219,0.0
11220,5.0
11221,5.0
11222,0.0
11228,8.0
11230,4.0
11231,5.0
11234,3.0
11238,5.0
11239,6.0
11241,0.0
11242,6.0
11246,2.0
11247,3.0
11248,4.0
11250,2.0
11252,4.0
11255,6.0
11258,6.0
11259,6.0
11268,6.0
11273,3.0
11274,6.0
11275,8.0
11279,8.0
11284,1.0
11296,7.0
11297,3.0
11302,5.0
11309,1.0
11310,0.0
11317,2.0
11318,2.0
11319,6.0
11323,6.0
11324,5.0
11326,7.0
11328,0.0
11330,7.0
11331,3.0
11333,1.0
11336,4.0
11338,
11340,6.0
11341,0.0
11342,0.0
11344,3.0
11345,8.0
11346,0.0
11347,1.0
11351,7.0
11354,2.0
11363,7.0
11366,4.0
11368,8.0
11370,3.0
11374,5.0
11375,1.0
11378,3.0
11381,7.0
11388,5.0
11389,7.0
11390,
11394,1.0
11398,7.0
11399,4.0
11401,4.0
11402,2.0
11403,5.0
11404,5.0
11405,8.0
11407,
11411,5.0
11416,3.0
11417,0.0
11419,8.0
11421,7.0
11424,0.0
11426,0.0
11427,4.0
11429,7.0
11431,6.0
11433,7.0
11434,2.0
11435,8.0
11437,2.0
11439,0.0
11441,6.0
11443,5.0
11445,4.0
11446,1.0
11451,2.0
11457,2.0
11458,4.0
11462,3.0
11468,8.0
11471,8.0
11476,6.0
11478,8.0
11481,3.0
11484,5.0
11485,1.0
11486,6.0
11488,0.0
11491,5.0
11493,4.0
11496,7.0
11497,5.0
11504,6.0
11508,5.0
11510,7.0
11511,5.0
11515,6.0
11518,5.0
11519,1.0
11521,7.0
11525,0.0
11527,3.0
11532,0.0
11534,5.0
11538,3.0
11540,7.0
11545,
11549,8.0
11550,6.0
11554,2.0
11555,8.0
11558,0.0
11559,7.0
11563,7.0
11564,2.0
11567,0.0
11569,2.0
11573,0.0
11576,7.0
11582,3.0
11586,0.0
11590,8.0
11597,6.0
11601,3.0
11608,4.0
11609,6.0
11616,3.0
11618,3.0
11620,8.0
11621,0.0
11622,5.0
11624,8.0
11625,4.0
11630,3.0
11631,5.0
11632,5.0
11637,2.0
11640,7.0
11641,4.0
11643,3.0
11645,6.0
11646,5.0
11649,8.0
11651,0.0
11656,0.0
11662,3.0
11664,0.0
11694,3.0
11699,7.0
11701,7.0
11709,1.0
11712,8.0
11722,6.0
11724,8.0
11728,8.0
11751,1.0
11752,3.0
11754,1.0
11760,0.0
11763,7.0
11772,6.0
11773,6.0
11775,8.0
11779,3.0
11781,3.0
11782,1.0
11784,4.0
11785,4.0
11788,3.0
11789,5.0
11791,0.0
11792,1.0
11793,8.0
11805,4.0
11809,8.0
11810,3.0
11811,2.0
11812,8.0
11813,3.0
11814,7.0
11815,0.0
11817,3.0
11818,4.0
11821,6.0
11824,6.0
11825,8.0
11826,8.0
11834,4.0
11841,8.0
11843,5.0
11848,5.0
11849,5.0
11850,7.0
11851,3.0
11855,7.0
11856,3.0
11860,8.0
11877,3.0
11878,6.0
11880,4.0
11882,2.0
11883,5.0
11884,8.0
11885,0.0
11886,0.0
11889,8.0
11892,6.0
11893,6.0
11898,8.0
11908,8.0
11912,6.0
11914,2.0
11917,4.0
11921,1.0
11922,5.0
11924,6.0
11929,6.0
11931,7.0
11932,5.0
11933,7.0
11934,8.0
11942,0.0
11949,5.0
11950,2.0
11951,0.0
11952,8.0
11953,6.0
11960,3.0
11961,4.0
11962,5.0
11963,1.0
11966,0.0
11967,6.0
11971,8.0
11973,4.0
11977,7.0
11981,3.0
11984,8.0
11987,1.0
11988,5.0
11990,1.0
11991,3.0
11996,0.0
12000,5.0
12001,8.0
12006,3.0
12007,2.0
12008,0.0
12009,8.0
12010,8.0
12011,2.0
12012,8.0
12013,0.0
12014,1.0
12015,0.0
12016,3.0
12017,5.0
12023,8.0
12024,8.0
12028,1.0
12033,8.0
12042,
12045,8.0
12047,0.0
12049,8.0
12050,2.0
12055,8.0
12056,0.0
12057,1.0
12058,8.0
12061,8.0
12063,7.0
12064,0.0
12065,0.0
12067,1.0
12068,0.0
12069,7.0
12072,1.0
12073,2.0
12076,2.0
12077,8.0
12078,0.0
12079,6.0
12081,7.0
12085,5.0
12089,3.0
12090,8.0
12091,8.0
12092,7.0
12093,6.0
12094,2.0
12095,0.0
12097,6.0
12098,3.0
12101,0.0
12105,6.0
12107,1.0
12112,0.0
12116,5.0
12117,5.0
12118,5.0
12120,4.0
12122,8.0
12123,0.0
12126,7.0
12131,8.0
12138,8.0
12142,8.0
12150,3.0
12151,5.0
12157,4.0
12161,5.0
12163,7.0
12164,2.0
12166,8.0
12168,5.0
12170,5.0
12171,8.0
12172,5.0
12173,7.0
12174,0.0
12175,5.0
12177,8.0
12178,4.0
12179,7.0
12180,5.0
12182,5.0
12183,8.0
12186,6.0
12187,2.0
12189,0.0
12190,4.0
12191,5.0
12192,0.0
12193,5.0
12195,3.0
12196,8.0
12197,5.0
12198,8.0
12199,5.0
12200,5.0
12201,8.0
12202,5.0
12203,3.0
12207,5.0
12208,6.0
12209,2.0
12210,2.0
12211,0.0
12214,7.0
12216,0.0
12220,3.0
12221,4.0
12223,6.0
12225,3.0
12226,5.0
12229,8.0
12230,8.0
12231,0.0
12232,1.0
12233,8.0
12234,0.0
12235,8.0
12236,5.0
12237,5.0
12238,7.0
12239,0.0
12243,7.0
12244,3.0
12246,8.0
12248,1.0
12249,5.0
12250,3.0
12252,8.0
12253,2.0
12254,0.0
12255,7.0
12265,3.0
12266,0.0
12267,5.0
12269,8.0
12271,5.0
12273,5.0
12274,5.0
12277,2.0
12281,5.0
12283,7.0
12286,8.0
12287,1.0
12294,5.0
12295,0.0
12318,5.0
12324,0.0
12325,4.0
12326,3.0
12328,8.0
12329,4.0
12332,8.0
12352,8.0
12354,8.0
12360,5.0
12366,8.0
12368,6.0
12372,3.0
12378,1.0
12379,8.0
12381,0.0
12385,2.0
12387,7.0
12391,5.0
12392,5.0
12396,7.0
12397,4.0
12398,4.0
12403,0.0
12408,0.0
12410,1.0
12417,1.0
12421,6.0
12423,2.0
12425,4.0
12427,0.0
12430,8.0
12432,
12434,8.0
12435,3.0
12436,1.0
12437,5.0
12441,0.0
12442,7.0
12443,5.0
12448,2.0
12449,0.0
12450,2.0
12458,8.0
12459,3.0
12462,8.0
12467,8.0
12471,4.0
12474,8.0
12482,8.0
12491,6.0
12492,1.0
12493,3.0
12495,3.0
12496,8.0
12500,6.0
12502,3.0
12503,3.0
12505,1.0
12507,1.0
12514,7.0
12515,
12517,0.0
12518,6.0
12523,2.0
12525,0.0
12526,2.0
12527,1.0
12533,2.0
12534,6.0
12539,7.0
12540,8.0
12542,4.0
12543,4.0
12546,3.0
12548,4.0
12549,8.0
12550,7.0
12551,6.0
12552,2.0
12554,3.0
12556,3.0
12560,3.0
12561,8.0
12562,5.0
12564,0.0
12568,8.0
12573,8.0
12579,5.0
12580,8.0
12583,3.0
12585,1.0
12586,4.0
12588,5.0
12589,4.0
12590,5.0
12594,8.0
12595,0.0
12596,4.0
12597,3.0
12598,7.0
12605,5.0
12607,0.0
12610,8.0
12613,1.0
12616,8.0
12618,7.0
12622,5.0
12623,5.0
12626,1.0
12629,7.0
12633,5.0
12634,6.0
12637,6.0
12642,4.0
12645,8.0
12650,
12655,8.0
12658,5.0
12659,8.0
12670,5.0
12677,5.0
12683,2.0
12686,6.0
12689,7.0
12690,2.0
12692,7.0
12695,0.0
12696,5.0
12698,5.0
12699,0.0
12701,2.0
12702,5.0
12703,5.0
12706,3.0
12707,0.0
12708,1.0
12709,8.0
12710,0.0
12711,7.0
12712,0.0
12713,
12714,4.0
12716,7.0
12717,1.0
12719,8.0
12720,6.0
12721,3.0
12722,1.0
12723,7.0
12724,2.0
12726,3.0
12727,5.0
12728,7.0
12729,1.0
12730,0.0
12733,1.0
12735,8.0
12736,5.0
12737,2.0
12738,7.0
12739,0.0
12743,
12744,5.0
12745,5.0
12746,0.0
12747,1.0
12750,6.0
12754,8.0
12756,5.0
12757,8.0
12758,5.0
12759,0.0
12761,3.0
12763,1.0
12766,3.0
12767,1.0
12768,4.0
12769,8.0
12773,3.0
12776,0.0
12778,3.0
12780,6.0
12782,8.0
12783,8.0
12785,8.0
12791,8.0
12794,6.0
12796,1.0
12801,7.0
12803,6.0
12808,5.0
12810,6.0
12812,8.0
12815,3.0
12817,2.0
12819,4.0
12820,3.0
12821,3.0
12822,8.0
12823,4.0
12824,5.0
12825,2.0
12827,1.0
12828,5.0
12829,0.0
12830,4.0
12831,8.0
12833,5.0
12837,3.0
12839,5.0
12841,7.0
12842,7.0
12844,0.0
12845,6.0
12849,5.0
12850,4.0
12852,8.0
12873,0.0
12883,6.0
12888,0.0
12889,0.0
12903,3.0
12904,5.0
12906,8.0
12907,1.0
12908,5.0
12909,4.0
12910,3.0
12911,4.0
12916,5.0
12918,8.0
12920,6.0
12921,3.0
12922,8.0
12926,1.0
12930,4.0
12932,1.0
12933,5.0
12934,2.0
12942,5.0
12944,3.0
12945,5.0
12946,4.0
12950,8.0
12953,5.0
12954,7.0
12955,0.0
12958,4.0
12960,3.0
12961,3.0
12962,8.0
12963,1.0
12964,5.0
12966,5.0
12968,5.0
12972,8.0
12976,2.0
12980,4.0
12982,4.0
12991,5.0
12992,3.0
12994,1.0
12995,8.0
12997,0.0
13004,8.0
13007,1.0
13015,1.0
13018,1.0
13019,5.0
13021,0.0
13024,5.0
13026,6.0
13028,5.0
13034,1.0
13035,8.0
13040,0.0
13041,7.0
13046,8.0
13051,3.0
13052,6.0
13053,
13059,5.0
13063,0.0
13064,1.0
13066,3.0
13072,7.0
13074,8.0
13075,5.0
13076,6.0
13077,0.0
13078,5.0
13080,5.0
13081,5.0
13090,5.0
13094,4.0
13103,8.0
13107,3.0
13111,1.0
13115,5.0
13116,0.0
13118,6.0
13120,1.0
13121,3.0
13122,3.0
13123,8.0
13124,6.0
13125,6.0
13127,7.0
13128,2.0
13130,8.0
13131,5.0
13132,6.0
13134,5.0
13135,0.0
13136,3.0
13138,6.0
13143,4.0
13145,1.0
13147,8.0
13148,3.0
13152,8.0
13154,5.0
13156,7.0
13158,5.0
13164,8.0
13175,3.0
13179,5.0
13188,2.0
13189,1.0
13191,3.0
13192,1.0
13193,3.0
13194,2.0
13195,2.0
13196,4.0
13202,0.0
13206,1.0
13208,6.0
13209,0.0
13210,8.0
13211,5.0
13212,7.0
13213,8.0
13215,8.0
13216,6.0
13221,7.0
13222,1.0
13224,7.0
13225,4.0
13241,2.0
13242,7.0
13243,8.0
13249,7.0
13253,8.0
13254,8.0
13255,5.0
13256,3.0
13257,8.0
13259,1.0
13260,5.0
13262,8.0
13263,5.0
13264,8.0
13266,3.0
13267,3.0
13269,1.0
13270,0.0
13276,8.0
13277,3.0
13279,1.0
13283,3.0
13285,1.0
13289,3.0
13291,
13293,8.0
13295,3.0
13297,7.0
13301,8.0
13306,5.0
13307,0.0
13308,0.0
13311,0.0
13321,5.0
13323,7.0
13324,2.0
13326,7.0
13334,8.0
13335,2.0
13338,2.0
13347,7.0
13348,1.0
13349,3.0
13358,0.0
13362,0.0
13368,5.0
13373,8.0
13379,5.0
13380,5.0
13381,3.0
13382,0.0
13383,6.0
13384,2.0
13387,5.0
13388,0.0
13389,8.0
13390,7.0
13399,7.0
13400,5.0
13401,1.0
13403,4.0
13409,4.0
13417,5.0
13427,1.0
13429,5.0
13436,5.0
13444,8.0
13445,8.0
13446,8.0
13447,0.0
13450,7.0
13455,1.0
13456,3.0
13457,8.0
13458,8.0
13459,5.0
13460,8.0
13462,1.0
13463,5.0
13465,4.0
13467,4.0
13468,5.0
13469,4.0
13471,1.0
13473,5.0
13474,8.0
13477,8.0
13479,0.0
13480,4.0
13481,6.0
13482,6.0
13483,2.0
13487,5.0
13488,7.0
13489,5.0
13492,3.0
13493,8.0
13494,3.0
13495,1.0
13496,1.0
13497,2.0
13498,2.0
13500,3.0
13501,4.0
13502,3.0
13503,5.0
13505,6.0
13506,5.0
13507,8.0
13508,8.0
13509,5.0
13510,6.0
13511,3.0
13513,1.0
13514,2.0
13516,5.0
13518,0.0
13519,5.0
13521,0.0
13522,1.0
13523,8.0
13526,8.0
13527,0.0
13528,8.0
13530,4.0
13531,8.0
13533,4.0
13534,6.0
13537,3.0
13538,1.0
13539,1.0
13540,5.0
13542,6.0
13544,6.0
13545,5.0
13546,1.0
13547,1.0
13548,5.0
13549,4.0
13553,1.0
13556,1.0
13558,0.0
13559,3.0
13560,1.0
13561,5.0
13562,5.0
13564,0.0
13565,0.0
13567,8.0
13571,7.0
13575,5.0
13603,5.0
13616,1.0
13623,5.0
13626,3.0
13630,0.0
13635,0.0
13636,1.0
13642,2.0
13653,5.0
13654,3.0
13656,5.0
13658,6.0
13662,7.0
13665,5.0
13669,5.0
13670,1.0
13672,4.0
13676,8.0
13677,8.0
13682,0.0
13686,8.0
13687,8.0
13688,8.0
13689,6.0
13690,5.0
13691,1.0
13693,5.0
13694,8.0
13695,0.0
13696,8.0
13701,0.0
13702,6.0
13703,8.0
13704,7.0
13707,4.0
13708,8.0
13712,6.0
13716,7.0
13717,6.0
13718,5.0
13719,5.0
13721,6.0
13722,0.0
13724,0.0
13725,1.0
13726,5.0
13727,3.0
13729,0.0
13730,8.0
13732,0.0
13734,5.0
13735,8.0
13736,5.0
13737,7.0
13738,2.0
13740,2.0
13746,4.0
13748,5.0
13751,6.0
13756,7.0
13760,8.0
13763,8.0
13764,8.0
13768,1.0
13769,8.0
13771,1.0
13774,5.0
13776,1.0
13780,5.0
13781,6.0
13782,0.0
13783,8.0
13794,3.0
13796,7.0
13804,7.0
13805,0.0
13808,0.0
13810,4.0
13812,5.0
13816,2.0
13817,7.0
13822,3.0
13826,5.0
13829,8.0
13831,5.0
13835,4.0
13837,8.0
13838,2.0
13839,8.0
13843,5.0
13844,1.0
13854,5.0
13861,8.0
13872,8.0
13876,8.0
13878,0.0
13882,1.0
13884,3.0
13889,2.0
13895,8.0
13897,3.0
13898,7.0
13902,0.0
13904,5.0
13907,7.0
13909,8.0
13910,5.0
13915,1.0
13917,5.0
13919,4.0
13924,8.0
13929,2.0
13931,5.0
13936,5.0
13940,7.0
13941,1.0
13944,5.0
13945,1.0
13947,5.0
13948,6.0
13951,5.0
13954,5.0
13955,5.0
13957,5.0
13960,5.0
13961,3.0
13964,2.0
13967,3.0
13968,8.0
13969,4.0
13970,8.0
13972,3.0
13973,3.0
13974,8.0
13975,1.0
13976,1.0
13977,5.0
13978,6.0
13979,8.0
13980,6.0
13981,4.0
13982,5.0
13983,3.0
13984,2.0
13985,0.0
13986,4.0
13987,6.0
13989,1.0
13991,4.0
13992,0.0
13993,0.0
13994,7.0
13995,8.0
13996,5.0
13997,3.0
13998,2.0
13999,5.0
14000,8.0
14001,5.0
14002,8.0
14004,3.0
14005,1.0
14007,5.0
14011,8.0
14017,6.0
14020,6.0
14023,0.0
14024,2.0
14026,0.0
14027,8.0
14029,8.0
14030,6.0
14034,8.0
14035,8.0
14036,2.0
14037,3.0
14038,5.0
14039,0.0
14056,7.0
14070,8.0
14076,1.0
14082,1.0
14084,5.0
14087,5.0
14094,0.0
14097,7.0
14099,8.0
14104,0.0
14107,8.0
14108,0.0
14109,0.0
14110,7.0
14113,5.0
14114,5.0
14116,8.0
14119,0.0
14120,6.0
14121,5.0
14122,8.0
14123,5.0
14124,8.0
14134,5.0
14137,7.0
14139,7.0
14140,0.0
14141,5.0
14143,7.0
14144,8.0
14150,5.0
14155,2.0
14158,8.0
14161,5.0
14163,8.0
14166,0.0
14168,5.0
