,cluster_11
3,3
5,6
6,4
8,0
9,4
10,4
11,4
12,0
13,6
14,4
15,8
16,0
18,7
19,7
20,7
22,6
23,0
24,6
25,9
26,0
27,0
28,8
29,7
30,6
31,7
32,5
33,0
36,5
37,7
38,7
39,9
41,2
43,5
45,4
46,9
47,4
48,0
49,6
50,2
51,9
52,9
53,9
55,1
56,2
57,0
59,0
60,10
61,4
63,6
64,2
65,6
66,6
67,2
68,9
69,9
70,1
71,4
72,5
73,4
74,2
75,3
76,1
77,0
78,7
80,2
81,7
82,8
83,7
85,4
86,0
87,1
88,6
89,0
90,6
91,7
92,0
93,1
94,2
95,1
96,1
97,2
98,7
99,4
100,5
101,7
102,7
103,5
104,1
107,6
108,0
109,2
110,5
111,9
112,2
113,0
114,7
115,9
116,0
117,9
118,7
119,5
120,2
122,1
123,4
124,1
125,6
126,6
128,9
129,1
130,2
131,1
132,6
133,0
134,0
136,6
137,1
138,5
139,9
140,0
141,9
143,7
144,0
145,4
146,5
148,7
149,6
150,7
151,4
152,8
153,0
154,0
156,8
157,10
159,6
161,7
162,8
163,8
165,4
166,7
167,3
168,4
170,10
171,8
172,0
173,7
174,2
175,6
177,7
179,9
180,5
181,10
182,9
183,8
184,6
185,9
186,4
187,2
188,1
189,8
190,1
191,0
195,1
196,10
197,9
199,4
200,2
201,4
202,7
203,4
204,0
205,7
207,9
209,0
210,7
212,6
213,1
214,9
216,5
217,4
219,6
221,7
222,1
223,8
224,6
225,5
227,2
228,5
230,7
233,1
234,2
235,2
236,7
237,3
238,9
239,9
240,5
241,8
242,5
243,9
244,1
245,2
246,9
247,7
249,2
250,10
252,0
253,0
255,4
256,8
257,3
258,0
259,1
260,6
261,0
262,8
263,5
265,3
266,6
269,9
270,0
271,8
272,10
273,7
274,0
275,6
276,0
278,10
279,4
280,10
281,4
282,6
283,10
284,6
286,4
287,3
288,4
289,10
290,9
291,5
292,0
293,8
295,9
296,0
297,6
298,3
299,2
300,6
302,8
303,2
304,1
305,3
306,4
307,9
308,9
309,7
310,8
311,2
312,9
313,8
314,7
315,8
316,4
317,4
318,7
319,0
320,1
321,6
322,8
323,0
324,6
325,7
326,8
327,8
328,7
329,7
330,9
332,7
333,6
334,4
335,7
336,2
337,1
339,9
340,7
341,4
343,4
344,6
345,7
346,8
348,5
350,4
351,0
352,9
353,8
354,9
355,1
357,0
358,7
359,6
361,1
362,8
363,10
364,4
365,3
366,8
367,7
368,5
369,0
370,1
371,2
373,9
374,3
375,1
376,6
378,1
379,4
380,4
381,1
382,3
383,6
384,0
386,4
387,1
388,4
390,1
391,6
392,4
393,9
394,7
395,4
397,5
398,0
399,9
400,0
401,3
402,0
403,4
404,6
405,7
406,7
407,0
408,1
409,6
411,0
412,6
413,7
415,10
416,1
418,7
419,2
420,6
421,2
422,9
424,8
425,8
426,8
427,2
428,10
429,0
430,1
432,3
433,9
434,4
435,4
437,8
438,4
439,3
440,6
441,4
442,4
443,9
444,4
445,3
446,0
447,0
448,2
449,3
450,7
451,1
452,4
453,4
455,9
456,6
457,7
458,0
459,0
462,5
463,8
464,7
465,4
466,3
467,0
468,6
469,2
470,5
471,6
472,0
473,7
474,8
476,7
478,7
479,2
480,8
481,3
482,2
484,8
486,8
487,8
488,7
489,2
491,0
493,5
495,7
496,4
497,9
499,8
502,5
503,2
504,7
505,4
506,3
507,1
508,7
509,4
510,0
511,7
512,9
513,1
514,3
516,1
519,5
522,7
523,4
525,9
530,1
531,7
532,5
534,4
537,6
538,2
540,2
541,4
542,4
545,2
548,2
549,8
550,0
551,4
553,2
554,9
555,0
556,3
558,6
559,4
560,4
561,7
562,5
563,2
565,4
566,4
567,8
568,1
569,0
571,1
572,8
573,5
575,9
576,6
577,6
579,2
581,5
582,0
583,0
584,0
585,7
586,3
587,0
588,10
589,4
590,0
591,7
592,4
593,4
594,0
595,8
596,10
597,8
598,7
599,5
600,10
604,7
605,7
606,2
607,2
608,6
609,8
610,0
611,10
612,3
614,8
616,5
618,4
619,4
621,4
622,8
623,8
624,0
625,8
627,1
628,2
629,7
630,9
631,10
632,6
634,7
637,7
638,2
639,2
641,7
642,8
643,6
644,6
645,2
646,0
647,0
648,4
649,3
650,7
651,4
652,7
653,2
654,9
655,3
656,9
657,9
658,6
659,6
660,7
661,1
662,5
663,2
664,2
665,10
666,0
668,7
669,5
670,1
672,7
673,3
674,9
675,6
676,0
677,3
678,9
679,2
680,3
681,8
682,9
683,5
685,5
686,10
687,7
689,8
690,2
693,0
694,6
695,3
697,9
699,8
700,6
701,2
703,3
704,0
705,6
706,10
707,0
709,2
710,2
712,3
713,4
714,9
715,9
716,0
717,9
718,8
719,1
720,7
724,7
725,7
726,4
727,4
728,0
729,4
730,5
731,7
732,4
733,0
735,4
736,7
737,2
738,0
740,5
741,2
743,7
744,3
745,3
746,2
748,6
749,7
750,6
752,3
753,7
755,6
756,2
757,2
758,7
759,4
761,7
762,5
763,5
764,8
765,8
766,6
768,3
771,9
772,6
776,0
777,2
779,9
780,7
782,6
783,6
784,7
785,8
788,10
789,5
790,7
791,0
792,2
793,1
795,0
797,7
798,6
799,7
800,9
801,9
802,2
803,1
804,7
805,0
806,5
807,0
808,7
809,4
810,2
811,6
812,7
813,8
814,5
816,1
817,4
818,0
819,0
820,5
822,4
823,6
824,3
825,6
826,9
827,2
828,5
829,6
830,6
831,0
832,5
833,4
834,4
836,0
838,2
839,2
840,2
841,6
842,0
843,1
844,9
845,3
847,4
848,0
849,8
850,5
851,3
852,0
853,0
854,1
855,3
856,5
857,0
858,8
859,2
860,2
861,9
862,0
863,3
865,8
866,3
867,9
868,0
869,9
870,0
871,4
872,6
873,7
874,3
875,7
877,2
878,6
879,3
880,5
881,7
884,8
885,7
886,3
888,1
889,7
890,5
891,7
893,6
894,9
895,8
897,6
898,8
899,6
900,3
902,10
903,4
904,6
905,9
907,1
909,2
910,4
911,6
913,8
914,1
915,8
916,4
917,5
918,8
920,3
922,1
923,8
924,7
925,1
926,7
927,5
930,5
932,0
935,8
936,10
938,0
941,9
942,4
943,0
944,7
945,1
947,7
948,7
949,8
950,0
951,7
952,1
953,2
955,7
956,0
957,4
959,7
961,0
962,0
964,2
965,0
966,4
968,3
969,4
970,7
972,0
973,7
974,7
975,8
976,9
977,0
978,0
979,0
980,3
981,1
982,4
983,8
984,0
985,4
986,6
987,0
988,4
989,1
990,1
992,0
993,4
994,7
995,3
996,5
997,9
998,4
999,3
1000,6
1001,0
1002,6
1003,8
1004,0
1005,3
1006,7
1007,4
1008,3
1009,6
1010,4
1011,5
1012,2
1013,6
1014,4
1016,7
1017,2
1018,5
1019,2
1020,3
1022,10
1023,7
1024,8
1025,5
1026,5
1028,7
1029,6
1030,8
1031,9
1033,8
1034,8
1035,8
1036,5
1037,4
1038,0
1039,4
1040,6
1041,2
1042,7
1043,3
1044,8
1045,9
1046,9
1047,5
1049,0
1050,1
1051,2
1052,2
1053,4
1054,1
1055,3
1056,4
1057,2
1058,2
1059,3
1060,4
1061,0
1062,0
1063,4
1064,10
1065,4
1066,4
1068,0
1069,0
1071,4
1072,6
1073,0
1074,5
1075,10
1076,8
1077,9
1078,4
1079,0
1080,8
1081,9
1082,7
1084,6
1085,7
1086,3
1087,6
1088,2
1090,3
1092,3
1093,7
1094,7
1096,8
1098,2
1100,5
1101,8
1103,5
1104,6
1106,0
1109,5
1111,1
1112,3
1113,1
1114,6
1115,4
1116,7
1118,10
1120,7
1121,9
1122,4
1123,0
1124,8
1126,4
1128,1
1130,2
1131,0
1132,9
1134,5
1136,8
1137,1
1138,7
1139,0
1140,5
1143,7
1145,4
1146,0
1147,1
1148,2
1149,0
1150,3
1151,6
1152,8
1153,2
1154,2
1155,2
1156,5
1157,2
1158,2
1161,7
1162,10
1163,2
1164,4
1165,7
1166,9
1167,5
1168,8
1169,4
1170,6
1172,9
1173,4
1174,2
1176,0
1177,2
1178,2
1179,7
1180,3
1182,5
1183,5
1184,4
1185,7
1186,10
1187,3
1189,0
1190,7
1191,9
1192,7
1193,9
1194,4
1196,9
1197,6
1198,0
1199,6
1200,6
1201,8
1202,0
1203,6
1205,3
1206,7
1208,5
1209,0
1210,6
1211,2
1212,4
1214,2
1215,3
1216,0
1219,1
1220,3
1221,6
1222,8
1223,9
1224,2
1225,2
1226,10
1227,9
1228,5
1230,7
1231,10
1232,3
1233,2
1235,9
1236,7
1237,1
1238,5
1239,2
1240,0
1241,10
1245,9
1246,8
1248,8
1249,10
1250,2
1251,3
1253,6
1254,6
1255,1
1256,6
1258,5
1259,6
1260,1
1262,0
1263,4
1264,7
1265,7
1266,5
1267,3
1268,6
1269,6
1270,7
1271,9
1272,0
1273,9
1274,6
1275,8
1276,10
1278,1
1279,6
1280,10
1281,1
1282,4
1284,1
1285,6
1286,7
1287,7
1288,4
1289,2
1291,2
1292,2
1293,2
1296,4
1297,7
1298,2
1299,1
1300,10
1301,0
1304,8
1305,5
1306,4
1307,4
1308,7
1309,8
1310,8
1311,4
1312,0
1313,6
1315,2
1316,2
1317,4
1318,6
1319,5
1320,1
1321,9
1323,1
1324,7
1325,2
1326,10
1327,0
1328,8
1329,2
1330,0
1331,2
1332,6
1333,0
1337,6
1338,7
1339,6
1340,9
1341,2
1343,2
1345,6
1346,4
1347,0
1348,1
1349,2
1350,6
1352,4
1354,9
1355,10
1356,5
1357,9
1358,7
1359,7
1361,0
1362,4
1363,4
1364,1
1365,9
1366,5
1367,4
1368,1
1369,6
1372,7
1374,9
1375,6
1376,6
1377,5
1378,6
1379,10
1380,8
1382,5
1384,8
1385,9
1386,7
1389,7
1390,8
1392,5
1393,3
1394,0
1395,9
1396,0
1397,10
1398,7
1402,0
1403,9
1404,8
1405,7
1406,5
1407,1
1409,0
1410,0
1411,9
1413,7
1415,2
1417,7
1418,6
1419,0
1421,8
1422,4
1423,2
1424,6
1425,6
1426,2
1428,9
1429,4
1430,6
1431,2
1433,6
1434,0
1436,2
1437,6
1438,5
1439,2
1440,8
1442,9
1443,5
1444,6
1445,3
1446,4
1447,0
1448,1
1449,7
1453,8
1454,4
1455,1
1456,4
1457,8
1458,0
1459,5
1461,4
1462,6
1464,2
1467,0
1468,0
1469,7
1470,4
1471,7
1472,4
1473,2
1474,0
1475,0
1478,7
1479,6
1481,3
1484,9
1485,8
1487,7
1488,10
1489,2
1490,5
1491,0
1493,5
1494,9
1495,1
1496,6
1497,1
1498,5
1499,2
1501,9
1503,0
1504,8
1505,3
1506,6
1509,1
1512,6
1513,9
1515,3
1516,7
1517,3
1518,6
1519,2
1520,4
1521,0
1523,7
1524,2
1525,7
1526,9
1528,5
1529,1
1530,7
1531,6
1533,7
1536,0
1537,9
1538,9
1539,7
1540,1
1541,8
1542,2
1543,4
1544,6
1545,6
1547,2
1548,1
1550,0
1552,10
1554,0
1557,8
1558,4
1560,4
1562,7
1563,5
1564,0
1565,0
1566,2
1568,0
1569,6
1570,7
1571,8
1572,8
1573,8
1577,4
1578,4
1579,3
1580,3
1581,4
1582,1
1583,0
1584,9
1585,4
1586,3
1589,7
1590,7
1592,6
1595,4
1598,9
1600,4
1601,0
1602,4
1603,4
1605,7
1606,4
1609,1
1610,0
1611,0
1612,0
1615,10
1616,9
1617,10
1618,8
1619,0
1620,8
1621,2
1622,6
1623,8
1624,6
1625,8
1626,2
1627,1
1629,5
1630,10
1632,0
1633,2
1634,7
1636,7
1638,0
1639,0
1641,9
1642,4
1644,8
1645,9
1647,1
1649,8
1650,2
1651,6
1653,9
1654,3
1657,10
1659,6
1661,5
1662,2
1663,4
1665,8
1667,0
1668,8
1670,8
1671,0
1674,4
1675,8
1676,8
1677,7
1678,10
1680,4
1682,2
1686,8
1687,2
1688,6
1689,3
1690,4
1694,6
1695,3
1696,7
1697,1
1699,9
1700,4
1701,8
1702,2
1703,0
1705,6
1708,2
1710,0
1711,0
1714,0
1715,6
1716,2
1718,10
1720,3
1721,0
1722,6
1723,4
1724,8
1725,0
1729,7
1733,2
1734,2
1735,9
1737,2
1738,0
1739,6
1740,8
1742,1
1743,5
1744,7
1746,10
1751,0
1753,5
1755,6
1756,6
1762,0
1766,2
1767,2
1768,3
1769,0
1771,4
1774,10
1775,3
1776,7
1777,8
1778,6
1780,6
1782,8
1783,10
1784,0
1786,10
1787,2
1788,5
1790,8
1791,2
1792,0
1793,6
1794,0
1795,9
1796,6
1797,8
1799,2
1800,8
1801,4
1803,6
1804,6
1805,6
1808,6
1810,0
1811,4
1812,2
1813,10
1814,3
1815,4
1816,3
1817,2
1818,1
1819,10
1820,7
1821,5
1824,7
1825,8
1826,4
1827,9
1828,8
1829,5
1830,2
1831,5
1832,0
1833,2
1834,10
1836,8
1837,10
1838,0
1839,3
1841,6
1843,5
1844,0
1845,9
1847,9
1848,4
1850,4
1851,0
1852,7
1853,2
1854,9
1855,7
1856,3
1857,2
1858,9
1859,4
1860,7
1861,5
1863,4
1864,2
1865,2
1866,6
1868,8
1869,2
1871,7
1872,2
1874,7
1875,2
1876,3
1877,0
1881,2
1882,2
1884,10
1885,0
1888,10
1891,4
1892,10
1893,7
1894,7
1895,9
1896,10
1897,3
1899,8
1901,2
1903,7
1904,0
1905,6
1906,7
1909,2
1911,7
1912,0
1914,2
1915,2
1917,0
1918,6
1919,3
1920,8
1921,6
1922,5
1923,10
1924,2
1925,2
1926,7
1928,7
1929,10
1931,6
1933,3
1934,6
1935,6
1936,3
1938,0
1939,0
1940,9
1941,3
1942,2
1943,2
1944,8
1945,1
1947,5
1950,0
1951,8
1952,3
1954,7
1955,0
1958,0
1959,1
1960,7
1962,4
1963,10
1964,6
1966,3
1969,6
1971,9
1972,6
1973,9
1975,3
1976,0
1977,4
1978,6
1979,3
1980,7
1982,3
1985,8
1987,6
1988,0
1989,7
1990,1
1992,4
1993,2
1994,4
1995,2
1996,7
1997,4
1998,9
1999,0
2000,9
2001,0
2003,5
2005,6
2007,6
2008,8
2009,0
2010,7
2011,6
2012,2
2014,10
2015,1
2017,7
2018,3
2019,0
2020,2
2021,1
2022,3
2023,7
2024,0
2025,7
2026,0
2027,5
2029,7
2031,2
2032,8
2033,2
2034,3
2035,3
2036,10
2037,5
2038,3
2039,0
2041,3
2042,7
2043,8
2044,8
2045,2
2046,7
2047,6
2048,7
2049,7
2051,0
2052,8
2054,8
2055,1
2056,7
2057,3
2059,0
2061,0
2062,3
2063,0
2064,8
2065,1
2067,5
2068,10
2069,0
2070,0
2071,0
2074,4
2075,2
2076,9
2077,7
2078,5
2079,1
2082,2
2083,7
2084,2
2086,9
2087,6
2089,3
2090,9
2091,1
2094,5
2095,9
2096,10
2098,0
2099,2
2100,4
2101,6
2102,2
2103,9
2105,10
2106,4
2107,2
2108,1
2109,4
2110,1
2111,0
2112,8
2114,4
2115,2
2116,9
2117,6
2118,2
2119,2
2121,8
2123,2
2124,9
2125,6
2126,10
2127,9
2128,0
2129,3
2130,2
2131,10
2132,6
2133,2
2134,3
2135,4
2136,1
2137,6
2138,0
2139,2
2140,7
2141,4
2143,2
2146,3
2147,5
2148,0
2149,8
2150,4
2151,8
2152,8
2153,7
2154,2
2155,6
2157,6
2158,8
2159,0
2160,7
2161,6
2162,8
2163,3
2164,8
2165,0
2168,7
2169,5
2170,6
2171,10
2172,8
2173,0
2174,10
2175,0
2177,9
2179,0
2180,4
2182,3
2183,2
2184,2
2185,10
2186,3
2187,2
2188,8
2190,5
2191,8
2192,8
2193,4
2194,2
2195,2
2196,2
2197,7
2198,9
2199,0
2200,5
2202,6
2203,1
2204,9
2206,2
2208,9
2209,6
2210,6
2211,9
2212,6
2213,0
2214,1
2215,10
2216,0
2217,7
2218,4
2219,4
2220,0
2222,7
2223,7
2226,2
2227,7
2229,9
2230,0
2232,4
2234,4
2237,4
2238,3
2240,3
2241,1
2242,9
2245,0
2246,6
2248,0
2249,5
2251,5
2252,7
2255,7
2256,8
2258,8
2259,7
2260,2
2262,2
2263,7
2265,0
2266,0
2268,4
2270,5
2271,4
2273,10
2275,8
2276,10
2277,1
2278,7
2279,6
2280,6
2281,7
2282,4
2284,0
2286,6
2287,2
2291,4
2292,5
2293,2
2295,8
2296,2
2297,4
2298,9
2300,4
2301,7
2302,9
2303,4
2304,6
2305,0
2306,6
2307,3
2311,7
2312,2
2314,3
2315,6
2316,5
2317,1
2318,0
2319,6
2320,1
2321,8
2322,7
2323,0
2324,2
2325,3
2326,6
2327,9
2328,7
2329,9
2330,8
2334,6
2335,3
2336,10
2337,0
2338,6
2339,2
2340,0
2341,8
2342,2
2343,3
2344,6
2348,0
2349,0
2350,6
2351,9
2352,8
2353,3
2354,9
2356,5
2357,0
2358,0
2359,9
2360,1
2361,7
2363,3
2365,0
2366,9
2369,3
2370,7
2371,0
2373,4
2374,10
2375,6
2376,10
2377,4
2379,9
2380,0
2382,2
2383,8
2386,2
2387,8
2388,6
2389,7
2390,5
2391,6
2392,10
2393,7
2394,5
2395,1
2398,0
2399,2
2400,1
2401,0
2402,5
2403,7
2404,2
2405,0
2406,3
2407,4
2408,1
2410,9
2413,3
2415,2
2416,8
2417,6
2418,4
2422,7
2423,6
2424,1
2425,6
2428,3
2429,3
2430,3
2431,5
2432,7
2433,10
2435,3
2437,0
2438,9
2439,7
2440,3
2441,6
2442,2
2444,3
2446,8
2448,0
2449,5
2450,0
2451,2
2452,3
2453,8
2454,6
2455,0
2456,2
2457,5
2458,5
2459,5
2460,2
2462,2
2463,4
2465,9
2466,6
2468,7
2471,10
2472,2
2476,6
2482,9
2485,5
2490,3
2493,0
2497,2
2501,4
2502,6
2506,6
2509,4
2513,3
2517,10
2521,6
2525,6
2526,4
2536,4
2538,5
2539,9
2540,4
2545,2
2547,0
2551,8
2553,8
2554,8
2555,9
2557,8
2558,5
2560,10
2562,1
2563,4
2564,9
2565,8
2566,1
2568,6
2571,7
2574,2
2577,7
2580,9
2581,8
2582,0
2587,9
2588,0
2589,8
2593,4
2594,2
2595,0
2597,8
2598,5
2599,6
2600,8
2601,4
2602,4
2603,3
2604,7
2605,0
2606,0
2607,7
2608,2
2609,0
2610,2
2611,4
2612,4
2613,4
2614,6
2615,0
2616,10
2618,7
2619,2
2622,0
2625,7
2626,6
2627,5
2628,1
2630,0
2631,6
2632,6
2633,0
2637,4
2638,10
2644,4
2645,3
2647,6
2673,4
2684,8
2693,2
2694,3
2707,1
2718,0
2723,7
2727,3
2732,0
2749,2
2753,2
2754,0
2765,3
2775,2
2776,8
2779,0
2780,8
2787,1
2788,4
2795,7
2806,9
2810,0
2813,8
2821,0
2825,7
2827,10
2829,7
2834,7
2839,7
2841,6
2844,4
2847,4
2878,0
2879,1
2881,0
2883,8
2892,7
2895,9
2902,3
2919,6
2920,7
2925,7
2931,6
2934,5
2935,0
2937,4
2940,0
2943,9
2944,10
2945,5
2946,4
2949,2
2953,3
2954,6
2956,8
2957,0
2958,4
2959,0
2962,4
2963,7
2967,1
2969,0
2977,1
2978,2
2979,4
2982,4
2995,2
3001,4
3007,0
3027,6
3029,1
3031,6
3033,9
3036,6
3037,6
3040,6
3046,1
3048,2
3050,2
3053,2
3054,10
3055,8
3056,2
3058,10
3059,9
3062,9
3063,6
3064,9
3068,7
3069,5
3079,8
3080,0
3084,9
3093,0
3096,3
3099,3
3100,9
3113,6
3114,9
3124,6
3132,10
3133,8
3134,0
3136,1
3138,9
3139,7
3144,7
3145,7
3146,0
3148,9
3149,7
3150,9
3159,8
3161,5
3164,3
3169,1
3170,1
3171,10
3174,7
3175,4
3176,7
3177,3
3178,8
3182,1
3183,3
3184,0
3185,3
3188,9
3189,8
3191,8
3193,0
3194,10
3201,6
3207,6
3210,6
3215,2
3217,4
3221,5
3225,0
3236,0
3237,5
3241,5
3253,2
3255,4
3256,0
3257,0
3263,0
3267,0
3269,4
3270,8
3272,2
3278,3
3281,4
3291,6
3292,7
3294,10
3295,7
3296,6
3299,0
3303,2
3306,0
3308,2
3311,5
3314,4
3315,10
3319,0
3336,1
3352,2
3361,1
3363,7
3367,0
3369,1
3372,8
3381,10
3383,2
3388,2
3389,7
3393,10
3399,1
3403,0
3408,2
3414,2
3415,1
3416,8
3417,0
3419,5
3428,2
3437,8
3438,0
3442,0
3443,7
3450,1
3455,9
3456,6
3457,0
3459,4
3470,1
3475,5
3490,3
3493,8
3494,5
3501,0
3503,0
3506,1
3507,4
3510,4
3513,4
3514,7
3515,4
3517,7
3520,4
3521,8
3523,1
3524,0
3525,2
3526,9
3528,3
3531,6
3532,7
3533,6
3535,9
3539,5
3540,7
3541,0
3542,8
3543,4
3546,9
3547,2
3553,1
3558,2
3559,4
3560,9
3564,6
3566,0
3567,2
3569,7
3571,6
3573,7
3574,1
3575,3
3577,7
3578,1
3579,8
3580,10
3582,3
3583,7
3586,1
3587,0
3588,0
3589,0
3590,2
3592,2
3593,4
3596,0
3597,4
3598,0
3599,0
3600,4
3601,3
3602,2
3606,4
3607,8
3608,1
3611,6
3613,7
3614,6
3616,8
3617,0
3618,8
3619,2
3620,4
3621,9
3622,10
3623,0
3625,9
3627,2
3628,2
3630,2
3632,0
3640,2
3648,7
3649,0
3650,4
3651,2
3652,4
3653,10
3657,2
3658,4
3665,9
3671,8
3672,9
3681,3
3682,1
3684,5
3689,7
3693,5
3695,1
3701,3
3702,8
3703,3
3704,7
3705,5
3706,5
3708,4
3710,9
3712,10
3713,6
3714,5
3715,4
3718,5
3719,5
3720,1
3721,8
3722,0
3723,9
3725,6
3726,2
3728,2
3734,2
3737,5
3740,9
3746,6
3747,4
3752,2
3757,7
3758,0
3759,0
3760,7
3761,6
3764,9
3765,2
3766,2
3770,2
3771,10
3773,3
3776,9
3779,10
3783,2
3786,7
3787,8
3790,3
3792,0
3793,3
3797,6
3798,6
3800,10
3801,7
3803,2
3804,4
3805,7
3806,4
3807,0
3808,7
3809,2
3811,4
3812,6
3813,8
3814,7
3816,0
3817,7
3818,6
3826,2
3828,3
3836,1
3837,5
3840,1
3841,6
3842,4
3843,10
3846,8
3848,0
3849,6
3850,10
3851,2
3852,5
3853,8
3854,8
3858,10
3860,0
3862,9
3863,6
3865,7
3869,4
3872,9
3875,7
3876,9
3877,3
3880,1
3881,5
3886,5
3892,7
3896,0
3900,9
3901,4
3902,2
3903,4
3904,4
3905,0
3906,8
3907,5
3908,6
3909,3
3911,3
3914,10
3915,2
3918,8
3920,3
3921,4
3925,6
3928,1
3930,6
3936,7
3937,3
3939,3
3940,0
3945,0
3947,2
3948,9
3951,0
3955,8
3959,7
3960,0
3962,2
3977,8
3978,4
3979,3
3980,1
3981,8
3986,7
3988,4
3990,4
3991,10
3992,2
3994,4
3999,4
4000,0
4001,1
4002,1
4003,3
4004,5
4007,6
4010,1
4011,0
4019,1
4020,7
4022,4
4027,0
4033,10
4034,9
4036,5
4039,10
4040,3
4041,0
4043,0
4048,9
4049,7
4050,7
4052,0
4056,7
4059,3
4060,8
4061,3
4063,5
4065,10
4066,10
4067,2
4070,7
4072,1
4073,3
4079,5
4080,5
4081,3
4084,2
4086,7
4087,8
4089,9
4090,0
4092,7
4128,10
4131,4
4141,6
4147,2
4158,8
4179,8
4188,4
4206,2
4217,5
4222,5
4234,7
4245,5
4249,6
4254,10
4262,8
4269,2
4274,2
4284,8
4285,0
4298,2
4302,9
4312,0
4318,8
4320,10
4322,2
4329,0
4331,7
4333,9
4334,10
4337,8
4344,9
4345,7
4347,10
4348,5
4352,7
4359,10
4360,7
4363,0
4366,6
4367,10
4369,6
4372,8
4374,4
4375,8
4379,4
4389,8
4390,6
4392,9
4393,10
4394,5
4396,6
4401,1
4408,0
4409,7
4411,7
4413,6
4415,2
4417,3
4419,6
4422,3
4424,9
4425,1
4426,3
4430,2
4435,7
4437,7
4438,4
4439,9
4440,2
4447,6
4450,10
4454,9
4458,7
4459,10
4460,6
4462,8
4464,6
4471,5
4473,8
4475,1
4476,10
4479,7
4484,7
4491,2
4502,9
4506,2
4508,2
4511,3
4513,7
4515,2
4516,8
4517,0
4519,3
4520,9
4523,9
4524,10
4525,6
4527,4
4529,0
4530,7
4531,4
4533,8
4534,7
4535,10
4536,9
4539,6
4541,9
4543,9
4545,0
4547,0
4549,2
4550,7
4551,2
4552,5
4553,4
4555,9
4556,2
4558,0
4559,4
4560,2
4562,6
4568,1
4569,2
4575,10
4576,2
4579,1
4581,2
4582,2
4586,4
4588,2
4590,6
4591,6
4594,10
4596,6
4597,7
4598,2
4600,3
4603,8
4606,4
4608,4
4610,2
4612,7
4613,7
4615,0
4619,7
4623,0
4624,6
4627,8
4629,8
4636,1
4638,0
4640,4
4644,3
4647,1
4648,6
4650,7
4652,6
4653,5
4656,6
4660,5
4661,3
4664,4
4665,2
4668,2
4671,3
4679,5
4688,4
4689,2
4691,6
4692,3
4693,8
4694,6
4695,3
4696,7
4697,2
4698,3
4700,2
4701,3
4703,4
4706,0
4708,9
4709,9
4710,10
4712,0
4713,2
4715,2
4716,6
4717,0
4720,1
4724,8
4725,4
4726,2
4728,7
4730,5
4731,8
4732,1
4734,7
4735,8
4737,8
4738,2
4739,3
4740,10
4741,10
4743,9
4745,7
4749,2
4750,2
4753,2
4755,6
4756,7
4759,6
4762,4
4763,7
4764,4
4765,8
4766,7
4767,8
4772,8
4774,0
4775,0
4778,2
4779,6
4780,1
4784,7
4785,4
4786,7
4788,0
4789,6
4791,2
4796,3
4797,1
4800,0
4802,0
4807,7
4808,2
4809,10
4811,3
4813,6
4816,10
4817,3
4818,0
4819,0
4820,6
4821,6
4822,4
4824,0
4829,1
4830,0
4831,5
4832,7
4833,8
4835,4
4836,4
4837,9
4838,0
4839,1
4840,6
4841,0
4842,9
4844,2
4845,0
4846,7
4847,3
4848,4
4849,8
4850,10
4851,2
4853,7
4854,9
4855,2
4856,1
4857,6
4858,5
4859,4
4860,1
4862,7
4864,2
4867,9
4868,3
4870,0
4874,8
4876,2
4878,7
4879,8
4880,3
4883,2
4884,9
4887,6
4888,4
4891,1
4892,9
4895,10
4898,7
4899,8
4900,9
4901,0
4903,1
4904,0
4905,8
4909,6
4910,9
4912,4
4913,6
4915,1
4916,8
4917,6
4918,7
4920,8
4921,2
4922,7
4923,2
4925,1
4926,3
4927,1
4929,5
4930,8
4931,7
4932,7
4934,8
4937,8
4940,4
4944,5
4945,9
4946,6
4948,1
4949,9
4951,1
4952,3
4953,7
4954,7
4955,4
4956,4
4958,8
4960,7
4961,0
4962,4
4963,0
4964,9
4965,4
4966,6
4967,2
4968,6
4969,3
4970,9
4971,7
4972,7
4978,0
4979,0
4981,7
4984,5
4985,2
4986,3
4988,3
4992,5
4993,0
4994,8
4995,10
4999,0
5002,4
5003,2
5004,7
5005,6
5007,3
5008,9
5010,8
5011,0
5013,8
5014,0
5019,3
5020,9
5022,6
5023,10
5025,2
5026,4
5027,9
5030,2
5031,3
5032,6
5033,9
5035,1
5036,0
5038,8
5042,3
5043,6
5044,0
5045,6
5047,8
5051,7
5052,1
5055,5
5056,7
5057,3
5059,7
5060,5
5061,9
5063,0
5065,9
5066,2
5067,2
5068,2
5069,4
5070,7
5072,6
5075,0
5077,2
5078,0
5081,8
5082,3
5083,9
5084,6
5087,3
5088,1
5089,5
5090,5
5091,2
5092,0
5093,2
5094,9
5096,7
5097,6
5099,0
5100,10
5102,3
5104,0
5106,7
5108,3
5109,1
5114,1
5115,0
5116,9
5117,4
5121,8
5123,7
5125,2
5127,0
5129,6
5131,5
5132,0
5133,7
5136,7
5137,4
5138,3
5140,0
5141,9
5143,2
5144,4
5146,0
5147,5
5150,8
5151,0
5152,9
5154,7
5155,4
5158,0
5160,2
5162,10
5167,8
5168,1
5169,5
5170,6
5171,9
5172,10
5173,4
5174,6
5175,1
5178,10
5179,7
5180,1
5181,9
5182,1
5184,1
5187,0
5189,4
5191,1
5192,2
5193,7
5194,1
5195,10
5196,4
5197,1
5200,4
5201,3
5205,7
5206,8
5207,10
5208,6
5210,9
5211,3
5212,6
5213,2
5214,4
5216,7
5217,1
5220,2
5221,7
5223,0
5224,7
5227,4
5228,2
5229,4
5230,5
5232,3
5234,4
5235,2
5236,0
5237,9
5239,0
5241,8
5242,9
5243,7
5244,4
5245,9
5247,3
5249,2
5252,1
5254,5
5256,1
5257,6
5258,9
5259,9
5260,5
5262,7
5264,7
5265,5
5266,9
5267,7
5268,6
5269,8
5270,9
5271,9
5275,4
5276,7
5277,3
5278,0
5279,3
5280,2
5281,9
5282,10
5283,6
5284,1
5285,2
5286,1
5287,5
5288,5
5289,5
5293,0
5294,4
5295,0
5296,3
5300,4
5301,0
5302,10
5304,10
5306,4
5307,10
5308,4
5309,3
5310,4
5311,1
5312,4
5314,6
5315,10
5317,1
5319,1
5323,7
5327,4
5328,8
5329,6
5330,7
5331,6
5333,1
5334,9
5336,2
5337,6
5338,2
5339,3
5340,9
5341,0
5343,6
5344,4
5345,0
5346,8
5348,7
5350,5
5352,1
5354,6
5357,4
5358,3
5359,2
5360,4
5361,2
5363,7
5364,4
5365,4
5367,0
5369,6
5372,3
5374,3
5376,10
5377,7
5378,2
5381,9
5383,7
5386,6
5388,5
5389,8
5390,6
5392,2
5393,0
5395,7
5396,2
5398,10
5399,6
5400,3
5401,8
5402,3
5403,8
5405,0
5406,5
5407,8
5408,2
5410,4
5412,7
5413,2
5415,10
5417,7
5419,6
5420,0
5425,5
5426,3
5427,4
5428,8
5429,1
5431,9
5432,7
5433,1
5435,0
5436,9
5438,7
5439,6
5440,4
5442,6
5443,8
5444,0
5447,7
5448,7
5449,9
5450,0
5452,3
5455,0
5459,7
5465,2
5473,5
5477,10
5478,9
5482,2
5483,8
5484,9
5485,8
5486,2
5487,4
5490,8
5491,2
5492,3
5495,10
5497,2
5498,7
5500,8
5501,4
5504,0
5506,2
5507,2
5508,2
5509,6
5511,9
5513,6
5514,2
5516,4
5517,7
5519,9
5520,4
5522,2
5524,2
5525,2
5527,1
5528,3
5529,2
5530,6
5531,0
5532,0
5533,8
5534,0
5536,0
5538,10
5539,10
5540,5
5542,3
5543,7
5544,8
5547,8
5548,6
5549,2
5550,9
5551,4
5553,0
5556,2
5557,10
5558,3
5559,8
5560,10
5561,7
5562,1
5563,2
5565,0
5567,6
5568,5
5569,5
5571,6
5572,7
5573,8
5576,6
5577,2
5578,0
5579,7
5581,1
5582,4
5583,8
5584,8
5585,4
5589,6
5590,2
5591,9
5594,2
5598,2
5600,7
5602,10
5603,0
5604,5
5606,8
5607,3
5608,2
5609,0
5610,5
5611,6
5613,2
5614,8
5615,8
5616,0
5617,0
5619,7
5622,7
5624,6
5625,4
5626,9
5627,8
5629,6
5631,6
5633,6
5634,7
5636,7
5637,5
5638,3
5639,5
5640,2
5641,3
5642,4
5645,4
5647,9
5648,7
5649,4
5650,2
5651,0
5652,6
5653,4
5655,2
5656,1
5658,2
5659,1
5660,7
5661,7
5662,4
5663,3
5664,6
5666,8
5667,2
5670,8
5673,2
5674,7
5675,8
5676,0
5680,2
5683,4
5686,1
5687,5
5690,7
5691,10
5692,0
5693,8
5696,7
5697,10
5699,8
5701,0
5704,0
5706,6
5708,8
5709,5
5713,7
5715,7
5716,8
5718,7
5719,0
5720,2
5721,5
5728,7
5731,6
5734,0
5735,6
5737,0
5741,9
5757,8
5761,7
5762,4
5765,6
5772,10
5773,2
5775,7
5776,1
5777,9
5778,3
5780,2
5781,1
5785,0
5786,0
5787,6
5789,7
5794,10
5797,10
5799,7
5802,4
5804,5
5805,6
5807,4
5808,7
5810,3
5811,6
5813,1
5814,6
5816,0
5817,6
5819,6
5821,0
5823,7
5824,8
5825,9
5828,4
5829,10
5830,0
5832,0
5833,5
5834,2
5835,0
5836,9
5837,10
5838,6
5839,3
5841,5
5842,1
5844,3
5845,5
5846,2
5847,3
5848,1
5849,5
5851,8
5852,3
5853,8
5854,7
5855,2
5856,5
5857,1
5858,5
5859,7
5860,1
5861,4
5862,2
5863,7
5864,10
5865,8
5866,9
5867,6
5870,1
5872,9
5874,4
5876,0
5877,8
5878,3
5879,9
5880,10
5881,6
5882,3
5886,9
5887,5
5889,9
5890,4
5891,9
5892,7
5893,6
5894,2
5896,7
5898,10
5900,7
5902,3
5903,10
5904,0
5905,4
5906,7
5910,4
5912,8
5914,1
5915,3
5921,8
5925,4
5928,1
5929,3
5930,4
5931,6
5933,5
5934,1
5935,2
5937,7
5938,4
5939,5
5941,1
5942,4
5947,7
5950,7
5952,1
5955,4
5958,2
5959,1
5962,6
5967,0
5978,2
5979,1
5980,2
5982,10
5983,8
5984,7
5985,2
5986,4
5987,2
5993,7
5994,7
5995,9
5996,2
5997,10
5998,7
6001,4
6002,6
6005,10
6006,9
6009,7
6017,7
6018,8
6020,6
6023,10
6024,0
6025,4
6026,10
6027,9
6029,8
6031,4
6034,0
6035,0
6037,8
6040,3
6041,9
6042,4
6045,6
6047,6
6052,10
6055,5
6056,4
6060,4
6066,4
6068,6
6069,7
6070,2
6072,2
6083,5
6087,2
6107,0
6114,8
6115,7
6116,2
6118,2
6120,9
6134,8
6140,8
6141,6
6143,0
6150,10
6151,6
6154,8
6155,2
6156,2
6160,3
6161,0
6166,5
6167,7
6168,2
6169,4
6170,1
6171,3
6172,4
6173,8
6178,2
6179,6
6184,0
6185,4
6187,0
6188,4
6190,1
6193,8
6197,7
6200,8
6204,6
6205,2
6207,2
6210,1
6211,7
6216,8
6218,9
6222,2
6229,1
6232,7
6233,4
6234,8
6235,6
6238,2
6243,9
6246,9
6248,0
6267,7
6280,1
6298,9
6309,9
6313,2
6316,2
6322,2
6324,8
6331,0
6337,2
6355,1
6361,7
6366,7
6367,0
6374,7
6377,4
6379,8
6381,0
6382,8
6389,1
6395,7
6400,7
6401,8
6402,8
6405,3
6407,2
6412,7
6414,4
6416,5
6419,0
6425,0
6427,7
6431,3
6437,4
6439,0
6445,10
6450,8
6452,6
6457,5
6460,7
6462,3
6464,7
6473,10
6486,2
6497,1
6521,4
6527,1
6532,7
6533,7
6534,4
6555,9
6557,8
6564,10
6566,7
6568,9
6588,6
6592,2
6609,8
6610,0
6612,6
6618,10
6619,0
6621,7
6630,1
6649,5
6655,8
6667,10
6671,5
6680,4
6686,6
6687,6
6688,5
6689,9
6701,5
6704,4
6705,5
6707,0
6708,6
6709,0
6712,3
6716,6
6717,4
6722,9
6723,8
6725,8
6731,10
6732,0
6733,3
6734,2
6737,10
6740,4
6748,10
6752,7
6757,9
6761,7
6772,7
6774,9
6783,10
6784,0
6785,0
6789,6
6791,6
6792,5
6794,1
6796,5
6797,9
6798,8
6799,4
6808,10
6809,4
6814,8
6816,7
6818,0
6821,9
6822,2
6824,3
6827,5
6829,2
6833,8
6846,5
6850,0
6854,10
6856,8
6862,9
6877,2
6888,9
6892,7
6918,0
6919,6
6925,0
6934,7
6946,10
6967,4
6980,0
6983,0
6986,2
7009,8
7013,8
7018,0
7020,7
7021,5
7026,6
7027,4
7028,4
7029,7
7030,1
7031,4
7033,4
7034,7
7036,3
7037,9
7038,5
7039,1
7040,7
7041,8
7043,7
7044,10
7045,4
7050,0
7052,5
7054,5
7055,7
7057,6
7058,1
7059,7
7064,2
7069,4
7070,9
7071,10
7074,7
7076,6
7077,8
7078,3
7081,7
7082,8
7084,3
7085,6
7086,1
7094,4
7096,7
7120,0
7121,6
7128,4
7131,4
7134,7
7135,2
7141,3
7148,6
7151,4
7154,0
7156,9
7159,0
7163,8
7167,9
7172,7
7175,2
7181,6
7182,1
7185,9
7190,7
7194,10
7196,2
7199,2
7203,10
7204,6
7207,4
7211,2
7216,9
7217,4
7218,7
7227,8
7228,6
7237,4
7240,10
7246,8
7251,9
7252,1
7253,8
7254,4
7258,6
7259,7
7261,7
7269,0
7285,3
7287,0
7288,9
7291,6
7296,4
7297,4
7300,3
7304,0
7306,3
7312,3
7314,6
7315,1
7322,0
7326,1
7328,2
7339,3
7349,8
7359,6
7362,10
7369,5
7370,2
7376,8
7377,10
7378,3
7379,2
7414,0
7418,0
7428,5
7444,2
7476,10
7484,0
7493,3
7500,1
7506,7
7507,6
7511,10
7518,9
7525,4
7527,9
7532,2
7535,9
7538,10
7541,0
7547,5
7554,0
7560,7
7564,0
7577,0
7586,6
7591,7
7596,1
7598,3
7614,8
7618,9
7620,7
7621,9
7638,5
7642,2
7655,3
7657,9
7676,9
7684,3
7685,6
7689,7
7693,6
7694,4
7695,0
7698,0
7699,4
7700,7
7701,6
7705,7
7706,7
7707,6
7708,3
7710,4
7727,6
7730,3
7731,0
7737,0
7739,3
7742,10
7766,2
7771,10
7772,4
7777,7
7780,0
7782,7
7799,6
7803,0
7807,10
7808,8
7809,6
7810,2
7812,6
7816,2
7817,8
7818,6
7819,2
7820,10
7822,0
7826,9
7835,2
7839,10
7841,6
7845,0
7846,3
7847,10
7850,0
7851,7
7853,4
7856,6
7859,8
7873,2
7875,5
7883,5
7885,5
7887,4
7895,10
7897,6
7899,5
7902,6
7907,6
7908,6
7910,10
7920,3
7923,10
7930,9
7934,1
7935,4
7936,4
7950,10
7955,2
7965,8
7969,6
7972,6
7976,3
7984,0
8004,0
8005,9
8006,7
8015,1
8020,3
8021,0
8022,3
8026,6
8035,3
8038,2
8040,7
8041,10
8051,0
8054,0
8063,4
8073,9
8076,6
8078,8
8080,6
8107,5
8113,6
8116,0
8118,4
8120,5
8123,2
8127,0
8137,0
8155,10
8160,8
8161,9
8169,1
8184,6
8189,4
8194,9
8195,3
8196,8
8197,7
8201,1
8205,7
8208,2
8209,4
8211,4
8218,8
8236,0
8240,4
8242,2
8244,6
8254,7
8255,1
8264,5
8269,8
8271,10
8278,2
8281,1
8288,8
8290,6
8293,6
8296,7
8299,4
8303,4
8304,0
8317,10
8323,3
8324,4
8329,4
8330,10
8333,6
8334,4
8335,10
8345,1
8350,4
8355,1
8364,4
8366,7
8367,6
8372,1
8373,6
8387,0
8389,3
8391,7
8393,1
8394,9
8395,1
8396,7
8408,8
8412,7
8413,4
8416,7
8418,7
8422,9
8423,9
8426,6
8432,2
8434,3
8436,2
8437,7
8438,6
8439,6
8442,6
8443,8
8456,7
8463,7
8464,2
8474,10
8476,6
8482,9
8485,10
8495,6
8500,9
8514,7
8519,3
8527,5
8528,8
8530,3
8531,4
8534,6
8536,2
8537,0
8538,2
8540,8
8544,0
8548,2
8550,4
8551,4
8552,4
8556,4
8558,0
8560,3
8562,3
8565,1
8566,5
8567,4
8569,0
8570,5
8571,0
8572,0
8573,8
8579,10
8580,7
8581,7
8584,2
8586,5
8587,2
8588,1
8595,9
8597,10
8598,9
8599,1
8607,0
8610,2
8611,6
8614,1
8616,7
8617,7
8619,7
8623,0
8628,0
8633,6
8634,4
8635,8
8636,7
8637,3
8638,2
8641,4
8642,1
8643,3
8645,4
8649,8
8650,7
8655,3
8659,9
8662,3
8663,6
8664,10
8665,10
8668,8
8669,0
8670,4
8671,7
8681,1
8688,8
8690,10
8692,9
8693,2
8696,7
8699,0
8702,2
8707,3
8708,10
8713,5
8714,2
8716,2
8717,6
8720,0
8721,4
8722,9
8728,8
8730,5
8734,2
8735,7
8738,8
8740,10
8742,0
8748,3
8750,5
8761,7
8768,0
8769,4
8770,1
8771,0
8779,7
8783,3
8784,8
8786,0
8790,9
8793,10
8794,10
8797,7
8799,5
8803,5
8804,6
8808,2
8813,5
8815,5
8816,5
8818,8
8822,7
8830,7
8838,4
8841,0
8843,1
8846,10
8847,8
8863,0
8876,6
8878,8
8880,7
8881,8
8882,0
8897,9
8901,6
8903,2
8904,4
8909,4
8912,8
8913,8
8914,9
8915,7
8918,0
8920,7
8922,0
8924,2
8925,10
8927,3
8928,2
8929,0
8933,10
8937,0
8938,6
8941,8
8945,3
8947,0
8948,5
8950,8
8951,7
8953,6
8955,7
8956,8
8958,2
8959,8
8960,10
8961,4
8966,10
8967,10
8969,9
8970,1
8972,7
8975,8
8976,2
8986,3
8987,10
8988,8
8989,9
8993,2
8994,0
8995,7
8997,6
8998,8
8999,0
9000,0
9001,10
9002,5
9003,10
9006,4
9008,7
9012,1
9013,0
9018,3
9019,10
9020,7
9021,2
9026,9
9028,7
9031,2
9032,7
9033,5
9036,7
9037,3
9041,8
9046,0
9049,8
9051,10
9052,5
9055,0
9057,3
9062,0
9063,6
9064,10
9073,8
9074,9
9077,10
9078,2
9079,0
9080,1
9087,9
9088,8
9092,4
9097,6
9098,3
9099,0
9100,6
9101,10
9102,2
9103,4
9104,10
9106,7
9107,5
9113,6
9115,0
9116,8
9120,2
9122,2
9123,6
9124,2
9125,0
9126,8
9130,2
9138,1
9140,3
9145,9
9146,5
9147,8
9149,8
9152,9
9155,7
9159,8
9161,7
9165,6
9167,2
9168,0
9170,0
9172,7
9173,3
9174,7
9178,0
9179,6
9181,6
9183,5
9184,8
9186,2
9187,2
9188,8
9189,8
9194,8
9196,1
9203,3
9204,9
9209,3
9211,7
9216,3
9218,1
9219,4
9227,0
9229,6
9231,2
9236,7
9237,2
9238,10
9241,0
9242,3
9244,3
9245,5
9247,6
9251,1
9256,7
9258,0
9260,6
9262,7
9265,7
9266,8
9269,6
9270,7
9275,6
9278,10
9281,9
9283,6
9284,4
9285,10
9286,7
9291,10
9293,10
9301,8
9302,7
9304,10
9306,3
9311,7
9313,3
9314,1
9315,10
9316,8
9318,10
9319,0
9320,6
9321,0
9322,9
9324,2
9326,7
9327,6
9328,4
9330,0
9335,1
9336,5
9339,4
9340,2
9341,2
9342,8
9343,7
9346,0
9347,3
9349,9
9350,6
9352,10
9354,8
9355,1
9356,10
9358,0
9359,4
9363,8
9365,3
9369,9
9371,5
9372,5
9374,4
9376,3
9379,5
9380,9
9381,5
9385,0
9387,9
9391,2
9394,6
9396,6
9397,2
9400,10
9401,7
9403,8
9406,4
9409,8
9415,7
9417,7
9420,0
9422,2
9424,5
9428,10
9429,1
9430,9
9432,2
9434,8
9437,5
9438,2
9440,1
9442,7
9445,8
9449,9
9453,0
9454,0
9456,10
9458,4
9463,4
9466,4
9469,0
9470,5
9473,4
9479,9
9480,2
9481,6
9482,7
9486,2
9489,6
9494,10
9502,9
9506,0
9512,7
9513,6
9518,8
9521,4
9522,0
9523,2
9525,4
9530,8
9533,8
9537,3
9541,0
9550,7
9551,4
9556,7
9560,6
9564,8
9566,10
9574,4
9577,0
9580,7
9585,6
9591,1
9593,0
9596,0
9604,0
9606,10
9607,3
9608,4
9622,5
9626,3
9633,10
9634,10
9636,9
9638,6
9640,4
9641,8
9645,1
9650,5
9651,5
9654,7
9658,2
9661,0
9690,7
9692,7
9697,1
9701,4
9703,7
9719,1
9720,8
9721,0
9728,8
9729,9
9731,10
9732,0
9733,6
9738,5
9750,5
9755,3
9768,0
9779,10
9783,10
9786,9
9792,7
9793,6
9794,0
9798,8
9801,4
9812,10
9816,0
9825,8
9827,8
9830,4
9834,9
9847,4
9849,7
9850,8
9858,8
9863,4
9864,5
9867,0
9869,1
9870,1
9874,6
9877,8
9879,3
9880,7
9882,0
9883,3
9884,4
9885,0
9886,4
9887,9
9888,3
9891,0
9892,0
9895,10
9896,5
9897,2
9899,0
9905,9
9906,3
9908,3
9911,4
9912,4
9914,1
9915,9
9919,2
9921,3
9923,1
9930,10
9938,6
9949,1
9950,3
9954,8
9955,8
9974,2
9985,8
9986,0
9987,10
9990,6
9996,0
10005,4
10006,1
10012,5
10021,4
10035,7
10054,0
10055,8
10071,8
10074,9
10077,8
10079,3
10084,1
10087,0
10089,7
10092,6
10094,10
10096,1
10100,9
10102,0
10104,7
10107,7
10109,3
10116,8
10118,7
10133,3
10134,5
10136,8
10138,0
10141,6
10151,2
10156,3
10157,7
10158,7
10165,3
10166,9
10174,0
10177,10
10181,8
10183,3
10184,3
10189,6
10191,0
10194,3
10196,8
10200,6
10202,6
10204,8
10207,10
10208,7
10209,2
10217,3
10219,3
10220,7
10221,10
10227,0
10230,2
10233,7
10236,7
10238,6
10246,0
10251,7
10253,8
10255,8
10260,2
10261,6
10263,2
10265,3
10266,3
10269,9
10271,1
10275,0
10277,9
10280,6
10285,3
10288,6
10290,2
10291,2
10292,10
10294,9
10296,7
10302,7
10312,1
10348,8
10357,10
10373,7
10385,8
10388,0
10391,4
10394,5
10397,0
10398,2
10405,5
10414,6
10420,0
10421,9
10430,6
10431,3
10434,6
10439,2
10441,8
10442,3
10443,8
10444,2
10446,0
10452,3
10460,8
10461,6
10466,6
10467,5
10469,9
10470,10
10471,8
10473,8
10475,3
10478,8
10480,6
10484,0
10485,6
10486,3
10487,5
10488,8
10490,8
10492,6
10493,6
10497,7
10503,1
10504,3
10507,5
10511,7
10512,9
10514,9
10515,6
10519,1
10522,1
10526,2
10532,5
10534,5
10536,0
10541,10
10543,5
10544,6
10547,3
10552,3
10562,9
10563,3
10564,0
10567,7
10570,6
10575,5
10580,8
10581,6
10582,0
10584,2
10586,1
10587,7
10588,2
10589,0
10590,10
10597,0
10599,0
10607,4
10616,3
10621,7
10625,8
10629,3
10632,0
10636,10
10638,7
10640,5
10641,5
10642,3
10645,0
10647,10
10650,7
10652,8
10656,9
10659,0
10661,5
10662,8
10664,7
10666,0
10671,0
10673,2
10678,10
10681,8
10682,7
10683,3
10684,6
10690,0
10692,8
10693,3
10696,7
10701,5
10702,6
10707,0
10708,0
10712,10
10713,8
10718,8
10720,5
10722,8
10723,2
10724,7
10725,10
10726,5
10727,6
10733,3
10734,7
10738,0
10739,5
10743,7
10744,3
10745,7
10748,2
10750,2
10751,4
10755,2
10756,4
10757,10
10759,2
10763,7
10764,0
10765,6
10767,8
10769,2
10770,0
10771,3
10776,2
10777,6
10779,8
10783,9
10785,7
10793,8
10797,3
10799,3
10800,10
10801,6
10802,3
10804,3
10805,2
10807,2
10808,10
10809,0
10810,6
10811,8
10814,0
10819,8
10820,0
10822,4
10823,8
10824,7
10825,7
10826,0
10827,9
10830,0
10833,6
10834,6
10835,3
10836,5
10844,2
10846,9
10847,2
10848,8
10850,3
10851,10
10854,10
10855,9
10856,0
10858,8
10860,7
10863,10
10864,7
10865,6
10869,9
10870,10
10871,10
10873,0
10879,10
10881,2
10882,6
10883,1
10887,3
10889,10
10893,7
10896,7
10897,2
10900,9
10903,9
10904,9
10906,0
10915,4
10918,8
10919,6
10920,3
10922,0
10923,7
10924,3
10925,5
10927,7
10929,8
10930,10
10932,6
10936,9
10937,3
10938,6
10942,3
10948,4
10949,8
10950,9
10951,3
10953,1
10956,1
10958,9
10959,7
10960,9
10961,7
10962,4
10963,6
10964,3
10969,1
10974,6
10976,2
10978,3
10984,2
10986,2
10987,3
10988,6
10989,1
10992,4
10997,7
10999,6
11001,5
11003,9
11005,7
11007,9
11009,3
11011,2
11012,6
11016,0
11017,0
11023,8
11026,0
11031,2
11032,8
11033,8
11034,8
11035,10
11039,0
11041,5
11042,8
11043,3
11044,10
11045,7
11046,2
11048,6
11049,3
11051,5
11052,9
11053,8
11054,2
11055,4
11058,8
11064,2
11065,10
11069,0
11092,8
11094,3
11107,4
11111,9
11116,5
11123,9
11125,7
11129,3
11132,1
11136,3
11138,4
11143,10
11144,3
11152,10
11154,0
11155,8
11158,6
11160,0
11162,5
11163,6
11164,8
11168,10
11172,2
11173,8
11176,6
11182,5
11184,10
11197,3
11199,10
11200,4
11201,7
11204,0
11206,0
11210,7
11211,6
11212,9
11213,10
11219,3
11220,5
11221,8
11222,3
11228,5
11230,9
11231,5
11234,8
11238,6
11239,0
11241,2
11242,0
11246,4
11247,8
11248,9
11250,4
11252,9
11255,0
11258,0
11259,0
11268,0
11273,8
11274,6
11275,5
11279,5
11284,7
11296,10
11297,8
11302,6
11309,1
11310,3
11317,4
11318,9
11319,0
11323,0
11324,6
11326,10
11328,2
11330,10
11331,2
11333,7
11336,9
11338,9
11340,0
11341,2
11342,3
11344,8
11345,7
11346,3
11347,1
11351,10
11354,2
11363,8
11366,9
11368,7
11370,0
11374,6
11375,7
11378,4
11381,10
11388,0
11389,10
11390,2
11394,1
11398,10
11399,9
11401,9
11402,4
11403,6
11404,6
11405,6
11407,5
11411,3
11416,2
11417,0
11419,6
11421,10
11424,2
11426,3
11427,9
11429,10
11431,0
11433,10
11434,4
11435,6
11437,2
11439,3
11441,0
11443,5
11445,9
11446,1
11451,4
11457,4
11458,9
11462,2
11468,6
11471,6
11476,0
11478,7
11481,2
11484,5
11485,1
11486,0
11488,3
11491,3
11493,9
11496,10
11497,6
11504,0
11508,6
11510,10
11511,8
11515,0
11518,3
11519,1
11521,10
11525,3
11527,8
11532,2
11534,5
11538,8
11540,10
11545,4
11549,5
11550,0
11554,4
11555,7
11558,3
11559,10
11563,10
11564,4
11567,3
11569,4
11573,3
11576,10
11582,8
11586,2
11590,7
11597,0
11601,8
11608,9
11609,0
11616,8
11618,2
11620,5
11621,2
11622,6
11624,7
11625,9
11630,10
11631,6
11632,6
11637,4
11640,10
11641,9
11643,8
11645,0
11646,8
11649,7
11651,2
11656,3
11662,8
11664,3
11694,8
11699,10
11701,10
11709,1
11712,7
11722,0
11724,7
11728,7
11751,1
11752,8
11754,1
11760,3
11763,10
11772,0
11773,0
11775,7
11779,2
11781,10
11782,1
11784,9
11785,9
11788,8
11789,6
11791,2
11792,1
11793,7
11805,9
11809,7
11810,8
11811,4
11812,7
11813,8
11814,10
11815,3
11817,8
11818,9
11821,0
11824,0
11825,7
11826,5
11834,7
11841,7
11843,5
11848,6
11849,5
11850,10
11851,10
11855,10
11856,8
11860,6
11877,8
11878,0
11880,9
11882,4
11883,5
11884,7
11885,2
11886,2
11889,6
11892,4
11893,0
11898,7
11908,6
11912,9
11914,4
11917,9
11921,7
11922,6
11924,0
11929,5
11931,10
11932,6
11933,10
11934,6
11942,3
11949,5
11950,5
11951,2
11952,7
11953,0
11960,2
11961,9
11962,5
11963,1
11966,3
11967,6
11971,7
11973,9
11977,10
11981,2
11984,4
11987,1
11988,6
11990,1
11991,2
11996,2
12000,6
12001,7
12006,0
12007,4
12008,3
12009,7
12010,7
12011,4
12012,6
12013,2
12014,1
12015,3
12016,8
12017,6
12023,7
12024,7
12028,1
12033,7
12042,6
12045,7
12047,3
12049,9
12050,4
12055,6
12056,2
12057,1
12058,7
12061,6
12063,10
12064,3
12065,3
12067,7
12068,3
12069,10
12072,1
12073,4
12076,4
12077,7
12078,3
12079,0
12081,10
12085,8
12089,2
12090,7
12091,7
12092,10
12093,6
12094,4
12095,3
12097,6
12098,0
12101,3
12105,5
12107,1
12112,3
12116,6
12117,3
12118,6
12120,9
12122,7
12123,3
12126,10
12131,5
12138,4
12142,5
12150,8
12151,5
12157,9
12161,8
12163,10
12164,5
12166,7
12168,6
12170,6
12171,6
12172,6
12173,10
12174,2
12175,8
12177,5
12178,9
12179,10
12180,3
12182,6
12183,7
12186,0
12187,4
12189,0
12190,9
12191,6
12192,3
12193,6
12195,2
12196,7
12197,3
12198,5
12199,6
12200,6
12201,7
12202,8
12203,8
12207,5
12208,0
12209,4
12210,2
12211,3
12214,10
12216,3
12220,2
12221,9
12223,0
12225,8
12226,8
12229,7
12230,6
12231,0
12232,7
12233,5
12234,3
12235,7
12236,4
12237,8
12238,10
12239,3
12243,10
12244,2
12246,7
12248,1
12249,5
12250,2
12252,6
12253,4
12254,4
12255,10
12265,8
12266,0
12267,8
12269,7
12271,6
12273,6
12274,6
12277,4
12281,8
12283,10
12286,7
12287,1
12294,8
12295,3
12318,6
12324,3
12325,9
12326,8
12328,7
12329,9
12332,7
12352,6
12354,5
12360,6
12366,7
12368,5
12372,8
12378,7
12379,7
12381,2
12385,4
12387,10
12391,3
12392,8
12396,10
12397,9
12398,9
12403,3
12408,3
12410,1
12417,1
12421,0
12423,4
12425,5
12427,2
12430,7
12432,4
12434,7
12435,2
12436,7
12437,3
12441,3
12442,10
12443,5
12448,0
12449,3
12450,4
12458,7
12459,2
12462,5
12467,7
12471,9
12474,6
12482,7
12491,6
12492,1
12493,8
12495,10
12496,7
12500,0
12502,2
12503,8
12505,1
12507,1
12514,10
12515,9
12517,3
12518,0
12523,2
12525,3
12526,6
12527,1
12533,4
12534,0
12539,10
12540,7
12542,7
12543,9
12546,2
12548,9
12549,5
12550,10
12551,6
12552,4
12554,8
12556,2
12560,8
12561,7
12562,6
12564,0
12568,6
12573,6
12579,3
12580,5
12583,8
12585,1
12586,5
12588,6
12589,9
12590,6
12594,5
12595,3
12596,7
12597,8
12598,10
12605,8
12607,3
12610,9
12613,1
12616,5
12618,10
12622,6
12623,6
12626,1
12629,10
12633,6
12634,2
12637,0
12642,9
12645,7
12650,8
12655,7
12658,3
12659,7
12670,3
12677,0
12683,2
12686,0
12689,10
12690,2
12692,10
12695,3
12696,8
12698,6
12699,3
12701,4
12702,5
12703,5
12706,8
12707,3
12708,7
12709,7
12710,8
12711,10
12712,2
12713,0
12714,9
12716,10
12717,1
12719,6
12720,0
12721,8
12722,1
12723,10
12724,4
12726,2
12727,6
12728,10
12729,1
12730,3
12733,1
12735,5
12736,5
12737,4
12738,10
12739,3
12743,8
12744,3
12745,6
12746,2
12747,1
12750,0
12754,7
12756,6
12757,7
12758,8
12759,3
12761,2
12763,1
12766,2
12767,1
12768,4
12769,5
12773,8
12776,3
12778,4
12780,6
12782,7
12783,7
12785,7
12791,7
12794,8
12796,7
12801,10
12803,0
12808,6
12810,4
12812,7
12815,2
12817,4
12819,9
12820,2
12821,8
12822,7
12823,9
12824,3
12825,4
12827,1
12828,6
12829,4
12830,9
12831,6
12833,5
12837,8
12839,5
12841,10
12842,10
12844,3
12845,0
12849,6
12850,9
12852,5
12873,3
12883,0
12888,3
12889,3
12903,8
12904,6
12906,6
12907,1
12908,5
12909,9
12910,10
12911,9
12916,5
12918,7
12920,0
12921,2
12922,7
12926,1
12930,9
12932,1
12933,5
12934,4
12942,6
12944,8
12945,6
12946,9
12950,5
12953,4
12954,10
12955,2
12958,9
12960,8
12961,8
12962,7
12963,1
12964,5
12966,6
12968,8
12972,5
12976,4
12980,9
12982,9
12991,6
12992,8
12994,1
12995,7
12997,10
13004,6
13007,1
13015,1
13018,1
13019,6
13021,3
13024,0
13026,0
13028,8
13034,1
13035,6
13040,8
13041,8
13046,7
13051,8
13052,0
13053,9
13059,6
13063,3
13064,7
13066,8
13072,10
13074,7
13075,8
13076,0
13077,0
13078,6
13080,6
13081,3
13090,3
13094,9
13103,5
13107,8
13111,1
13115,8
13116,3
13118,0
13120,1
13121,2
13122,5
13123,6
13124,0
13125,0
13127,10
13128,4
13130,6
13131,6
13132,0
13134,8
13135,3
13136,2
13138,0
13143,9
13145,1
13147,7
13148,8
13152,7
13154,5
13156,10
13158,6
13164,4
13175,8
13179,6
13188,4
13189,1
13191,8
13192,1
13193,2
13194,5
13195,4
13196,9
13202,3
13206,7
13208,0
13209,2
13210,7
13211,3
13212,10
13213,7
13215,5
13216,9
13221,10
13222,1
13224,10
13225,9
13241,4
13242,10
13243,6
13249,10
13253,7
13254,6
13255,5
13256,8
13257,7
13259,1
13260,6
13262,4
13263,6
13264,7
13266,8
13267,8
13269,7
13270,3
13276,7
13277,8
13279,1
13283,8
13285,7
13289,8
13291,0
13293,7
13295,2
13297,10
13301,6
13306,8
13307,3
13308,2
13311,2
13321,6
13323,10
13324,4
13326,10
13334,5
13335,4
13338,4
13347,10
13348,1
13349,8
13358,3
13362,2
13368,6
13373,6
13379,6
13380,3
13381,8
13382,3
13383,0
13384,4
13387,6
13388,3
13389,5
13390,10
13399,10
13400,8
13401,1
13403,9
13409,9
13417,5
13427,7
13429,6
13436,3
13444,5
13445,7
13446,7
13447,3
13450,10
13455,1
13456,8
13457,5
13458,5
13459,6
13460,7
13462,1
13463,6
13465,9
13467,9
13468,0
13469,9
13471,7
13473,6
13474,7
13477,6
13479,3
13480,9
13481,0
13482,0
13483,4
13487,6
13488,10
13489,6
13492,8
13493,7
13494,2
13495,1
13496,1
13497,4
13498,4
13500,8
13501,9
13502,8
13503,5
13505,0
13506,6
13507,6
13508,7
13509,5
13510,0
13511,8
13513,1
13514,4
13516,8
13518,3
13519,6
13521,8
13522,1
13523,7
13526,7
13527,3
13528,7
13530,7
13531,7
13533,9
13534,0
13537,8
13538,1
13539,1
13540,6
13542,0
13544,0
13545,6
13546,1
13547,1
13548,6
13549,9
13553,1
13556,1
13558,3
13559,2
13560,1
13561,6
13562,6
13564,3
13565,2
13567,7
13571,10
13575,6
13603,6
13616,7
13623,5
13626,8
13630,2
13635,3
13636,1
13642,4
13653,8
13654,8
13656,6
13658,0
13662,10
13665,6
13669,8
13670,1
13672,9
13676,9
13677,7
13682,3
13686,7
13687,7
13688,4
13689,0
13690,6
13691,7
13693,6
13694,7
13695,3
13696,5
13701,3
13702,0
13703,6
13704,10
13707,9
13708,6
13712,0
13716,10
13717,0
13718,6
13719,5
13721,0
13722,3
13724,2
13725,1
13726,6
13727,8
13729,3
13730,7
13732,2
13734,6
13735,5
13736,6
13737,10
13738,4
13740,4
13746,9
13748,3
13751,0
13756,8
13760,7
13763,6
13764,7
13768,1
13769,6
13771,7
13774,6
13776,1
13780,3
13781,0
13782,3
13783,7
13794,8
13796,10
13804,10
13805,3
13808,2
13810,9
13812,6
13816,4
13817,10
13822,2
13826,6
13829,7
13831,8
13835,7
13837,5
13838,4
13839,7
13843,5
13844,7
13854,8
13861,7
13872,7
13876,7
13878,3
13882,1
13884,8
13889,4
13895,7
13897,8
13898,10
13902,3
13904,6
13907,10
13909,7
13910,5
13915,7
13917,8
13919,9
13924,7
13929,4
13931,8
13936,6
13940,10
13941,1
13944,5
13945,1
13947,8
13948,5
13951,6
13954,6
13955,6
13957,8
13960,6
13961,10
13964,4
13967,8
13968,7
13969,9
13970,6
13972,2
13973,8
13974,5
13975,1
13976,1
13977,3
13978,0
13979,7
13980,0
13981,9
13982,6
13983,8
13984,4
13985,3
13986,9
13987,9
13989,7
13991,9
13992,2
13993,3
13994,10
13995,6
13996,3
13997,8
13998,5
13999,6
14000,7
14001,6
14002,7
14004,2
14005,1
14007,8
14011,5
14017,0
14020,0
14023,0
14024,4
14026,3
14027,5
14029,7
14030,0
14034,6
14035,7
14036,2
14037,2
14038,3
14039,3
14056,10
14070,7
14076,1
14082,7
14084,8
14087,6
14094,2
14097,10
14099,7
14104,2
14107,7
14108,2
14109,3
14110,10
14113,4
14114,5
14116,5
14119,3
14120,6
14121,6
14122,7
14123,6
14124,5
14134,6
14137,10
14139,10
14140,3
14141,6
14143,10
14144,7
14150,6
14155,4
14158,5
14161,6
14163,7
14166,3
14168,6
