Unnamed: 0,cluster
3,1
5,1
6,5
8,1
9,0
10,0
11,1
12,1
13,5
14,0
15,2
16,1
18,1
19,5
20,3
22,0
23,1
24,1
25,1
26,1
27,5
28,0
29,1
30,1
31,1
32,0
33,3
36,2
37,1
38,1
39,0
41,-1
43,0
45,2
46,1
47,5
48,1
49,0
50,3
51,5
52,1
53,1
55,1
56,4
57,2
59,1
60,2
61,0
63,1
64,5
65,1
66,5
67,0
68,0
69,3
70,1
71,3
72,0
73,5
74,2
75,5
76,1
77,1
78,1
80,0
81,0
82,0
83,1
85,0
86,0
87,1
88,1
89,3
90,3
91,1
92,0
93,0
94,1
95,1
96,1
97,2
98,1
99,1
100,0
101,1
102,1
103,0
104,1
107,1
108,1
109,1
110,0
111,1
112,0
113,5
114,5
115,2
116,5
117,1
118,1
119,0
120,0
122,1
123,0
124,1
125,1
126,5
128,1
129,1
130,1
131,0
132,1
133,1
134,0
136,1
137,1
138,0
139,1
140,1
141,1
143,1
144,5
145,5
146,0
148,0
149,3
150,3
151,1
152,0
153,2
154,1
156,4
157,4
159,3
161,0
162,4
163,4
165,0
166,1
167,3
168,2
170,2
171,4
172,5
173,5
174,2
175,2
177,0
179,0
180,0
181,-1
182,3
183,4
184,1
185,1
186,1
187,2
188,1
189,4
190,0
191,1
195,1
196,-1
197,1
199,4
200,0
201,5
202,1
203,4
204,0
205,3
207,1
209,1
210,0
212,1
213,0
214,1
216,0
217,1
219,1
221,1
222,1
223,2
224,3
225,0
227,1
228,0
230,1
233,1
234,4
235,0
236,1
237,4
238,1
239,3
240,0
241,2
242,4
243,1
244,0
245,3
246,1
247,1
249,4
250,0
252,0
253,1
255,0
256,4
257,5
258,1
259,1
260,3
261,5
262,2
263,4
265,4
266,3
269,0
270,0
271,0
272,-1
273,0
274,5
275,0
276,0
278,4
279,1
280,-1
281,1
282,1
283,4
284,1
286,5
287,5
288,1
289,4
290,1
291,0
292,1
293,0
295,0
296,5
297,3
298,5
299,0
300,1
302,2
303,5
304,3
305,1
306,5
307,3
308,1
309,1
310,0
311,0
312,0
313,0
314,1
315,4
316,3
317,5
318,0
319,1
320,1
321,1
322,2
323,1
324,1
325,1
326,4
327,4
328,0
329,3
330,3
332,1
333,1
334,1
335,1
336,5
337,1
339,0
340,1
341,0
343,1
344,3
345,0
346,0
348,0
350,5
351,0
352,1
353,0
354,3
355,1
357,4
358,3
359,1
361,1
362,4
363,4
364,5
365,3
366,4
367,1
368,0
369,5
370,1
371,3
373,3
374,1
375,1
376,5
378,1
379,5
380,1
381,1
382,5
383,1
384,5
386,1
387,1
388,5
390,0
391,1
392,5
393,1
394,5
395,5
397,0
398,0
399,1
400,1
401,1
402,0
403,3
404,1
405,1
406,1
407,1
408,1
409,1
411,3
412,1
413,3
415,5
416,1
418,1
419,1
420,1
421,3
422,1
424,4
425,4
426,4
427,5
428,4
429,1
430,1
432,1
433,0
434,5
435,2
437,2
438,0
439,5
440,1
441,1
442,1
443,0
444,1
445,5
446,5
447,2
448,4
449,5
450,1
451,1
452,1
453,0
455,1
456,1
457,1
458,3
459,2
462,0
463,4
464,1
465,0
466,1
467,5
468,5
469,4
470,4
471,1
472,0
473,1
474,4
476,1
478,1
479,4
480,-1
481,5
482,5
484,2
486,5
487,4
488,0
489,1
491,1
493,4
495,0
496,1
497,0
499,0
502,4
503,0
504,1
505,5
506,1
507,5
508,1
509,1
510,1
511,1
512,1
513,0
514,5
516,1
519,0
522,5
523,4
525,4
530,1
531,1
532,4
534,0
537,1
538,1
540,5
541,1
542,1
545,0
548,1
549,0
550,1
551,5
553,1
554,1
555,1
556,5
558,1
559,5
560,0
561,1
562,0
563,4
565,0
566,2
567,2
568,1
569,0
571,-1
572,2
573,0
575,1
576,1
577,5
579,1
581,2
582,0
583,3
584,0
585,1
586,5
587,1
588,4
589,5
590,2
591,3
592,4
593,1
594,5
595,4
596,0
597,2
598,1
599,2
600,0
604,3
605,1
606,3
607,0
608,1
609,4
610,1
611,4
612,5
614,4
616,0
618,3
619,1
621,1
622,2
623,2
624,2
625,4
627,1
628,1
629,1
630,0
631,-1
632,1
634,1
637,1
638,2
639,0
641,1
642,2
643,1
644,1
645,0
646,1
647,5
648,1
649,4
650,0
651,1
652,0
653,5
654,1
655,1
656,1
657,3
658,1
659,1
660,1
661,0
662,0
663,2
664,5
665,4
666,5
668,1
669,0
670,1
672,1
673,5
674,0
675,1
676,0
677,3
678,1
679,1
680,5
681,4
682,1
683,4
685,0
686,-1
687,0
689,4
690,0
693,1
694,3
695,5
697,5
699,4
700,5
701,0
703,3
704,0
705,3
706,4
707,0
709,4
710,5
712,5
713,1
714,1
715,1
716,5
717,1
718,4
719,1
720,1
724,0
725,0
726,3
727,0
728,3
729,0
730,0
731,1
732,0
733,1
735,0
736,0
737,1
738,0
740,0
741,4
743,1
744,1
745,3
746,0
748,5
749,1
750,1
752,4
753,1
755,1
756,0
757,0
758,5
759,0
761,4
762,4
763,0
764,4
765,4
766,1
768,3
771,1
772,5
776,1
777,4
779,1
780,0
782,5
783,1
784,1
785,0
788,2
789,0
790,0
791,1
792,1
793,1
795,2
797,1
798,0
799,5
800,1
801,5
802,5
803,1
804,5
805,1
806,4
807,3
808,3
809,0
810,0
811,5
812,1
813,0
814,0
816,3
817,3
818,5
819,1
820,0
822,1
823,3
824,1
825,5
826,0
827,0
828,4
829,5
830,3
831,0
832,0
833,0
834,0
836,3
838,1
839,2
840,0
841,5
842,1
843,0
844,1
845,1
847,1
848,0
849,4
850,0
851,5
852,0
853,0
854,1
855,1
856,0
857,0
858,4
859,5
860,1
861,1
862,0
863,5
865,4
866,5
867,1
868,0
869,1
870,3
871,0
872,1
873,1
874,3
875,1
877,4
878,2
879,1
880,0
881,0
884,2
885,1
886,5
888,1
889,1
890,0
891,1
893,1
894,0
895,4
897,1
898,4
899,5
900,5
902,4
903,2
904,2
905,0
907,1
909,2
910,3
911,2
913,2
914,1
915,0
916,5
917,0
918,2
920,5
922,1
923,4
924,1
925,1
926,1
927,2
930,0
932,3
935,0
936,0
938,1
941,1
942,1
943,3
944,3
945,1
947,1
948,1
949,4
950,1
951,1
952,1
953,2
955,1
956,3
957,3
959,5
961,0
962,3
964,3
965,0
966,5
968,1
969,5
970,1
972,3
973,1
974,1
975,2
976,1
977,1
978,5
979,4
980,1
981,1
982,4
983,0
984,1
985,0
986,3
987,1
988,1
989,1
990,1
992,1
993,4
994,1
995,0
996,4
997,3
998,4
999,3
1000,1
1001,5
1002,2
1003,4
1004,0
1005,1
1006,1
1007,5
1008,5
1009,3
1010,5
1011,0
1012,4
1013,5
1014,1
1016,1
1017,4
1018,4
1019,3
1020,5
1022,4
1023,0
1024,4
1025,0
1026,4
1028,1
1029,1
1030,2
1031,1
1033,0
1034,4
1035,2
1036,0
1037,0
1038,1
1039,1
1040,3
1041,4
1042,1
1043,1
1044,4
1045,2
1046,1
1047,4
1049,1
1050,1
1051,0
1052,3
1053,0
1054,0
1055,1
1056,4
1057,0
1058,5
1059,5
1060,1
1061,5
1062,1
1063,5
1064,-1
1065,1
1066,5
1068,1
1069,1
1071,1
1072,1
1073,3
1074,0
1075,4
1076,2
1077,1
1078,0
1079,5
1080,2
1081,3
1082,1
1084,5
1085,1
1086,4
1087,1
1088,0
1090,5
1092,5
1093,3
1094,1
1096,4
1098,3
1100,0
1101,4
1103,0
1104,1
1106,1
1109,0
1111,1
1112,3
1113,1
1114,4
1115,1
1116,0
1118,4
1120,0
1121,1
1122,2
1123,1
1124,4
1126,1
1128,1
1130,5
1131,0
1132,2
1134,0
1136,4
1137,1
1138,1
1139,2
1140,4
1143,5
1145,1
1146,1
1147,1
1148,0
1149,0
1150,1
1151,2
1152,2
1153,5
1154,0
1155,5
1156,0
1157,2
1158,4
1161,5
1162,4
1163,2
1164,0
1165,0
1166,0
1167,0
1168,0
1169,3
1170,3
1172,1
1173,4
1174,0
1176,1
1177,0
1178,5
1179,0
1180,4
1182,0
1183,0
1184,1
1185,3
1186,2
1187,5
1189,0
1190,1
1191,2
1192,1
1193,1
1194,1
1196,0
1197,5
1198,3
1199,5
1200,1
1201,2
1202,0
1203,4
1205,3
1206,1
1208,0
1209,0
1210,5
1211,1
1212,1
1214,1
1215,1
1216,1
1219,1
1220,5
1221,3
1222,0
1223,1
1224,4
1225,2
1226,5
1227,1
1228,0
1230,1
1231,4
1232,5
1233,3
1235,1
1236,1
1237,1
1238,0
1239,1
1240,1
1241,-1
1245,1
1246,0
1248,4
1249,4
1250,5
1251,5
1253,3
1254,5
1255,1
1256,3
1258,0
1259,1
1260,1
1262,0
1263,0
1264,1
1265,1
1266,0
1267,3
1268,5
1269,1
1270,1
1271,5
1272,3
1273,1
1274,1
1275,2
1276,0
1278,0
1279,4
1280,4
1281,1
1282,5
1284,1
1285,3
1286,1
1287,2
1288,1
1289,5
1291,1
1292,0
1293,0
1296,3
1297,1
1298,4
1299,1
1300,4
1301,5
1304,0
1305,4
1306,0
1307,0
1308,1
1309,4
1310,4
1311,4
1312,1
1313,0
1315,5
1316,0
1317,5
1318,5
1319,0
1320,1
1321,1
1323,1
1324,1
1325,5
1326,4
1327,1
1328,4
1329,5
1330,1
1331,0
1332,1
1333,1
1337,1
1338,1
1339,5
1340,1
1341,2
1343,3
1345,1
1346,0
1347,3
1348,1
1349,5
1350,5
1352,0
1354,1
1355,-1
1356,4
1357,1
1358,3
1359,0
1361,1
1362,3
1363,0
1364,1
1365,0
1366,0
1367,0
1368,1
1369,1
1372,1
1374,0
1375,1
1376,1
1377,0
1378,1
1379,4
1380,4
1382,2
1384,4
1385,1
1386,0
1389,3
1390,0
1392,0
1393,1
1394,5
1395,1
1396,0
1397,4
1398,1
1402,1
1403,1
1404,4
1405,1
1406,0
1407,1
1409,1
1410,1
1411,3
1413,1
1415,5
1417,3
1418,4
1419,1
1421,4
1422,1
1423,-1
1424,5
1425,1
1426,0
1428,1
1429,0
1430,1
1431,0
1433,1
1434,2
1436,4
1437,1
1438,0
1439,0
1440,4
1442,1
1443,0
1444,0
1445,1
1446,4
1447,5
1448,0
1449,1
1453,2
1454,1
1455,1
1456,1
1457,4
1458,1
1459,0
1461,0
1462,5
1464,1
1467,1
1468,5
1469,3
1470,1
1471,1
1472,0
1473,0
1474,0
1475,3
1478,3
1479,4
1481,5
1484,1
1485,2
1487,1
1488,-1
1489,0
1490,4
1491,4
1493,0
1494,1
1495,1
1496,5
1497,1
1498,4
1499,5
1501,1
1503,1
1504,4
1505,3
1506,5
1509,1
1512,5
1513,0
1515,5
1516,1
1517,3
1518,1
1519,5
1520,3
1521,2
1523,1
1524,2
1525,1
1526,0
1528,0
1529,1
1530,1
1531,1
1533,1
1536,1
1537,0
1538,3
1539,0
1540,1
1541,4
1542,5
1543,1
1544,5
1545,1
1547,5
1548,3
1550,1
1552,0
1554,3
1557,0
1558,1
1560,3
1562,0
1563,0
1564,2
1565,4
1566,5
1568,1
1569,5
1570,1
1571,2
1572,0
1573,2
1577,1
1578,5
1579,1
1580,5
1581,3
1582,1
1583,3
1584,0
1585,0
1586,3
1589,1
1590,1
1592,1
1595,1
1598,1
1600,1
1601,1
1602,0
1603,1
1605,1
1606,1
1609,1
1610,0
1611,3
1612,1
1615,4
1616,1
1617,4
1618,4
1619,0
1620,0
1621,0
1622,1
1623,0
1624,1
1625,2
1626,1
1627,1
1629,0
1630,-1
1632,0
1633,1
1634,1
1636,1
1638,1
1639,3
1641,0
1642,0
1644,0
1645,1
1647,1
1649,4
1650,0
1651,4
1653,1
1654,5
1657,4
1659,5
1661,0
1662,1
1663,1
1665,0
1667,1
1668,4
1670,4
1671,5
1674,1
1675,4
1676,0
1677,0
1678,-1
1680,0
1682,5
1686,0
1687,5
1688,5
1689,0
1690,5
1694,3
1695,5
1696,1
1697,1
1699,1
1700,0
1701,0
1702,5
1703,1
1705,1
1708,3
1710,1
1711,4
1714,2
1715,1
1716,0
1718,5
1720,1
1721,0
1722,1
1723,5
1724,2
1725,1
1729,1
1733,5
1734,5
1735,1
1737,1
1738,1
1739,1
1740,4
1742,0
1743,4
1744,0
1746,-1
1751,1
1753,0
1755,5
1756,1
1762,0
1766,3
1767,5
1768,5
1769,3
1771,0
1774,-1
1775,1
1776,1
1777,4
1778,5
1780,5
1782,2
1783,4
1784,1
1786,4
1787,0
1788,0
1790,0
1791,1
1792,0
1793,3
1794,5
1795,0
1796,1
1797,0
1799,2
1800,0
1801,5
1803,1
1804,1
1805,1
1808,5
1810,0
1811,0
1812,2
1813,4
1814,3
1815,1
1816,1
1817,3
1818,1
1819,4
1820,0
1821,0
1824,1
1825,4
1826,2
1827,1
1828,0
1829,0
1830,0
1831,2
1832,3
1833,0
1834,4
1836,4
1837,4
1838,2
1839,5
1841,5
1843,2
1844,1
1845,1
1847,1
1848,3
1850,1
1851,1
1852,1
1853,0
1854,1
1855,1
1856,5
1857,3
1858,1
1859,2
1860,1
1861,4
1863,5
1864,4
1865,5
1866,4
1868,4
1869,0
1871,1
1872,0
1874,5
1875,0
1876,5
1877,4
1881,3
1882,0
1884,-1
1885,1
1888,2
1891,3
1892,0
1893,0
1894,3
1895,0
1896,-1
1897,5
1899,4
1901,-1
1903,0
1904,2
1905,1
1906,5
1909,4
1911,1
1912,1
1914,4
1915,0
1917,1
1918,1
1919,5
1920,4
1921,5
1922,2
1923,4
1924,0
1925,2
1926,5
1928,1
1929,4
1931,1
1933,5
1934,1
1935,2
1936,2
1938,1
1939,5
1940,1
1941,5
1942,2
1943,3
1944,4
1945,0
1947,4
1950,3
1951,4
1952,5
1954,1
1955,4
1958,1
1959,1
1960,1
1962,1
1963,4
1964,2
1966,5
1969,1
1971,1
1972,1
1973,3
1975,5
1976,5
1977,1
1978,1
1979,5
1980,1
1982,2
1985,4
1987,1
1988,0
1989,1
1990,1
1992,5
1993,4
1994,4
1995,5
1996,1
1997,5
1998,1
1999,5
2000,0
2001,3
2003,0
2005,2
2007,2
2008,0
2009,2
2010,1
2011,1
2012,3
2014,4
2015,1
2017,1
2018,4
2019,0
2020,3
2021,1
2022,5
2023,1
2024,1
2025,1
2026,4
2027,0
2029,1
2031,5
2032,0
2033,4
2034,5
2035,1
2036,4
2037,0
2038,1
2039,5
2041,4
2042,1
2043,-1
2044,4
2045,5
2046,3
2047,5
2048,0
2049,1
2051,4
2052,4
2054,2
2055,1
2056,0
2057,1
2059,0
2061,0
2062,5
2063,1
2064,2
2065,1
2067,0
2068,4
2069,3
2070,1
2071,1
2074,5
2075,0
2076,3
2077,3
2078,0
2079,1
2082,4
2083,1
2084,1
2086,1
2087,1
2089,3
2090,1
2091,1
2094,0
2095,1
2096,4
2098,1
2099,5
2100,1
2101,5
2102,4
2103,3
2105,0
2106,1
2107,1
2108,1
2109,1
2110,1
2111,1
2112,4
2114,1
2115,1
2116,1
2117,1
2118,2
2119,-1
2121,0
2123,5
2124,3
2125,1
2126,4
2127,0
2128,5
2129,4
2130,0
2131,-1
2132,1
2133,4
2134,1
2135,0
2136,1
2137,1
2138,1
2139,5
2140,1
2141,0
2143,5
2146,5
2147,2
2148,1
2149,0
2150,1
2151,4
2152,4
2153,1
2154,0
2155,3
2157,1
2158,0
2159,2
2160,1
2161,1
2162,0
2163,5
2164,2
2165,1
2168,1
2169,0
2170,3
2171,5
2172,4
2173,1
2174,4
2175,1
2177,1
2179,1
2180,0
2182,5
2183,1
2184,0
2185,-1
2186,5
2187,2
2188,4
2190,2
2191,4
2192,4
2193,5
2194,1
2195,5
2196,1
2197,1
2198,1
2199,1
2200,2
2202,1
2203,1
2204,1
2206,5
2208,1
2209,1
2210,1
2211,0
2212,1
2213,0
2214,1
2215,4
2216,1
2217,1
2218,3
2219,2
2220,5
2222,1
2223,3
2226,5
2227,1
2229,1
2230,2
2232,1
2234,1
2237,5
2238,5
2240,1
2241,1
2242,1
2245,0
2246,1
2248,1
2249,4
2251,0
2252,3
2255,5
2256,4
2258,0
2259,5
2260,1
2262,-1
2263,1
2265,1
2266,1
2268,-1
2270,0
2271,1
2273,-1
2275,4
2276,0
2277,1
2278,0
2279,1
2280,1
2281,1
2282,1
2284,1
2286,5
2287,5
2291,1
2292,0
2293,3
2295,4
2296,0
2297,4
2298,0
2300,0
2301,0
2302,1
2303,1
2304,1
2305,5
2306,5
2307,3
2311,1
2312,2
2314,1
2315,1
2316,0
2317,1
2318,1
2319,1
2320,5
2321,0
2322,1
2323,5
2324,2
2325,1
2326,5
2327,3
2328,1
2329,0
2330,4
2334,1
2335,3
2336,4
2337,0
2338,1
2339,0
2340,4
2341,0
2342,4
2343,1
2344,3
2348,2
2349,0
2350,5
2351,0
2352,2
2353,5
2354,1
2356,0
2357,0
2358,0
2359,0
2360,3
2361,0
2363,4
2365,0
2366,0
2369,5
2370,1
2371,1
2373,1
2374,4
2375,1
2376,4
2377,5
2379,1
2380,1
2382,2
2383,0
2386,4
2387,2
2388,1
2389,0
2390,4
2391,5
2392,-1
2393,0
2394,0
2395,1
2398,2
2399,2
2400,1
2401,4
2402,0
2403,1
2404,0
2405,0
2406,-1
2407,3
2408,5
2410,0
2413,5
2415,1
2416,0
2417,5
2418,3
2422,0
2423,1
2424,1
2425,2
2428,5
2429,5
2430,3
2431,4
2432,1
2433,0
2435,3
2437,1
2438,1
2439,1
2440,3
2441,3
2442,0
2444,5
2446,4
2448,3
2449,2
2450,1
2451,0
2452,3
2453,0
2454,5
2455,1
2456,0
2457,4
2458,4
2459,-1
2460,1
2462,4
2463,5
2465,1
2466,5
2468,1
2471,-1
2472,3
2476,3
2482,3
2485,0
2490,4
2493,0
2497,5
2501,1
2502,0
2506,3
2509,1
2513,1
2517,4
2521,5
2525,3
2526,1
2536,3
2538,4
2539,0
2540,-1
2545,1
2547,1
2551,4
2553,4
2554,4
2555,1
2557,0
2558,0
2560,0
2562,1
2563,1
2564,1
2565,0
2566,1
2568,1
2571,1
2574,0
2577,1
2580,0
2581,4
2582,0
2587,0
2588,3
2589,4
2593,2
2594,4
2595,5
2597,4
2598,0
2599,5
2600,4
2601,5
2602,5
2603,3
2604,1
2605,3
2606,1
2607,1
2608,5
2609,3
2610,2
2611,5
2612,4
2613,1
2614,1
2615,1
2616,-1
2618,5
2619,4
2622,1
2625,1
2626,1
2627,2
2628,1
2630,3
2631,3
2632,5
2633,5
2637,1
2638,4
2644,0
2645,5
2647,1
2673,5
2684,4
2693,3
2694,3
2707,0
2718,1
2723,1
2727,5
2732,3
2749,1
2753,4
2754,5
2765,5
2775,4
2776,0
2779,1
2780,2
2787,1
2788,1
2795,1
2806,1
2810,5
2813,4
2821,5
2825,1
2827,0
2829,1
2834,1
2839,1
2841,1
2844,0
2847,5
2878,1
2879,1
2881,0
2883,0
2892,1
2895,1
2902,3
2919,3
2920,1
2925,1
2931,3
2934,4
2935,4
2937,1
2940,2
2943,3
2944,2
2945,0
2946,1
2949,5
2953,5
2954,1
2956,4
2957,1
2958,1
2959,1
2962,5
2963,1
2967,1
2969,4
2977,1
2978,5
2979,0
2982,1
2995,5
3001,1
3007,1
3027,1
3029,1
3031,4
3033,1
3036,0
3037,4
3040,1
3046,0
3048,5
3050,5
3053,1
3054,4
3055,4
3056,4
3058,2
3059,0
3062,1
3063,5
3064,1
3068,1
3069,0
3079,4
3080,1
3084,1
3093,1
3096,1
3099,5
3100,0
3113,5
3114,1
3124,0
3132,2
3133,4
3134,0
3136,1
3138,1
3139,1
3144,0
3145,1
3146,3
3148,1
3149,1
3150,2
3159,2
3161,0
3164,5
3169,1
3170,1
3171,-1
3174,1
3175,0
3176,5
3177,3
3178,4
3182,1
3183,4
3184,1
3185,5
3188,5
3189,4
3191,4
3193,0
3194,4
3201,5
3207,3
3210,1
3215,3
3217,0
3221,2
3225,1
3236,0
3237,4
3241,4
3253,5
3255,2
3256,0
3257,1
3263,1
3267,0
3269,1
3270,4
3272,0
3278,2
3281,3
3291,1
3292,1
3294,4
3295,1
3296,1
3299,4
3303,1
3306,1
3308,0
3311,0
3314,1
3315,2
3319,3
3336,1
3352,2
3361,1
3363,1
3367,1
3369,1
3372,4
3381,4
3383,1
3388,1
3389,0
3393,4
3399,1
3403,0
3408,0
3414,4
3415,1
3416,0
3417,5
3419,0
3428,1
3437,4
3438,1
3442,1
3443,1
3450,1
3455,1
3456,1
3457,1
3459,1
3470,1
3475,0
3490,1
3493,0
3494,0
3501,2
3503,1
3506,1
3507,3
3510,1
3513,3
3514,1
3515,1
3517,1
3520,1
3521,-1
3523,1
3524,5
3525,4
3526,0
3528,1
3531,1
3532,1
3533,5
3535,1
3539,0
3540,3
3541,3
3542,4
3543,1
3546,1
3547,0
3553,1
3558,0
3559,1
3560,1
3564,1
3566,5
3567,5
3569,1
3571,1
3573,5
3574,1
3575,0
3577,1
3578,1
3579,4
3580,5
3582,5
3583,0
3586,1
3587,1
3588,0
3589,1
3590,3
3592,1
3593,1
3596,1
3597,5
3598,4
3599,1
3600,4
3601,2
3602,1
3606,-1
3607,2
3608,0
3611,1
3613,1
3614,1
3616,4
3617,1
3618,2
3619,3
3620,3
3621,2
3622,2
3623,2
3625,0
3627,0
3628,0
3630,4
3632,1
3640,3
3648,0
3649,1
3650,1
3651,-1
3652,1
3653,4
3657,0
3658,5
3665,1
3671,4
3672,0
3681,3
3682,1
3684,0
3689,3
3693,0
3695,1
3701,5
3702,0
3703,5
3704,1
3705,0
3706,2
3708,0
3710,1
3712,2
3713,1
3714,0
3715,1
3718,0
3719,0
3720,1
3721,4
3722,1
3723,1
3725,5
3726,1
3728,0
3734,4
3737,4
3740,1
3746,2
3747,1
3752,4
3757,5
3758,5
3759,0
3760,1
3761,3
3764,3
3765,-1
3766,0
3770,1
3771,-1
3773,5
3776,1
3779,4
3783,0
3786,0
3787,4
3790,5
3792,0
3793,5
3797,1
3798,1
3800,-1
3801,5
3803,0
3804,3
3805,5
3806,5
3807,4
3808,5
3809,5
3811,5
3812,5
3813,4
3814,1
3816,3
3817,1
3818,1
3826,1
3828,5
3836,1
3837,2
3840,1
3841,3
3842,5
3843,0
3846,4
3848,0
3849,1
3850,-1
3851,2
3852,4
3853,4
3854,4
3858,4
3860,1
3862,3
3863,5
3865,1
3869,1
3872,1
3875,1
3876,1
3877,3
3880,1
3881,0
3886,4
3892,1
3896,1
3900,1
3901,0
3902,3
3903,1
3904,5
3905,4
3906,4
3907,4
3908,3
3909,1
3911,5
3914,-1
3915,2
3918,4
3920,3
3921,5
3925,3
3928,1
3930,2
3936,1
3937,3
3939,5
3940,4
3945,1
3947,1
3948,1
3951,2
3955,0
3959,5
3960,1
3962,4
3977,4
3978,1
3979,4
3980,1
3981,2
3986,1
3988,1
3990,1
3991,4
3992,1
3994,1
3999,1
4000,5
4001,1
4002,1
4003,1
4004,0
4007,1
4010,0
4011,1
4019,1
4020,1
4022,0
4027,3
4033,5
4034,0
4036,0
4039,4
4040,5
4041,0
4043,0
4048,4
4049,0
4050,0
4052,4
4056,0
4059,1
4060,4
4061,3
4063,2
4065,-1
4066,2
4067,0
4070,2
4072,0
4073,5
4079,2
4080,0
4081,1
4084,0
4086,1
4087,4
4089,1
4090,1
4092,1
4128,-1
4131,1
4141,5
4147,5
4158,0
4179,4
4188,0
4206,0
4217,4
4222,4
4234,5
4245,2
4249,5
4254,4
4262,2
4269,0
4274,5
4284,4
4285,3
4298,1
4302,1
4312,0
4318,0
4320,4
4322,1
4329,5
4331,0
4333,1
4334,0
4337,4
4344,3
4345,1
4347,-1
4348,0
4352,0
4359,0
4360,3
4363,1
4366,4
4367,4
4369,5
4372,4
4374,1
4375,4
4379,1
4389,0
4390,1
4392,1
4393,0
4394,2
4396,5
4401,1
4408,1
4409,3
4411,1
4413,1
4415,5
4417,5
4419,2
4422,5
4424,1
4425,1
4426,5
4430,0
4435,3
4437,1
4438,1
4439,0
4440,0
4447,1
4450,2
4454,1
4458,0
4459,2
4460,1
4462,0
4464,1
4471,0
4473,2
4475,1
4476,2
4479,3
4484,1
4491,5
4502,1
4506,5
4508,5
4511,1
4513,5
4515,5
4516,4
4517,3
4519,1
4520,0
4523,1
4524,-1
4525,0
4527,1
4529,1
4530,1
4531,1
4533,2
4534,1
4535,4
4536,5
4539,1
4541,1
4543,1
4545,3
4547,3
4549,4
4550,0
4551,0
4552,4
4553,5
4555,1
4556,0
4558,3
4559,1
4560,3
4562,1
4568,1
4569,3
4575,4
4576,-1
4579,1
4581,3
4582,0
4586,0
4588,2
4590,3
4591,5
4594,4
4596,1
4597,1
4598,0
4600,1
4603,0
4606,1
4608,1
4610,2
4612,4
4613,1
4615,1
4619,1
4623,0
4624,3
4627,4
4629,0
4636,1
4638,1
4640,1
4644,5
4647,1
4648,5
4650,3
4652,1
4653,2
4656,1
4660,0
4661,2
4664,3
4665,1
4668,0
4671,5
4679,0
4688,5
4689,2
4691,3
4692,5
4693,0
4694,1
4695,3
4696,1
4697,1
4698,3
4700,5
4701,5
4703,1
4706,4
4708,3
4709,1
4710,4
4712,1
4713,1
4715,1
4716,5
4717,4
4720,1
4724,4
4725,0
4726,1
4728,1
4730,0
4731,0
4732,1
4734,1
4735,0
4737,2
4738,5
4739,5
4740,4
4741,-1
4743,0
4745,1
4749,5
4750,0
4753,3
4755,1
4756,3
4759,3
4762,4
4763,5
4764,0
4765,0
4766,1
4767,2
4772,4
4774,5
4775,3
4778,1
4779,0
4780,1
4784,1
4785,4
4786,1
4788,1
4789,3
4791,3
4796,4
4797,1
4800,3
4802,1
4807,1
4808,0
4809,4
4811,1
4813,3
4816,-1
4817,1
4818,5
4819,1
4820,1
4821,5
4822,1
4824,1
4829,1
4830,1
4831,0
4832,1
4833,4
4835,5
4836,0
4837,1
4838,1
4839,0
4840,0
4841,3
4842,1
4844,2
4845,1
4846,1
4847,1
4848,1
4849,0
4850,4
4851,3
4853,0
4854,0
4855,3
4856,1
4857,3
4858,0
4859,1
4860,1
4862,1
4864,1
4867,3
4868,1
4870,5
4874,0
4876,5
4878,1
4879,0
4880,5
4883,3
4884,0
4887,5
4888,5
4891,0
4892,1
4895,4
4898,1
4899,4
4900,5
4901,0
4903,1
4904,2
4905,4
4909,1
4910,0
4912,1
4913,1
4915,1
4916,4
4917,5
4918,1
4920,4
4921,3
4922,1
4923,1
4925,1
4926,1
4927,1
4929,2
4930,0
4931,0
4932,0
4934,4
4937,4
4940,0
4944,0
4945,1
4946,1
4948,1
4949,1
4951,1
4952,-1
4953,1
4954,0
4955,3
4956,0
4958,2
4960,3
4961,3
4962,5
4963,1
4964,0
4965,2
4966,1
4967,3
4968,0
4969,4
4970,4
4971,-1
4972,1
4978,1
4979,2
4981,0
4984,4
4985,0
4986,5
4988,5
4992,4
4993,3
4994,4
4995,0
4999,1
5002,1
5003,0
5004,1
5005,1
5007,1
5008,1
5010,2
5011,0
5013,4
5014,2
5019,1
5020,1
5022,1
5023,5
5025,2
5026,1
5027,1
5030,5
5031,5
5032,1
5033,1
5035,3
5036,2
5038,4
5042,5
5043,3
5044,1
5045,3
5047,4
5051,1
5052,1
5055,0
5056,3
5057,4
5059,1
5060,0
5061,1
5063,0
5065,1
5066,-1
5067,5
5068,4
5069,3
5070,1
5072,1
5075,1
5077,1
5078,3
5081,4
5082,2
5083,1
5084,4
5087,4
5088,1
5089,4
5090,0
5091,5
5092,1
5093,5
5094,1
5096,3
5097,1
5099,2
5100,0
5102,3
5104,1
5106,1
5108,4
5109,1
5114,1
5115,0
5116,5
5117,5
5121,0
5123,3
5125,2
5127,3
5129,5
5131,0
5132,0
5133,1
5136,1
5137,1
5138,5
5140,4
5141,1
5143,1
5144,1
5146,0
5147,4
5150,0
5151,1
5152,1
5154,1
5155,5
5158,1
5160,1
5162,5
5167,-1
5168,3
5169,4
5170,1
5171,1
5172,-1
5173,4
5174,1
5175,1
5178,-1
5179,1
5180,1
5181,1
5182,1
5184,5
5187,0
5189,3
5191,1
5192,1
5193,1
5194,1
5195,4
5196,5
5197,1
5200,5
5201,1
5205,0
5206,4
5207,4
5208,5
5210,0
5211,5
5212,1
5213,1
5214,1
5216,1
5217,1
5220,5
5221,1
5223,1
5224,1
5227,1
5228,-1
5229,1
5230,4
5232,5
5234,3
5235,5
5236,2
5237,1
5239,5
5241,2
5242,1
5243,1
5244,3
5245,5
5247,5
5249,3
5252,1
5254,0
5256,1
5257,1
5258,0
5259,2
5260,0
5262,1
5264,5
5265,4
5266,1
5267,1
5268,2
5269,0
5270,0
5271,0
5275,1
5276,1
5277,5
5278,1
5279,5
5280,-1
5281,3
5282,-1
5283,3
5284,1
5285,4
5286,1
5287,0
5288,4
5289,0
5293,1
5294,-1
5295,1
5296,3
5300,1
5301,1
5302,4
5304,4
5306,1
5307,2
5308,0
5309,3
5310,3
5311,1
5312,4
5314,5
5315,-1
5317,1
5319,1
5323,1
5327,1
5328,4
5329,1
5330,1
5331,1
5333,1
5334,1
5336,4
5337,1
5338,1
5339,5
5340,1
5341,0
5343,4
5344,0
5345,2
5346,4
5348,0
5350,0
5352,1
5354,5
5357,3
5358,0
5359,5
5360,4
5361,1
5363,1
5364,5
5365,1
5367,1
5369,5
5372,5
5374,5
5376,0
5377,3
5378,0
5381,1
5383,3
5386,5
5388,0
5389,4
5390,3
5392,5
5393,5
5395,-1
5396,4
5398,4
5399,1
5400,5
5401,4
5402,3
5403,4
5405,2
5406,0
5407,0
5408,0
5410,1
5412,0
5413,0
5415,0
5417,0
5419,5
5420,0
5425,0
5426,4
5427,0
5428,4
5429,5
5431,0
5432,0
5433,1
5435,1
5436,3
5438,1
5439,1
5440,1
5442,1
5443,4
5444,1
5447,1
5448,5
5449,0
5450,3
5452,5
5455,1
5459,1
5465,0
5473,2
5477,4
5478,1
5482,0
5483,2
5484,1
5485,0
5486,1
5487,3
5490,4
5491,3
5492,1
5495,4
5497,5
5498,1
5500,4
5501,5
5504,1
5506,5
5507,0
5508,0
5509,1
5511,1
5513,1
5514,3
5516,4
5517,1
5519,1
5520,5
5522,-1
5524,5
5525,0
5527,1
5528,4
5529,1
5530,1
5531,3
5532,3
5533,0
5534,5
5536,3
5538,2
5539,2
5540,0
5542,5
5543,1
5544,4
5547,4
5548,0
5549,4
5550,0
5551,5
5553,2
5556,2
5557,4
5558,-1
5559,4
5560,5
5561,3
5562,1
5563,5
5565,4
5567,5
5568,0
5569,4
5571,1
5572,3
5573,2
5576,1
5577,5
5578,1
5579,5
5581,1
5582,5
5583,0
5584,0
5585,1
5589,1
5590,1
5591,1
5594,5
5598,5
5600,1
5602,4
5603,5
5604,0
5606,4
5607,1
5608,2
5609,5
5610,0
5611,1
5613,2
5614,4
5615,4
5616,5
5617,0
5619,0
5622,1
5624,3
5625,1
5626,1
5627,0
5629,3
5631,5
5633,5
5634,0
5636,1
5637,0
5638,0
5639,0
5640,4
5641,5
5642,4
5645,5
5647,1
5648,5
5649,1
5650,5
5651,1
5652,4
5653,0
5655,4
5656,0
5658,4
5659,5
5660,1
5661,1
5662,0
5663,5
5664,1
5666,0
5667,4
5670,4
5673,3
5674,5
5675,0
5676,0
5680,2
5683,5
5686,1
5687,4
5690,1
5691,-1
5692,1
5693,4
5696,1
5697,5
5699,4
5701,0
5704,3
5706,1
5708,0
5709,-1
5713,1
5715,0
5716,0
5718,1
5719,0
5720,4
5721,0
5728,1
5731,1
5734,0
5735,1
5737,0
5741,5
5757,0
5761,1
5762,0
5765,1
5772,4
5773,5
5775,5
5776,3
5777,4
5778,5
5780,2
5781,1
5785,5
5786,2
5787,1
5789,1
5794,2
5797,-1
5799,1
5802,1
5804,0
5805,1
5807,4
5808,1
5810,2
5811,5
5813,1
5814,5
5816,0
5817,1
5819,4
5821,1
5823,1
5824,0
5825,1
5828,1
5829,0
5830,1
5832,1
5833,0
5834,1
5835,1
5836,1
5837,0
5838,1
5839,5
5841,0
5842,1
5844,5
5845,4
5846,2
5847,4
5848,0
5849,4
5851,4
5852,5
5853,-1
5854,0
5855,5
5856,0
5857,1
5858,0
5859,3
5860,1
5861,4
5862,4
5863,1
5864,-1
5865,4
5866,1
5867,5
5870,1
5872,1
5874,1
5876,5
5877,4
5878,5
5879,1
5880,4
5881,1
5882,3
5886,1
5887,0
5889,5
5890,5
5891,1
5892,1
5893,1
5894,5
5896,1
5898,-1
5900,1
5902,3
5903,-1
5904,1
5905,3
5906,1
5910,1
5912,0
5914,1
5915,5
5921,4
5925,5
5928,1
5929,5
5930,0
5931,0
5933,0
5934,1
5935,-1
5937,5
5938,5
5939,2
5941,1
5942,1
5947,1
5950,2
5952,3
5955,4
5958,0
5959,0
5962,4
5967,5
5978,0
5979,1
5980,0
5982,4
5983,0
5984,0
5985,0
5986,4
5987,5
5993,1
5994,1
5995,0
5996,5
5997,4
5998,1
6001,1
6002,1
6005,-1
6006,0
6009,3
6017,1
6018,0
6020,5
6023,2
6024,0
6025,0
6026,-1
6027,0
6029,0
6031,2
6034,1
6035,1
6037,4
6040,5
6041,1
6042,4
6045,1
6047,5
6052,4
6055,0
6056,0
6060,0
6066,1
6068,1
6069,3
6070,0
6072,0
6083,4
6087,5
6107,0
6114,4
6115,3
6116,0
6118,1
6120,1
6134,4
6140,4
6141,3
6143,1
6150,0
6151,3
6154,4
6155,4
6156,1
6160,5
6161,5
6166,0
6167,1
6168,4
6169,1
6170,1
6171,3
6172,1
6173,4
6178,4
6179,1
6184,0
6185,5
6187,2
6188,3
6190,1
6193,0
6197,1
6200,0
6204,1
6205,0
6207,1
6210,1
6211,1
6216,4
6218,1
6222,4
6229,1
6232,3
6233,5
6234,0
6235,5
6238,1
6243,3
6246,1
6248,1
6267,1
6280,0
6298,1
6309,1
6313,2
6316,1
6322,0
6324,2
6331,1
6337,2
6355,1
6361,1
6366,3
6367,1
6374,0
6377,3
6379,0
6381,3
6382,4
6389,1
6395,1
6400,1
6401,0
6402,2
6405,5
6407,0
6412,1
6414,2
6416,0
6419,1
6425,1
6427,1
6431,5
6437,1
6439,1
6445,5
6450,4
6452,3
6457,0
6460,3
6462,5
6464,5
6473,0
6486,3
6497,0
6521,0
6527,1
6532,1
6533,3
6534,3
6555,1
6557,4
6564,5
6566,1
6568,5
6588,1
6592,0
6609,2
6610,3
6612,1
6618,4
6619,0
6621,1
6630,1
6649,0
6655,0
6667,-1
6671,0
6680,3
6686,5
6687,1
6688,4
6689,1
6701,0
6704,1
6705,0
6707,0
6708,5
6709,0
6712,1
6716,1
6717,5
6722,2
6723,0
6725,0
6731,0
6732,4
6733,0
6734,3
6737,-1
6740,1
6748,-1
6752,1
6757,2
6761,4
6772,1
6774,1
6783,4
6784,0
6785,1
6789,1
6791,5
6792,0
6794,3
6796,0
6797,-1
6798,0
6799,5
6808,-1
6809,4
6814,4
6816,1
6818,1
6821,5
6822,4
6824,3
6827,0
6829,0
6833,4
6846,0
6850,1
6854,4
6856,-1
6862,0
6877,0
6888,5
6892,1
6918,3
6919,5
6925,1
6934,0
6946,-1
6967,5
6980,3
6983,0
6986,0
7009,4
7013,4
7018,1
7020,1
7021,2
7026,4
7027,1
7028,4
7029,3
7030,5
7031,5
7033,1
7034,1
7036,3
7037,5
7038,2
7039,1
7040,1
7041,0
7043,1
7044,4
7045,0
7050,5
7052,0
7054,4
7055,1
7057,5
7058,1
7059,1
7064,4
7069,0
7070,1
7071,5
7074,1
7076,1
7077,4
7078,2
7081,1
7082,2
7084,5
7085,0
7086,1
7094,1
7096,1
7120,1
7121,1
7128,1
7131,3
7134,3
7135,0
7141,3
7148,3
7151,1
7154,1
7156,1
7159,1
7163,4
7167,1
7172,1
7175,4
7181,3
7182,1
7185,3
7190,1
7194,0
7196,2
7199,0
7203,1
7204,3
7207,1
7211,1
7216,1
7217,4
7218,1
7227,0
7228,4
7237,1
7240,0
7246,4
7251,1
7252,1
7253,4
7254,0
7258,5
7259,3
7261,1
7269,1
7285,5
7287,1
7288,1
7291,1
7296,5
7297,1
7300,1
7304,5
7306,1
7312,4
7314,1
7315,1
7322,1
7326,1
7328,0
7339,1
7349,4
7359,5
7362,4
7369,4
7370,2
7376,4
7377,4
7378,3
7379,0
7414,0
7418,5
7428,0
7444,0
7476,-1
7484,1
7493,3
7500,1
7506,0
7507,3
7511,2
7518,0
7525,1
7527,1
7532,0
7535,1
7538,-1
7541,3
7547,2
7554,1
7560,1
7564,2
7577,1
7586,4
7591,1
7596,0
7598,3
7614,4
7618,1
7620,1
7621,1
7638,2
7642,3
7655,1
7657,0
7676,0
7684,5
7685,1
7689,1
7693,1
7694,3
7695,1
7698,0
7699,1
7700,-1
7701,0
7705,1
7706,1
7707,1
7708,3
7710,3
7727,1
7730,5
7731,1
7737,1
7739,5
7742,2
7766,0
7771,4
7772,1
7777,5
7780,1
7782,0
7799,0
7803,1
7807,4
7808,4
7809,5
7810,0
7812,1
7816,1
7817,0
7818,3
7819,1
7820,4
7822,1
7826,1
7835,5
7839,-1
7841,1
7845,0
7846,5
7847,0
7850,1
7851,1
7853,1
7856,5
7859,0
7873,1
7875,0
7883,0
7885,0
7887,1
7895,-1
7897,3
7899,4
7902,5
7907,4
7908,1
7910,-1
7920,1
7923,-1
7930,1
7934,1
7935,5
7936,1
7950,5
7955,5
7965,4
7969,5
7972,1
7976,-1
7984,1
8004,0
8005,1
8006,1
8015,1
8020,1
8021,0
8022,5
8026,5
8035,-1
8038,2
8040,5
8041,-1
8051,1
8054,0
8063,1
8073,3
8076,3
8078,4
8080,1
8107,0
8113,5
8116,1
8118,5
8120,4
8123,5
8127,5
8137,1
8155,4
8160,0
8161,1
8169,1
8184,1
8189,1
8194,1
8195,5
8196,2
8197,1
8201,1
8205,1
8208,5
8209,1
8211,1
8218,4
8236,4
8240,1
8242,-1
8244,5
8254,1
8255,1
8264,4
8269,0
8271,-1
8278,0
8281,1
8288,4
8290,5
8293,1
8296,1
8299,1
8303,0
8304,1
8317,4
8323,5
8324,0
8329,0
8330,4
8333,5
8334,0
8335,-1
8345,1
8350,1
8355,1
8364,0
8366,3
8367,5
8372,1
8373,5
8387,1
8389,3
8391,0
8393,1
8394,1
8395,1
8396,2
8408,0
8412,5
8413,1
8416,0
8418,0
8422,1
8423,1
8426,5
8432,0
8434,5
8436,5
8437,0
8438,1
8439,5
8442,5
8443,0
8456,1
8463,1
8464,0
8474,-1
8476,5
8482,2
8485,5
8495,5
8500,5
8514,5
8519,5
8527,0
8528,0
8530,5
8531,5
8534,5
8536,0
8537,3
8538,1
8540,4
8544,5
8548,0
8550,3
8551,1
8552,1
8556,1
8558,1
8560,5
8562,3
8565,1
8566,0
8567,1
8569,1
8570,4
8571,5
8572,1
8573,0
8579,-1
8580,1
8581,1
8584,4
8586,0
8587,4
8588,1
8595,1
8597,4
8598,0
8599,1
8607,1
8610,1
8611,5
8614,1
8616,0
8617,5
8619,5
8623,0
8628,1
8633,5
8634,2
8635,4
8636,1
8637,1
8638,2
8641,1
8642,1
8643,3
8645,5
8649,4
8650,5
8655,5
8659,1
8662,3
8663,5
8664,4
8665,-1
8668,4
8669,3
8670,1
8671,1
8681,1
8688,0
8690,-1
8692,1
8693,2
8696,3
8699,3
8702,0
8707,5
8708,-1
8713,0
8714,2
8716,0
8717,1
8720,2
8721,-1
8722,1
8728,4
8730,0
8734,4
8735,1
8738,4
8740,1
8742,1
8748,5
8750,4
8761,3
8768,0
8769,5
8770,5
8771,3
8779,1
8783,5
8784,4
8786,3
8790,0
8793,-1
8794,-1
8797,1
8799,0
8803,2
8804,1
8808,-1
8813,0
8815,0
8816,0
8818,4
8822,5
8830,0
8838,2
8841,5
8843,5
8846,4
8847,4
8863,0
8876,4
8878,-1
8880,0
8881,4
8882,0
8897,3
8901,1
8903,4
8904,4
8909,1
8912,0
8913,4
8914,1
8915,1
8918,1
8920,1
8922,1
8924,0
8925,1
8927,5
8928,2
8929,3
8933,5
8937,2
8938,1
8941,4
8945,1
8947,3
8948,2
8950,0
8951,1
8953,1
8955,1
8956,4
8958,4
8959,4
8960,-1
8961,1
8966,4
8967,-1
8969,5
8970,3
8972,1
8975,4
8976,0
8986,1
8987,4
8988,4
8989,0
8993,1
8994,0
8995,1
8997,1
8998,0
8999,4
9000,1
9001,4
9002,0
9003,-1
9006,5
9008,3
9012,0
9013,1
9018,5
9019,-1
9020,1
9021,0
9026,1
9028,3
9031,0
9032,1
9033,4
9036,1
9037,5
9041,4
9046,1
9049,0
9051,-1
9052,0
9055,0
9057,3
9062,5
9063,3
9064,4
9073,4
9074,0
9077,0
9078,5
9079,5
9080,1
9087,5
9088,4
9092,0
9097,1
9098,5
9099,1
9100,5
9101,4
9102,4
9103,0
9104,-1
9106,0
9107,2
9113,1
9115,1
9116,4
9120,-1
9122,0
9123,5
9124,0
9125,1
9126,0
9130,4
9138,1
9140,3
9145,1
9146,0
9147,0
9149,0
9152,1
9155,1
9159,0
9161,3
9165,3
9167,4
9168,1
9170,1
9172,1
9173,1
9174,0
9178,1
9179,1
9181,1
9183,2
9184,4
9186,0
9187,-1
9188,4
9189,4
9194,0
9196,1
9203,1
9204,3
9209,0
9211,1
9216,3
9218,1
9219,3
9227,0
9229,1
9231,4
9236,0
9237,3
9238,-1
9241,0
9242,5
9244,5
9245,0
9247,5
9251,1
9256,0
9258,1
9260,3
9262,1
9265,1
9266,0
9269,1
9270,1
9275,3
9278,4
9281,1
9283,0
9284,1
9285,-1
9286,1
9291,-1
9293,4
9301,4
9302,1
9304,4
9306,1
9311,0
9313,5
9314,3
9315,4
9316,2
9318,-1
9319,1
9320,3
9321,3
9322,0
9324,5
9326,3
9327,1
9328,1
9330,0
9335,1
9336,0
9339,1
9340,0
9341,4
9342,4
9343,1
9346,4
9347,5
9349,1
9350,5
9352,4
9354,0
9355,1
9356,-1
9358,0
9359,3
9363,4
9365,4
9369,5
9371,0
9372,0
9374,3
9376,5
9379,0
9380,1
9381,0
9385,1
9387,1
9391,1
9394,1
9396,1
9397,5
9400,-1
9401,3
9403,2
9406,1
9409,2
9415,3
9417,1
9420,1
9422,5
9424,0
9428,-1
9429,1
9430,1
9432,5
9434,4
9437,0
9438,4
9440,1
9442,1
9445,4
9449,2
9453,1
9454,0
9456,0
9458,5
9463,1
9466,1
9469,5
9470,0
9473,1
9479,1
9480,4
9481,1
9482,1
9486,1
9489,1
9494,4
9502,1
9506,1
9512,0
9513,4
9518,2
9521,2
9522,2
9523,1
9525,0
9530,4
9533,4
9537,5
9541,2
9550,1
9551,3
9556,4
9560,3
9564,0
9566,4
9574,5
9577,5
9580,1
9585,5
9591,0
9593,0
9596,1
9604,1
9606,-1
9607,5
9608,5
9622,0
9626,5
9633,-1
9634,-1
9636,3
9638,3
9640,1
9641,4
9645,1
9650,0
9651,0
9654,5
9658,4
9661,3
9690,1
9692,1
9697,1
9701,5
9703,1
9719,1
9720,4
9721,1
9728,4
9729,1
9731,-1
9732,1
9733,1
9738,0
9750,4
9755,4
9768,1
9779,-1
9783,4
9786,1
9792,1
9793,5
9794,0
9798,0
9801,5
9812,4
9816,4
9825,4
9827,2
9830,0
9834,0
9847,0
9849,1
9850,4
9858,4
9863,0
9864,2
9867,1
9869,1
9870,1
9874,5
9877,4
9879,5
9880,1
9882,1
9883,5
9884,1
9885,1
9886,5
9887,0
9888,5
9891,1
9892,1
9895,0
9896,0
9897,5
9899,1
9905,1
9906,0
9908,5
9911,2
9912,1
9914,1
9915,1
9919,4
9921,3
9923,1
9930,0
9938,1
9949,1
9950,5
9954,4
9955,4
9974,4
9985,2
9986,3
9987,-1
9990,3
9996,1
10005,1
10006,1
10012,0
10021,1
10035,1
10054,1
10055,4
10071,4
10074,1
10077,4
10079,3
10084,1
10087,5
10089,1
10092,5
10094,4
10096,1
10100,1
10102,4
10104,0
10107,0
10109,1
10116,4
10118,2
10133,1
10134,0
10136,4
10138,1
10141,5
10151,1
10156,0
10157,0
10158,0
10165,5
10166,1
10174,1
10177,4
10181,0
10183,-1
10184,5
10189,1
10191,0
10194,5
10196,2
10200,1
10202,1
10204,0
10207,0
10208,1
10209,2
10217,4
10219,0
10220,1
10221,5
10227,2
10230,5
10233,5
10236,5
10238,1
10246,1
10251,1
10253,4
10255,4
10260,3
10261,1
10263,2
10265,5
10266,5
10269,1
10271,1
10275,0
10277,1
10280,1
10285,5
10288,5
10290,2
10291,3
10292,4
10294,1
10296,3
10302,3
10312,1
10348,4
10357,4
10373,1
10385,4
10388,0
10391,3
10394,3
10397,5
10398,4
10405,4
10414,5
10420,1
10421,1
10430,1
10431,3
10434,1
10439,3
10441,4
10442,5
10443,4
10444,0
10446,4
10452,5
10460,2
10461,5
10466,1
10467,4
10469,1
10470,0
10471,2
10473,4
10475,0
10478,4
10480,5
10484,4
10485,3
10486,5
10487,0
10488,0
10490,2
10492,1
10493,5
10497,4
10503,1
10504,5
10507,4
10511,5
10512,0
10514,1
10515,0
10519,1
10522,1
10526,1
10532,4
10534,0
10536,1
10541,-1
10543,4
10544,5
10547,5
10552,0
10562,1
10563,5
10564,3
10567,1
10570,5
10575,0
10580,0
10581,1
10582,1
10584,3
10586,5
10587,3
10588,5
10589,0
10590,4
10597,3
10599,1
10607,1
10616,5
10621,1
10625,0
10629,1
10632,2
10636,4
10638,1
10640,0
10641,0
10642,3
10645,5
10647,4
10650,1
10652,4
10656,1
10659,1
10661,0
10662,4
10664,1
10666,0
10671,1
10673,0
10678,4
10681,4
10682,1
10683,5
10684,5
10690,0
10692,0
10693,3
10696,1
10701,0
10702,5
10707,1
10708,1
10712,2
10713,2
10718,4
10720,0
10722,4
10723,0
10724,1
10725,-1
10726,0
10727,0
10733,1
10734,1
10738,1
10739,0
10743,1
10744,5
10745,1
10748,2
10750,4
10751,4
10755,0
10756,1
10757,-1
10759,4
10763,1
10764,0
10765,1
10767,4
10769,4
10770,0
10771,5
10776,-1
10777,1
10779,4
10783,1
10785,1
10793,4
10797,5
10799,5
10800,0
10801,1
10802,3
10804,5
10805,1
10807,4
10808,4
10809,1
10810,3
10811,4
10814,5
10819,-1
10820,0
10822,4
10823,4
10824,1
10825,1
10826,1
10827,1
10830,1
10833,4
10834,5
10835,5
10836,4
10844,5
10846,3
10847,1
10848,0
10850,5
10851,-1
10854,0
10855,0
10856,1
10858,4
10860,5
10863,-1
10864,1
10865,3
10869,1
10870,4
10871,-1
10873,5
10879,4
10881,5
10882,1
10883,1
10887,5
10889,0
10893,0
10896,3
10897,0
10900,1
10903,0
10904,0
10906,4
10915,1
10918,4
10919,1
10920,5
10922,1
10923,0
10924,1
10925,0
10927,1
10929,4
10930,4
10932,5
10936,5
10937,5
10938,3
10942,5
10948,3
10949,4
10950,1
10951,3
10953,1
10956,1
10958,-1
10959,1
10960,1
10961,1
10962,5
10963,3
10964,1
10969,1
10974,5
10976,5
10978,1
10984,2
10986,5
10987,3
10988,1
10989,1
10992,4
10997,4
10999,5
11001,4
11003,1
11005,1
11007,3
11009,5
11011,0
11012,1
11016,0
11017,1
11023,4
11026,0
11031,0
11032,-1
11033,4
11034,0
11035,-1
11039,4
11041,4
11042,4
11043,3
11044,4
11045,1
11046,5
11048,1
11049,5
11051,2
11052,1
11053,4
11054,-1
11055,3
11058,5
11064,4
11065,-1
11069,3
11092,4
11094,0
11107,1
11111,1
11116,0
11123,0
11125,1
11129,5
11132,1
11136,5
11138,1
11143,-1
11144,5
11152,-1
11154,3
11155,0
11158,5
11160,1
11162,0
11163,5
11164,0
11168,5
11172,4
11173,0
11176,3
11182,0
11184,-1
11197,4
11199,-1
11200,4
11201,1
11204,4
11206,5
11210,5
11211,1
11212,1
11213,4
11219,4
11220,0
11221,4
11222,4
11228,0
11230,1
11231,4
11234,4
11238,1
11239,1
11241,5
11242,0
11246,1
11247,0
11248,0
11250,1
11252,0
11255,0
11258,0
11259,1
11268,1
11273,2
11274,1
11275,0
11279,0
11284,1
11296,-1
11297,4
11302,5
11309,1
11310,5
11317,4
11318,0
11319,1
11323,1
11324,1
11326,-1
11328,5
11330,4
11331,0
11333,1
11336,1
11338,1
11340,1
11341,-1
11342,5
11344,4
11345,1
11346,5
11347,1
11351,4
11354,0
11363,4
11366,1
11368,1
11370,0
11374,1
11375,1
11378,0
11381,-1
11388,0
11389,4
11390,1
11394,1
11398,4
11399,1
11401,3
11402,3
11403,1
11404,1
11405,1
11407,0
11411,5
11416,-1
11417,0
11419,3
11421,-1
11424,1
11426,1
11427,4
11429,4
11431,1
11433,-1
11434,1
11435,3
11437,5
11439,5
11441,2
11443,0
11445,1
11446,1
11451,0
11457,1
11458,1
11462,0
11468,5
11471,1
11476,3
11478,5
11481,0
11484,2
11485,1
11486,1
11488,1
11491,4
11493,1
11496,-1
11497,5
11504,1
11508,5
11510,-1
11511,4
11515,1
11518,1
11519,1
11521,-1
11525,4
11527,4
11532,2
11534,2
11538,0
11540,-1
11545,1
11549,0
11550,1
11554,1
11555,1
11558,3
11559,-1
11563,-1
11564,1
11567,5
11569,1
11573,5
11576,2
11582,4
11586,4
11590,0
11597,1
11601,4
11608,0
11609,1
11616,4
11618,0
11620,0
11621,5
11622,1
11624,1
11625,1
11630,-1
11631,5
11632,1
11637,1
11640,-1
11641,4
11643,0
11645,1
11646,4
11649,1
11651,5
11656,5
11662,4
11664,5
11694,4
11699,-1
11701,-1
11709,1
11712,3
11722,5
11724,5
11728,1
11751,1
11752,0
11754,1
11760,5
11763,5
11772,1
11773,5
11775,4
11779,0
11781,2
11782,1
11784,2
11785,1
11788,4
11789,5
11791,1
11792,1
11793,1
11805,1
11809,1
11810,4
11811,5
11812,1
11813,2
11814,0
11815,0
11817,4
11818,3
11821,0
11824,1
11825,0
11826,4
11834,0
11841,0
11843,0
11848,3
11849,0
11850,-1
11851,4
11855,-1
11856,2
11860,5
11877,4
11878,1
11880,1
11882,0
11883,2
11884,1
11885,3
11886,1
11889,1
11892,0
11893,1
11898,5
11908,1
11912,1
11914,1
11917,1
11921,0
11922,5
11924,0
11929,0
11931,-1
11932,5
11933,4
11934,3
11942,5
11949,4
11950,2
11951,5
11952,0
11953,1
11960,4
11961,1
11962,4
11963,1
11966,5
11967,1
11971,1
11973,1
11977,-1
11981,0
11984,2
11987,1
11988,1
11990,3
11991,4
11996,5
12000,3
12001,1
12006,0
12007,0
12008,5
12009,1
12010,1
12011,0
12012,1
12013,5
12014,1
12015,5
12016,4
12017,1
12023,0
12024,1
12028,1
12033,1
12042,1
12045,1
12047,5
12049,0
12050,3
12055,1
12056,5
12057,1
12058,3
12061,1
12063,-1
12064,5
12065,1
12067,1
12068,5
12069,5
12072,1
12073,3
12076,1
12077,3
12078,1
12079,1
12081,5
12085,-1
12089,-1
12090,0
12091,1
12092,-1
12093,1
12094,1
12095,5
12097,1
12098,4
12101,5
12105,2
12107,1
12112,5
12116,1
12117,5
12118,5
12120,1
12122,1
12123,5
12126,-1
12131,0
12138,1
12142,4
12150,0
12151,0
12157,1
12161,4
12163,4
12164,4
12166,1
12168,1
12170,1
12171,1
12172,5
12173,-1
12174,2
12175,4
12177,0
12178,1
12179,4
12180,5
12182,4
12183,1
12186,1
12187,5
12189,4
12190,0
12191,3
12192,1
12193,1
12195,4
12196,1
12197,1
12198,0
12199,5
12200,3
12201,3
12202,-1
12203,2
12207,0
12208,1
12209,4
12210,3
12211,5
12214,4
12216,5
12220,5
12221,1
12223,1
12225,4
12226,4
12229,1
12230,1
12231,1
12232,1
12233,0
12234,5
12235,0
12236,5
12237,4
12238,4
12239,5
12243,-1
12244,4
12246,0
12248,1
12249,0
12250,4
12252,1
12253,2
12254,4
12255,-1
12265,0
12266,1
12267,4
12269,1
12271,0
12273,5
12274,5
12277,1
12281,4
12283,4
12286,1
12287,1
12294,4
12295,3
12318,1
12324,5
12325,1
12326,2
12328,1
12329,1
12332,1
12352,1
12354,2
12360,5
12366,1
12368,0
12372,-1
12378,1
12379,1
12381,1
12385,1
12387,-1
12391,3
12392,4
12396,-1
12397,1
12398,0
12403,5
12408,1
12410,1
12417,1
12421,2
12423,4
12425,4
12427,5
12430,1
12432,1
12434,5
12435,2
12436,1
12437,5
12441,3
12442,4
12443,4
12448,4
12449,1
12450,0
12458,0
12459,2
12462,0
12467,3
12471,5
12474,2
12482,1
12491,1
12492,1
12493,4
12495,0
12496,1
12500,0
12502,2
12503,0
12505,1
12507,3
12514,-1
12515,5
12517,3
12518,0
12523,5
12525,5
12526,5
12527,1
12533,5
12534,5
12539,4
12540,1
12542,1
12543,3
12546,2
12548,1
12549,0
12550,5
12551,1
12552,2
12554,4
12556,4
12560,4
12561,1
12562,5
12564,3
12568,5
12573,1
12579,3
12580,0
12583,4
12585,3
12586,0
12588,5
12589,0
12590,5
12594,0
12595,5
12596,1
12597,4
12598,-1
12605,4
12607,0
12610,1
12613,1
12616,0
12618,-1
12622,0
12623,0
12626,1
12629,-1
12633,1
12634,5
12637,2
12642,0
12645,1
12650,-1
12655,3
12658,5
12659,1
12670,5
12677,4
12683,1
12686,2
12689,-1
12690,1
12692,-1
12695,1
12696,4
12698,4
12699,5
12701,1
12702,-1
12703,0
12706,4
12707,5
12708,1
12709,1
12710,4
12711,-1
12712,5
12713,3
12714,1
12716,-1
12717,1
12719,0
12720,0
12721,4
12722,1
12723,4
12724,1
12726,0
12727,5
12728,4
12729,1
12730,1
12733,1
12735,4
12736,4
12737,1
12738,-1
12739,1
12743,4
12744,5
12745,3
12746,5
12747,1
12750,3
12754,5
12756,5
12757,5
12758,4
12759,1
12761,0
12763,1
12766,0
12767,1
12768,1
12769,0
12773,4
12776,3
12778,4
12780,1
12782,1
12783,1
12785,0
12791,1
12794,0
12796,1
12801,-1
12803,0
12808,0
12810,1
12812,0
12815,-1
12817,1
12819,3
12820,0
12821,4
12822,1
12823,5
12824,-1
12825,0
12827,1
12828,1
12829,4
12830,5
12831,1
12833,4
12837,4
12839,0
12841,4
12842,-1
12844,5
12845,1
12849,5
12850,0
12852,0
12873,4
12883,3
12888,5
12889,5
12903,4
12904,1
12906,2
12907,1
12908,4
12909,1
12910,-1
12911,1
12916,0
12918,1
12920,4
12921,-1
12922,3
12926,1
12930,5
12932,0
12933,0
12934,5
12942,2
12944,4
12945,5
12946,1
12950,4
12953,4
12954,4
12955,4
12958,0
12960,4
12961,0
12962,3
12963,3
12964,4
12966,5
12968,0
12972,0
12976,5
12980,1
12982,5
12991,3
12992,4
12994,1
12995,1
12997,5
13004,1
13007,1
13015,0
13018,1
13019,5
13021,1
13024,4
13026,1
13028,0
13034,1
13035,1
13040,4
13041,4
13046,1
13051,4
13052,1
13053,1
13059,5
13063,3
13064,0
13066,4
13072,-1
13074,1
13075,4
13076,5
13077,1
13078,1
13080,1
13081,5
13090,3
13094,1
13103,0
13107,5
13111,1
13115,4
13116,1
13118,1
13120,1
13121,0
13122,4
13123,5
13124,5
13125,3
13127,-1
13128,1
13130,1
13131,1
13132,3
13134,4
13135,1
13136,4
13138,1
13143,1
13145,0
13147,1
13148,4
13152,1
13154,4
13156,4
13158,1
13164,5
13175,0
13179,1
13188,5
13189,1
13191,4
13192,1
13193,-1
13194,4
13195,1
13196,1
13202,5
13206,5
13208,2
13209,3
13210,1
13211,3
13212,5
13213,1
13215,4
13216,0
13221,-1
13222,0
13224,-1
13225,1
13241,4
13242,-1
13243,1
13249,-1
13253,0
13254,1
13255,4
13256,4
13257,0
13259,1
13260,1
13262,1
13263,5
13264,1
13266,0
13267,4
13269,1
13270,0
13276,1
13277,4
13279,5
13283,-1
13285,0
13289,0
13291,0
13293,3
13295,0
13297,-1
13301,1
13306,4
13307,5
13308,5
13311,-1
13321,1
13323,-1
13324,1
13326,-1
13334,2
13335,5
13338,3
13347,-1
13348,1
13349,0
13358,5
13362,5
13368,3
13373,5
13379,5
13380,5
13381,4
13382,5
13383,3
13384,4
13387,5
13388,5
13389,0
13390,-1
13399,-1
13400,4
13401,5
13403,1
13409,1
13417,4
13427,1
13429,5
13436,2
13444,0
13445,1
13446,1
13447,3
13450,-1
13455,1
13456,4
13457,2
13458,2
13459,1
13460,5
13462,1
13463,1
13465,4
13467,0
13468,0
13469,5
13471,1
13473,5
13474,1
13477,3
13479,1
13480,3
13481,3
13482,3
13483,5
13487,1
13488,4
13489,4
13492,0
13493,1
13494,4
13495,1
13496,1
13497,3
13498,0
13500,-1
13501,1
13502,4
13503,0
13505,5
13506,1
13507,1
13508,5
13509,4
13510,5
13511,4
13513,1
13514,1
13516,4
13518,1
13519,2
13521,4
13522,1
13523,3
13526,1
13527,5
13528,0
13530,0
13531,1
13533,5
13534,3
13537,0
13538,1
13539,1
13540,2
13542,0
13544,3
13545,5
13546,1
13547,1
13548,3
13549,0
13553,1
13556,1
13558,4
13559,0
13560,1
13561,1
13562,5
13564,5
13565,5
13567,1
13571,-1
13575,5
13603,1
13616,4
13623,4
13626,4
13630,5
13635,5
13636,1
13642,4
13653,0
13654,4
13656,1
13658,0
13662,-1
13665,4
13669,4
13670,3
13672,1
13676,1
13677,0
13682,5
13686,1
13687,1
13688,3
13689,1
13690,3
13691,0
13693,0
13694,2
13695,5
13696,0
13701,2
13702,5
13703,3
13704,-1
13707,1
13708,3
13712,1
13716,4
13717,5
13718,5
13719,0
13721,0
13722,5
13724,0
13725,1
13726,5
13727,4
13729,5
13730,1
13732,5
13734,3
13735,0
13736,5
13737,2
13738,4
13740,4
13746,1
13748,3
13751,1
13756,4
13760,1
13763,5
13764,1
13768,1
13769,5
13771,1
13774,3
13776,1
13780,5
13781,1
13782,5
13783,5
13794,2
13796,-1
13804,-1
13805,5
13808,5
13810,1
13812,1
13816,1
13817,4
13822,4
13826,5
13829,1
13831,4
13835,1
13837,0
13838,1
13839,5
13843,0
13844,1
13854,4
13861,1
13872,1
13876,0
13878,4
13882,1
13884,4
13889,1
13895,1
13897,4
13898,4
13902,5
13904,3
13907,-1
13909,1
13910,4
13915,1
13917,4
13919,0
13924,4
13929,1
13931,4
13936,1
13940,-1
13941,1
13944,0
13945,3
13947,4
13948,0
13951,5
13954,3
13955,1
13957,4
13960,5
13961,2
13964,4
13967,4
13968,1
13969,1
13970,1
13972,-1
13973,4
13974,4
13975,1
13976,1
13977,5
13978,1
13979,3
13980,1
13981,0
13982,5
13983,4
13984,1
13985,5
13986,1
13987,1
13989,1
13991,1
13992,0
13993,5
13994,-1
13995,4
13996,2
13997,4
13998,4
13999,0
14000,1
14001,4
14002,1
14004,0
14005,0
14007,4
14011,4
14017,5
14020,1
14023,3
14024,3
14026,1
14027,5
14029,5
14030,5
14034,5
14035,0
14036,4
14037,0
14038,5
14039,3
14056,-1
14070,1
14076,1
14082,1
14084,0
14087,5
14094,4
14097,5
14099,1
14104,2
14107,4
14108,5
14109,5
14110,4
14113,4
14114,0
14116,4
14119,5
14120,1
14121,3
14122,3
14123,5
14124,0
14134,5
14137,5
14139,-1
14140,5
14141,5
14143,-1
14144,5
14150,4
14155,1
14158,0
14161,4
14163,1
14166,5
14168,5
